[2025-02-25 00:37:56] local.INFO: select * from `users` where `id` = ? limit 1 [2] 
[2025-02-25 00:37:56] local.INFO: select sum(`current_occupancy`) as aggregate from `rooms`  
[2025-02-25 00:37:56] local.INFO: insert into `emergencies` (`emergency_type`, `description`, `reporting_phone`, `room_occupancy`, `reporting_user_id`, `school_occupancy`, `updated_at`, `created_at`) values (?, ?, ?, ?, ?, ?, ?, ?) ["Active Shooter","test","2132228427","12",2,"30","2025-02-25 00:37:56","2025-02-25 00:37:56"] 
[2025-02-25 00:37:56] local.INFO: select * from `rooms` where `room_number` = ? limit 1 ["102"] 
[2025-02-25 00:37:56] local.INFO: update `rooms` set `rooms`.`updated_at` = ? where `id` = ? ["2025-02-25 00:37:56",2] 
[2025-02-25 00:37:56] local.INFO: SMS API Response: HTTP 201 - {"id":"01JMX8KZ25ZJPMSEQVMNZ6JB4N","to":["12132228427"],"from":"19312230233","canceled":false,"body":"Emergency Alert: Active Shooter. Description: test.","type":"mt_text","created_at":"2025-02-25T00:37:56.421Z","modified_at":"2025-02-25T00:37:56.421Z","delivery_report":"none","expire_at":"2025-02-28T00:37:56.421Z","flash_message":false}  
[2025-02-25 00:37:56] local.INFO: select * from `users` where `id` = ? limit 1 [2] 
[2025-02-25 00:37:56] local.INFO: select * from `users` where `id` = ? limit 1 [2] 
[2025-02-25 00:37:56] local.INFO: select * from `school_infos` limit 1  
[2025-02-25 00:37:56] local.INFO: select count(*) as aggregate from `rooms` where `current_occupancy` > ? [0] 
[2025-02-25 00:37:56] local.INFO: select sum(`current_occupancy`) as aggregate from `rooms`  
[2025-02-25 00:37:56] local.INFO: select * from `rooms` where `room_number` = ? limit 1 ["102"] 
[2025-02-25 01:11:55] local.INFO: select * from `users` where `id` = ? limit 1 [2] 
[2025-02-25 01:11:55] local.INFO: 📌 Emergency Report Page Loaded  
[2025-02-25 01:11:55] local.INFO: select * from `school_infos` limit 1  
[2025-02-25 01:11:55] local.INFO: select * from `rooms`  
[2025-02-25 01:11:55] local.INFO: select * from `users` where `home_room` is not null  
[2025-02-25 01:11:55] local.INFO: select sum(`current_occupancy`) as aggregate from `rooms`  
[2025-02-25 01:11:55] local.INFO: select * from `rooms` where `room_number` = ? limit 1 ["102"] 
[2025-02-25 01:11:55] local.INFO: select count(*) as aggregate from `rooms` where `current_occupancy` > ? [0] 
[2025-02-25 01:12:29] local.INFO: select * from `users` where `id` = ? limit 1 [2] 
[2025-02-25 01:12:29] local.INFO: 🚨 Emergency Report Submission Started {"data":{"_token":"5mNO1dM8ACY2j9W4tiQwvrj6P2dAOvkdbuvgUxVs","emergency_type":"Active Shooter","reporting_phone":"2132228424","description":"test","room_occupancy":"12"}} 
[2025-02-25 01:12:29] local.INFO: ✔ Validation Passed {"validated":{"emergency_type":"Active Shooter","description":"test","reporting_phone":"2132228424","room_occupancy":"12"}} 
[2025-02-25 01:12:29] local.INFO: select sum(`current_occupancy`) as aggregate from `rooms`  
[2025-02-25 01:12:29] local.INFO: insert into `emergencies` (`emergency_type`, `description`, `reporting_phone`, `reporting_user_id`, `room_occupancy`, `school_occupancy`, `updated_at`, `created_at`) values (?, ?, ?, ?, ?, ?, ?, ?) ["Active Shooter","test","2132228424",2,"12","30","2025-02-25 01:12:29","2025-02-25 01:12:29"] 
[2025-02-25 01:12:29] local.INFO: ✅ Emergency Stored in DB {"emergency_id":5} 
[2025-02-25 01:12:29] local.INFO: select * from `rooms` where `room_number` = ? limit 1 ["102"] 
[2025-02-25 01:12:29] local.INFO: update `rooms` set `rooms`.`updated_at` = ? where `id` = ? ["2025-02-25 01:12:29",2] 
[2025-02-25 01:12:29] local.INFO: 🏠 Room Occupancy Updated {"room_id":"102","occupancy":"12"} 
[2025-02-25 01:12:29] local.INFO: 📲 Preparing to Send Emergency SMS  
[2025-02-25 01:12:29] local.INFO: 📡 Sending SMS to: 2132228424  
[2025-02-25 01:12:29] local.INFO: 📬 SMS API Response: HTTP 201 - {"id":"01JMXAK7C5T1J24NZRJD5F0EPR","to":["2132228424"],"from":"19312230233","canceled":false,"body":"\uD83D\uDEA8 Emergency Alert: Active Shooter. Details: test.","type":"mt_text","created_at":"2025-02-25T01:12:29.317Z","modified_at":"2025-02-25T01:12:29.317Z","delivery_report":"none","expire_at":"2025-02-28T01:12:29.317Z","flash_message":false}  
[2025-02-25 01:12:29] local.INFO: 📩 Emergency SMS Sent!  
[2025-02-25 01:12:29] local.INFO: select * from `users` where `id` = ? limit 1 [2] 
[2025-02-25 01:12:29] local.INFO: select * from `users` where `id` = ? limit 1 [2] 
[2025-02-25 01:12:29] local.INFO: select * from `school_infos` limit 1  
[2025-02-25 01:12:29] local.INFO: select count(*) as aggregate from `rooms` where `current_occupancy` > ? [0] 
[2025-02-25 01:12:29] local.INFO: select sum(`current_occupancy`) as aggregate from `rooms`  
[2025-02-25 01:12:29] local.INFO: select * from `rooms` where `room_number` = ? limit 1 ["102"] 
[2025-02-25 01:13:05] local.INFO: select * from `users` where `id` = ? limit 1 [2] 
[2025-02-25 01:13:05] local.INFO: 📌 Emergency Report Page Loaded  
[2025-02-25 01:13:05] local.INFO: select * from `school_infos` limit 1  
[2025-02-25 01:13:05] local.INFO: select * from `rooms`  
[2025-02-25 01:13:05] local.INFO: select * from `users` where `home_room` is not null  
[2025-02-25 01:13:05] local.INFO: select sum(`current_occupancy`) as aggregate from `rooms`  
[2025-02-25 01:13:05] local.INFO: select * from `rooms` where `room_number` = ? limit 1 ["102"] 
[2025-02-25 01:13:05] local.INFO: select count(*) as aggregate from `rooms` where `current_occupancy` > ? [0] 
[2025-02-25 01:30:17] local.INFO: select * from `users` where `users`.`id` = ? limit 1 [2] 
[2025-02-25 01:30:29] local.INFO: 🚨 Emergency Report Submission Started {"data":{"emergency_type":"Active Shooter","description":"Test from Tinker","reporting_phone":"12132228427","room_occupancy":5}} 
[2025-02-25 01:30:29] local.INFO: ✔ Validation Passed {"validated":{"emergency_type":"Active Shooter","description":"Test from Tinker","reporting_phone":"12132228427","room_occupancy":5}} 
[2025-02-25 01:30:29] local.INFO: select sum(`current_occupancy`) as aggregate from `rooms`  
[2025-02-25 01:30:29] local.INFO: insert into `emergencies` (`emergency_type`, `description`, `reporting_phone`, `reporting_user_id`, `room_occupancy`, `school_occupancy`, `updated_at`, `created_at`) values (?, ?, ?, ?, ?, ?, ?, ?) ["Active Shooter","Test from Tinker","12132228427",2,5,"30","2025-02-25 01:30:29","2025-02-25 01:30:29"] 
[2025-02-25 01:30:29] local.INFO: ✅ Emergency Stored in DB {"emergency_id":6} 
[2025-02-25 01:30:29] local.INFO: select * from `rooms` where `room_number` = ? limit 1 ["102"] 
[2025-02-25 01:30:29] local.INFO: update `rooms` set `current_occupancy` = ?, `rooms`.`updated_at` = ? where `id` = ? [5,"2025-02-25 01:30:29",2] 
[2025-02-25 01:30:29] local.INFO: 🏠 Room Occupancy Updated {"room_id":"102","occupancy":5} 
[2025-02-25 01:30:29] local.INFO: 📲 Preparing to Send Emergency SMS  
[2025-02-25 01:30:29] local.INFO: 📡 Sending SMS to: 12132228427  
[2025-02-25 01:30:29] local.INFO: 📬 SMS API Response: HTTP 201 - {"id":"01JMXBM5YKSESY025GEHT3YX3V","to":["12132228427"],"from":"19312230233","canceled":false,"body":"\uD83D\uDEA8 Emergency Alert: Active Shooter. Details: Test from Tinker.","type":"mt_text","created_at":"2025-02-25T01:30:29.203Z","modified_at":"2025-02-25T01:30:29.203Z","delivery_report":"none","expire_at":"2025-02-28T01:30:29.203Z","flash_message":false}  
[2025-02-25 01:30:29] local.INFO: 📩 Emergency SMS Sent!  
[2025-02-25 01:36:13] local.INFO: select * from `users` where `id` = ? limit 1 [2] 
[2025-02-25 01:36:13] local.INFO: 🚨 Emergency Report Submission Started {"data":{"_token":"5mNO1dM8ACY2j9W4tiQwvrj6P2dAOvkdbuvgUxVs","emergency_type":"Active Shooter","reporting_phone":"Unknown","description":"test11","room_occupancy":"12"}} 
[2025-02-25 01:36:13] local.INFO: ✔ Validation Passed {"validated":{"emergency_type":"Active Shooter","description":"test11","reporting_phone":"Unknown","room_occupancy":"12"}} 
[2025-02-25 01:36:13] local.INFO: select sum(`current_occupancy`) as aggregate from `rooms`  
[2025-02-25 01:36:13] local.INFO: insert into `emergencies` (`emergency_type`, `description`, `reporting_phone`, `reporting_user_id`, `room_occupancy`, `school_occupancy`, `updated_at`, `created_at`) values (?, ?, ?, ?, ?, ?, ?, ?) ["Active Shooter","test11","Unknown",2,"12","23","2025-02-25 01:36:13","2025-02-25 01:36:13"] 
[2025-02-25 01:36:13] local.INFO: ✅ Emergency Stored in DB {"emergency_id":7} 
[2025-02-25 01:36:13] local.INFO: select * from `rooms` where `room_number` = ? limit 1 ["102"] 
[2025-02-25 01:36:13] local.INFO: update `rooms` set `current_occupancy` = ?, `rooms`.`updated_at` = ? where `id` = ? ["12","2025-02-25 01:36:13",2] 
[2025-02-25 01:36:13] local.INFO: 🏠 Room Occupancy Updated {"room_id":"102","occupancy":"12"} 
[2025-02-25 01:36:13] local.INFO: 📲 Preparing to Send Emergency SMS  
[2025-02-25 01:36:13] local.INFO: 📡 Sending SMS to: Unknown  
[2025-02-25 01:36:13] local.INFO: 📬 SMS API Response: HTTP 400 - {"code":"syntax_invalid_parameter_format","text":"The format of parameter 'to[0]' is invalid; value '1' is not a valid MSISDN or group ID."}  
[2025-02-25 01:36:13] local.ERROR: 🚫 Emergency SMS Failed to Send  
[2025-02-25 01:36:13] local.INFO: select * from `users` where `id` = ? limit 1 [2] 
[2025-02-25 01:36:13] local.INFO: select * from `users` where `id` = ? limit 1 [2] 
[2025-02-25 01:36:13] local.INFO: select * from `school_infos` limit 1  
[2025-02-25 01:36:13] local.INFO: select count(*) as aggregate from `rooms` where `current_occupancy` > ? [0] 
[2025-02-25 01:36:13] local.INFO: select sum(`current_occupancy`) as aggregate from `rooms`  
[2025-02-25 01:36:13] local.INFO: select * from `rooms` where `room_number` = ? limit 1 ["102"] 
[2025-02-25 01:53:55] local.INFO: select * from `users` where `id` = ? limit 1 [2] 
[2025-02-25 01:53:55] local.INFO: 📌 Emergency Report Page Loaded  
[2025-02-25 01:53:55] local.INFO: select * from `school_infos` limit 1  
[2025-02-25 01:53:55] local.INFO: select * from `rooms`  
[2025-02-25 01:53:55] local.INFO: select * from `users` where `home_room` is not null  
[2025-02-25 01:53:55] local.INFO: select sum(`current_occupancy`) as aggregate from `rooms`  
[2025-02-25 01:53:55] local.INFO: select * from `rooms` where `room_number` = ? limit 1 ["102"] 
[2025-02-25 01:53:55] local.INFO: select count(*) as aggregate from `rooms` where `current_occupancy` > ? [0] 
[2025-02-25 01:54:18] local.INFO: select * from `users` where `id` = ? limit 1 [2] 
[2025-02-25 01:54:18] local.INFO: 📌 Emergency Report Page Loaded  
[2025-02-25 01:54:18] local.INFO: select * from `school_infos` limit 1  
[2025-02-25 01:54:18] local.INFO: select * from `rooms`  
[2025-02-25 01:54:18] local.INFO: select * from `users` where `home_room` is not null  
[2025-02-25 01:54:18] local.INFO: select sum(`current_occupancy`) as aggregate from `rooms`  
[2025-02-25 01:54:18] local.INFO: select * from `rooms` where `room_number` = ? limit 1 ["102"] 
[2025-02-25 01:54:18] local.INFO: select count(*) as aggregate from `rooms` where `current_occupancy` > ? [0] 
[2025-02-25 01:54:31] local.INFO: select * from `users` where `id` = ? limit 1 [2] 
[2025-02-25 01:54:31] local.INFO: 🚨 Emergency Report Submission Started {"data":{"_token":"5mNO1dM8ACY2j9W4tiQwvrj6P2dAOvkdbuvgUxVs","emergency_type":"Active Shooter","reporting_phone":"2132228427","description":"asfd 11","room_occupancy":"12"}} 
[2025-02-25 01:54:31] local.INFO: ✔ Validation Passed {"validated":{"emergency_type":"Active Shooter","description":"asfd 11","reporting_phone":"2132228427","room_occupancy":"12"}} 
[2025-02-25 01:54:31] local.INFO: select sum(`current_occupancy`) as aggregate from `rooms`  
[2025-02-25 01:54:31] local.INFO: insert into `emergencies` (`emergency_type`, `description`, `reporting_phone`, `reporting_user_id`, `room_occupancy`, `school_occupancy`, `updated_at`, `created_at`) values (?, ?, ?, ?, ?, ?, ?, ?) ["Active Shooter","asfd 11","2132228427",2,"12","30","2025-02-25 01:54:31","2025-02-25 01:54:31"] 
[2025-02-25 01:54:31] local.INFO: ✅ Emergency Stored in DB {"emergency_id":8} 
[2025-02-25 01:54:31] local.INFO: select * from `rooms` where `room_number` = ? limit 1 ["102"] 
[2025-02-25 01:54:31] local.INFO: update `rooms` set `rooms`.`updated_at` = ? where `id` = ? ["2025-02-25 01:54:31",2] 
[2025-02-25 01:54:31] local.INFO: 🏠 Room Occupancy Updated {"room_id":"102","occupancy":"12"} 
[2025-02-25 01:54:31] local.INFO: 📲 Preparing to Send Emergency SMS  
[2025-02-25 01:54:31] local.INFO: 📡 Sending SMS to: 2132228427  
[2025-02-25 01:54:31] local.INFO: 📬 SMS API Response: HTTP 201 - {"id":"01JMXD06MRQ38886EYV2MDMFDJ","to":["2132228427"],"from":"19312230233","canceled":false,"body":"\uD83D\uDEA8 Emergency Alert: Active Shooter. Details: asfd 11.","type":"mt_text","created_at":"2025-02-25T01:54:31.704Z","modified_at":"2025-02-25T01:54:31.704Z","delivery_report":"none","expire_at":"2025-02-28T01:54:31.704Z","flash_message":false}  
[2025-02-25 01:54:31] local.INFO: 📩 Emergency SMS Sent Successfully!  
[2025-02-25 01:54:31] local.INFO: select * from `users` where `id` = ? limit 1 [2] 
[2025-02-25 01:54:31] local.INFO: select * from `users` where `id` = ? limit 1 [2] 
[2025-02-25 01:54:31] local.INFO: select * from `school_infos` limit 1  
[2025-02-25 01:54:31] local.INFO: select count(*) as aggregate from `rooms` where `current_occupancy` > ? [0] 
[2025-02-25 01:54:31] local.INFO: select sum(`current_occupancy`) as aggregate from `rooms`  
[2025-02-25 01:54:31] local.INFO: select * from `rooms` where `room_number` = ? limit 1 ["102"] 
[2025-02-25 11:57:56] local.INFO: select * from `users` where `id` = ? limit 1 [2] 
[2025-02-25 11:57:56] local.INFO: 🚨 Emergency Report Submission Started {"data":{"emergency_type":"Active Shooter","description":"Test from Tinker","reporting_phone":"12132228427","room_occupancy":5}} 
[2025-02-25 11:57:56] local.INFO: ✔ Validation Passed {"validated":{"emergency_type":"Active Shooter","description":"Test from Tinker","reporting_phone":"12132228427","room_occupancy":5}} 
[2025-02-25 11:57:56] local.INFO: select sum(`current_occupancy`) as aggregate from `rooms`  
[2025-02-25 11:57:56] local.INFO: insert into `emergencies` (`emergency_type`, `description`, `reporting_phone`, `reporting_user_id`, `room_occupancy`, `school_occupancy`, `updated_at`, `created_at`) values (?, ?, ?, ?, ?, ?, ?, ?) ["Active Shooter","Test from Tinker","12132228427",2,5,"30","2025-02-25 11:57:56","2025-02-25 11:57:56"] 
[2025-02-25 11:57:56] local.INFO: ✅ Emergency Stored in DB {"emergency_id":9} 
[2025-02-25 11:57:56] local.INFO: select * from `rooms` where `room_number` = ? limit 1 ["102"] 
[2025-02-25 11:57:56] local.INFO: update `rooms` set `current_occupancy` = ?, `rooms`.`updated_at` = ? where `id` = ? [5,"2025-02-25 11:57:56",2] 
[2025-02-25 11:57:56] local.INFO: 🏠 Room Occupancy Updated {"room_id":"102","occupancy":5} 
[2025-02-25 11:57:56] local.INFO: 📲 Preparing to Send Emergency SMS  
[2025-02-25 11:57:56] local.INFO: 📡 Sending SMS to: 12132228427  
[2025-02-25 11:57:56] local.INFO: 📬 SMS API Response: HTTP 201 - {"id":"01JMYFH2Y90NH7F30MP97EHPCF","to":["12132228427"],"from":"19312230233","canceled":false,"body":"\uD83D\uDEA8 Emergency Alert: Active Shooter. Details: Test from Tinker.","type":"mt_text","created_at":"2025-02-25T11:57:56.553Z","modified_at":"2025-02-25T11:57:56.553Z","delivery_report":"none","expire_at":"2025-02-28T11:57:56.553Z","flash_message":false}  
[2025-02-25 11:57:56] local.INFO: 📩 Emergency SMS Sent Successfully!  
[2025-02-25 12:01:04] local.INFO: select * from `users` where `email` = ? limit 1 ["adam@fsv.io"] 
[2025-02-25 12:01:04] local.INFO: ✅ User 2 logged in. Fetching Wave token & stream...  
[2025-02-25 12:01:04] local.INFO: 🔄 Requesting new Wave API auth token...  
[2025-02-25 12:01:04] local.INFO: ✅ Cached new Wave API token for user 2  
[2025-02-25 12:01:04] local.INFO: ⏳ Requesting new HLS stream URLs...  
[2025-02-25 12:01:05] local.DEBUG: 📄 HLS Response: #EXTM3U
#EXT-X-STREAM-INF:BANDWIDTH=1176608
https://wjqdl0y6edyhbizvejw3l8.relay-us-chi-2-prod-dp.vmsproxy.com:443/hls/46991f0f-9e6f-a682-d0fd-b92b2ff03785.m3u8?authKey=d7c98cf2-a86d-4761-bb2f-2495a358b3dc&chunked&sessionID=1&hi
#EXT-X-STREAM-INF:BANDWIDTH=21720
https://wjqdl0y6edyhbizvejw3l8.relay-us-chi-2-prod-dp.vmsproxy.com:443/hls/46991f0f-9e6f-a682-d0fd-b92b2ff03785.m3u8?authKey=d7c98cf2-a86d-4761-bb2f-2495a358b3dc&chunked&sessionID=1&lo
  
[2025-02-25 12:01:05] local.INFO: ✅ Cached new HLS stream URLs for user 2  
[2025-02-25 12:01:05] local.INFO: select * from `users` where `id` = ? limit 1 [2] 
[2025-02-25 12:01:05] local.INFO: select * from `users` where `id` = ? limit 1 [2] 
[2025-02-25 12:01:05] local.INFO: select * from `school_infos` limit 1  
[2025-02-25 12:01:05] local.INFO: select count(*) as aggregate from `rooms` where `current_occupancy` > ? [0] 
[2025-02-25 12:01:05] local.INFO: select sum(`current_occupancy`) as aggregate from `rooms`  
[2025-02-25 12:01:05] local.INFO: select * from `rooms` where `room_number` = ? limit 1 ["102"] 
[2025-02-25 12:17:02] local.ERROR: syntax error, unexpected variable "$roomId", expecting "function" or "const" {"exception":"[object] (ParseError(code: 0): syntax error, unexpected variable \"$roomId\", expecting \"function\" or \"const\" at /var/www/html/school.fsv.io/app/Http/Controllers/EmergencyController.php:72)
[stacktrace]
#0 /var/www/html/school.fsv.io/vendor/composer/ClassLoader.php(428): Composer\\Autoload\\includeFile()
#1 [internal function]: Composer\\Autoload\\ClassLoader->loadClass()
#2 /var/www/html/school.fsv.io/vendor/laravel/framework/src/Illuminate/Routing/Route.php(1096): is_a()
#3 /var/www/html/school.fsv.io/vendor/laravel/framework/src/Illuminate/Routing/Route.php(1035): Illuminate\\Routing\\Route->controllerMiddleware()
#4 /var/www/html/school.fsv.io/vendor/laravel/framework/src/Illuminate/Routing/Router.php(818): Illuminate\\Routing\\Route->gatherMiddleware()
#5 /var/www/html/school.fsv.io/vendor/laravel/framework/src/Illuminate/Routing/Router.php(800): Illuminate\\Routing\\Router->gatherRouteMiddleware()
#6 /var/www/html/school.fsv.io/vendor/laravel/framework/src/Illuminate/Routing/Router.php(784): Illuminate\\Routing\\Router->runRouteWithinStack()
#7 /var/www/html/school.fsv.io/vendor/laravel/framework/src/Illuminate/Routing/Router.php(748): Illuminate\\Routing\\Router->runRoute()
#8 /var/www/html/school.fsv.io/vendor/laravel/framework/src/Illuminate/Routing/Router.php(737): Illuminate\\Routing\\Router->dispatchToRoute()
#9 /var/www/html/school.fsv.io/vendor/laravel/framework/src/Illuminate/Foundation/Http/Kernel.php(200): Illuminate\\Routing\\Router->dispatch()
#10 /var/www/html/school.fsv.io/vendor/laravel/framework/src/Illuminate/Pipeline/Pipeline.php(144): Illuminate\\Foundation\\Http\\Kernel->Illuminate\\Foundation\\Http\\{closure}()
#11 /var/www/html/school.fsv.io/vendor/laravel/framework/src/Illuminate/Foundation/Http/Middleware/TransformsRequest.php(21): Illuminate\\Pipeline\\Pipeline->Illuminate\\Pipeline\\{closure}()
#12 /var/www/html/school.fsv.io/vendor/laravel/framework/src/Illuminate/Foundation/Http/Middleware/ConvertEmptyStringsToNull.php(31): Illuminate\\Foundation\\Http\\Middleware\\TransformsRequest->handle()
#13 /var/www/html/school.fsv.io/vendor/laravel/framework/src/Illuminate/Pipeline/Pipeline.php(183): Illuminate\\Foundation\\Http\\Middleware\\ConvertEmptyStringsToNull->handle()
#14 /var/www/html/school.fsv.io/vendor/laravel/framework/src/Illuminate/Foundation/Http/Middleware/TransformsRequest.php(21): Illuminate\\Pipeline\\Pipeline->Illuminate\\Pipeline\\{closure}()
#15 /var/www/html/school.fsv.io/vendor/laravel/framework/src/Illuminate/Foundation/Http/Middleware/TrimStrings.php(40): Illuminate\\Foundation\\Http\\Middleware\\TransformsRequest->handle()
#16 /var/www/html/school.fsv.io/vendor/laravel/framework/src/Illuminate/Pipeline/Pipeline.php(183): Illuminate\\Foundation\\Http\\Middleware\\TrimStrings->handle()
#17 /var/www/html/school.fsv.io/vendor/laravel/framework/src/Illuminate/Foundation/Http/Middleware/ValidatePostSize.php(27): Illuminate\\Pipeline\\Pipeline->Illuminate\\Pipeline\\{closure}()
#18 /var/www/html/school.fsv.io/vendor/laravel/framework/src/Illuminate/Pipeline/Pipeline.php(183): Illuminate\\Foundation\\Http\\Middleware\\ValidatePostSize->handle()
#19 /var/www/html/school.fsv.io/vendor/laravel/framework/src/Illuminate/Foundation/Http/Middleware/PreventRequestsDuringMaintenance.php(99): Illuminate\\Pipeline\\Pipeline->Illuminate\\Pipeline\\{closure}()
#20 /var/www/html/school.fsv.io/vendor/laravel/framework/src/Illuminate/Pipeline/Pipeline.php(183): Illuminate\\Foundation\\Http\\Middleware\\PreventRequestsDuringMaintenance->handle()
#21 /var/www/html/school.fsv.io/vendor/laravel/framework/src/Illuminate/Http/Middleware/HandleCors.php(49): Illuminate\\Pipeline\\Pipeline->Illuminate\\Pipeline\\{closure}()
#22 /var/www/html/school.fsv.io/vendor/laravel/framework/src/Illuminate/Pipeline/Pipeline.php(183): Illuminate\\Http\\Middleware\\HandleCors->handle()
#23 /var/www/html/school.fsv.io/vendor/laravel/framework/src/Illuminate/Http/Middleware/TrustProxies.php(39): Illuminate\\Pipeline\\Pipeline->Illuminate\\Pipeline\\{closure}()
#24 /var/www/html/school.fsv.io/vendor/laravel/framework/src/Illuminate/Pipeline/Pipeline.php(183): Illuminate\\Http\\Middleware\\TrustProxies->handle()
#25 /var/www/html/school.fsv.io/vendor/laravel/framework/src/Illuminate/Pipeline/Pipeline.php(119): Illuminate\\Pipeline\\Pipeline->Illuminate\\Pipeline\\{closure}()
#26 /var/www/html/school.fsv.io/vendor/laravel/framework/src/Illuminate/Foundation/Http/Kernel.php(175): Illuminate\\Pipeline\\Pipeline->then()
#27 /var/www/html/school.fsv.io/vendor/laravel/framework/src/Illuminate/Foundation/Http/Kernel.php(144): Illuminate\\Foundation\\Http\\Kernel->sendRequestThroughRouter()
#28 /var/www/html/school.fsv.io/public/index.php(52): Illuminate\\Foundation\\Http\\Kernel->handle()
#29 {main}
"} 
[2025-02-25 12:23:34] local.INFO: select * from `users` where `id` = ? limit 1 [2] 
[2025-02-25 12:23:34] local.INFO: 📌 Emergency Report Page Loaded  
[2025-02-25 12:23:34] local.INFO: select * from `school_infos` limit 1  
[2025-02-25 12:23:34] local.INFO: select * from `rooms`  
[2025-02-25 12:23:34] local.INFO: select * from `users` where `home_room` is not null  
[2025-02-25 12:23:34] local.INFO: select sum(`current_occupancy`) as aggregate from `rooms`  
[2025-02-25 12:23:34] local.INFO: select * from `rooms` where `room_number` = ? limit 1 ["102"] 
[2025-02-25 12:23:34] local.INFO: select count(*) as aggregate from `rooms` where `current_occupancy` > ? [0] 
[2025-02-25 12:24:05] local.INFO: select * from `users` where `id` = ? limit 1 [2] 
[2025-02-25 12:24:05] local.INFO: 🚨 Emergency Report Submission Started {"data":{"_token":"iPRgkXFJLrMaiy8kb3r6Q9ftmVnBO5kcScsmMPIs","emergency_type":"Active Shooter","reporting_phone":"2132228424","description":"tesxt","room_occupancy":"5"}} 
[2025-02-25 12:24:05] local.INFO: ✔ Validation Passed {"validated":{"emergency_type":"Active Shooter","description":"tesxt","reporting_phone":"2132228424","room_occupancy":"5"}} 
[2025-02-25 12:24:05] local.INFO: select sum(`current_occupancy`) as aggregate from `rooms`  
[2025-02-25 12:24:05] local.INFO: insert into `emergencies` (`emergency_type`, `description`, `reporting_phone`, `reporting_user_id`, `room_occupancy`, `school_occupancy`, `updated_at`, `created_at`) values (?, ?, ?, ?, ?, ?, ?, ?) ["Active Shooter","tesxt","2132228424",2,"5","23","2025-02-25 12:24:05","2025-02-25 12:24:05"] 
[2025-02-25 12:24:05] local.INFO: ✅ Emergency Stored in DB {"emergency_id":10} 
[2025-02-25 12:24:05] local.INFO: select * from `rooms` where `room_number` = ? limit 1 ["102"] 
[2025-02-25 12:24:05] local.INFO: update `rooms` set `rooms`.`updated_at` = ? where `id` = ? ["2025-02-25 12:24:05",2] 
[2025-02-25 12:24:05] local.INFO: 🏠 Room Occupancy Updated {"room_id":"102","occupancy":"5"} 
[2025-02-25 12:24:05] local.INFO: 📲 Preparing to Send Emergency SMS  
[2025-02-25 12:24:05] local.INFO: 📡 Sending SMS to: 2132228424  
[2025-02-25 12:24:05] local.INFO: 📬 SMS API Response: HTTP 201 - {"id":"01JMYH0Z1KZFSBZR9T3917XKAB","to":["2132228424"],"from":"19312230233","canceled":false,"body":"\uD83D\uDEA8 Emergency Alert: Active Shooter. Details: tesxt.","type":"mt_text","created_at":"2025-02-25T12:24:05.427Z","modified_at":"2025-02-25T12:24:05.427Z","delivery_report":"none","expire_at":"2025-02-28T12:24:05.427Z","flash_message":false}  
[2025-02-25 12:24:05] local.INFO: 📩 Emergency SMS Sent Successfully!  
[2025-02-25 12:24:05] local.INFO: select * from `users` where `id` = ? limit 1 [2] 
[2025-02-25 12:24:05] local.INFO: select * from `users` where `id` = ? limit 1 [2] 
[2025-02-25 12:24:05] local.INFO: select * from `school_infos` limit 1  
[2025-02-25 12:24:05] local.INFO: select count(*) as aggregate from `rooms` where `current_occupancy` > ? [0] 
[2025-02-25 12:24:05] local.INFO: select sum(`current_occupancy`) as aggregate from `rooms`  
[2025-02-25 12:24:05] local.INFO: select * from `rooms` where `room_number` = ? limit 1 ["102"] 
[2025-02-25 12:24:18] local.INFO: select * from `users` where `id` = ? limit 1 [2] 
[2025-02-25 12:24:18] local.INFO: select * from `school_infos` limit 1  
[2025-02-25 12:24:18] local.INFO: select * from `rooms`  
[2025-02-25 12:24:18] local.INFO: select * from `users` where `users`.`home_room` in (?, ?, ?, ?, ?, ?, ?, ?, ?, ?, ?, ?, ?, ?, ?, ?, ?, ?, ?, ?, ?, ?, ?, ?, ?, ?, ?, ?, ?, ?, ?, ?, ?, ?, ?, ?, ?, ?, ?, ?, ?, ?, ?, ?) ["101","102","103","104","105","106","107","108","109","110","111","112","113","114","115","116","117","118","119","120","201","202","203","204","301","302","303","304","401","402","403","404","405","406","407","408","409","410","411","412","413","414","415","416"] 
[2025-02-25 12:24:20] local.INFO: select * from `users` where `id` = ? limit 1 [2] 
[2025-02-25 12:24:22] local.INFO: select * from `users` where `id` = ? limit 1 [2] 
[2025-02-25 12:24:24] local.INFO: select * from `users` where `id` = ? limit 1 [2] 
[2025-02-25 12:24:24] local.INFO: select * from `users` where `id` = ? limit 1 [2] 
[2025-02-25 12:24:24] local.INFO: Emergency Chat: Fetching messages  
[2025-02-25 12:24:24] local.INFO: select * from `chat_messages` order by `created_at` asc  
[2025-02-25 12:24:25] local.INFO: select * from `users` where `users`.`id` in (1, 2)  
[2025-02-25 12:24:27] local.INFO: select * from `users` where `id` = ? limit 1 [2] 
[2025-02-25 12:24:27] local.INFO: Emergency Chat: Fetching messages  
[2025-02-25 12:24:27] local.INFO: select * from `chat_messages` order by `created_at` asc  
[2025-02-25 12:24:27] local.INFO: select * from `users` where `users`.`id` in (1, 2)  
[2025-02-25 12:24:28] local.INFO: select * from `users` where `id` = ? limit 1 [2] 
[2025-02-25 12:24:28] local.INFO: Emergency Chat: Incoming message request {"data":{"message":"test"}} 
[2025-02-25 12:24:28] local.INFO: insert into `chat_messages` (`user_id`, `body`, `conversation_id`, `updated_at`, `created_at`) values (?, ?, ?, ?, ?) [2,"test",1,"2025-02-25 12:24:28","2025-02-25 12:24:28"] 
[2025-02-25 12:24:28] local.INFO: Emergency Chat: Message saved {"user_id":2,"message":"test"} 
[2025-02-25 12:24:28] local.INFO: select * from `users` where `id` = ? limit 1 [2] 
[2025-02-25 12:24:28] local.INFO: Emergency Chat: Fetching messages  
[2025-02-25 12:24:28] local.INFO: select * from `chat_messages` order by `created_at` asc  
[2025-02-25 12:24:28] local.INFO: select * from `users` where `users`.`id` in (1, 2)  
[2025-02-25 12:24:28] local.INFO: select * from `users` where `id` = ? limit 1 [2] 
[2025-02-25 12:24:28] local.INFO: Emergency Chat: Fetching messages  
[2025-02-25 12:24:28] local.INFO: select * from `chat_messages` order by `created_at` asc  
[2025-02-25 12:24:29] local.INFO: select * from `users` where `users`.`id` in (1, 2)  
[2025-02-25 12:24:31] local.INFO: select * from `users` where `id` = ? limit 1 [2] 
[2025-02-25 12:24:31] local.INFO: Emergency Chat: Fetching messages  
[2025-02-25 12:24:31] local.INFO: select * from `chat_messages` order by `created_at` asc  
[2025-02-25 12:24:31] local.INFO: select * from `users` where `users`.`id` in (1, 2)  
[2025-02-25 12:24:32] local.INFO: select * from `users` where `id` = ? limit 1 [2] 
[2025-02-25 12:24:32] local.INFO: Emergency Chat: Fetching messages  
[2025-02-25 12:24:32] local.INFO: select * from `chat_messages` order by `created_at` asc  
[2025-02-25 12:24:33] local.INFO: select * from `users` where `users`.`id` in (1, 2)  
[2025-02-25 12:24:35] local.INFO: select * from `users` where `id` = ? limit 1 [2] 
[2025-02-25 12:24:35] local.INFO: Emergency Chat: Fetching messages  
[2025-02-25 12:24:35] local.INFO: select * from `chat_messages` order by `created_at` asc  
[2025-02-25 12:24:35] local.INFO: select * from `users` where `users`.`id` in (1, 2)  
[2025-02-25 12:24:37] local.INFO: select * from `users` where `id` = ? limit 1 [2] 
[2025-02-25 12:24:37] local.INFO: Emergency Chat: Fetching messages  
[2025-02-25 12:24:37] local.INFO: select * from `chat_messages` order by `created_at` asc  
[2025-02-25 12:24:37] local.INFO: select * from `users` where `users`.`id` in (1, 2)  
[2025-02-25 12:24:39] local.INFO: select * from `users` where `id` = ? limit 1 [2] 
[2025-02-25 12:24:39] local.INFO: Emergency Chat: Fetching messages  
[2025-02-25 12:24:39] local.INFO: select * from `chat_messages` order by `created_at` asc  
[2025-02-25 12:24:39] local.INFO: select * from `users` where `users`.`id` in (1, 2)  
[2025-02-25 12:24:41] local.INFO: select * from `users` where `id` = ? limit 1 [2] 
[2025-02-25 12:24:41] local.INFO: Emergency Chat: Fetching messages  
[2025-02-25 12:24:41] local.INFO: select * from `chat_messages` order by `created_at` asc  
[2025-02-25 12:24:41] local.INFO: select * from `users` where `users`.`id` in (1, 2)  
[2025-02-25 12:24:41] local.INFO: select * from `users` where `id` = ? limit 1 [2] 
[2025-02-25 12:24:41] local.INFO: 📌 Emergency Report Page Loaded  
[2025-02-25 12:24:41] local.INFO: select * from `school_infos` limit 1  
[2025-02-25 12:24:41] local.INFO: select * from `rooms`  
[2025-02-25 12:24:41] local.INFO: select * from `users` where `home_room` is not null  
[2025-02-25 12:24:41] local.INFO: select sum(`current_occupancy`) as aggregate from `rooms`  
[2025-02-25 12:24:41] local.INFO: select * from `rooms` where `room_number` = ? limit 1 ["102"] 
[2025-02-25 12:24:41] local.INFO: select count(*) as aggregate from `rooms` where `current_occupancy` > ? [0] 
[2025-02-25 12:26:03] local.INFO: select * from `users` where `email` = ? limit 1 ["vic@fsv.io"] 
[2025-02-25 12:26:21] local.INFO: select * from `users` where `email` = ? limit 1 ["vic@vicvac.com"] 
[2025-02-25 12:26:39] local.INFO: select * from `users` where `email` = ? limit 1 ["vic@fsv.io"] 
[2025-02-25 12:39:16] local.INFO: select * from `users` where `email` = ? limit 1 ["vihi@fsv.io"] 
[2025-02-25 12:39:16] local.INFO: ✅ User 1 logged in. Fetching Wave token & stream...  
[2025-02-25 12:39:16] local.INFO: 🔄 Requesting new Wave API auth token...  
[2025-02-25 12:39:16] local.INFO: ✅ Cached new Wave API token for user 1  
[2025-02-25 12:39:16] local.INFO: ⏳ Requesting new HLS stream URLs...  
[2025-02-25 12:39:17] local.DEBUG: 📄 HLS Response: #EXTM3U
#EXT-X-STREAM-INF:BANDWIDTH=1478560
https://wjqdl0y6edyhbizvejw3l8.relay-us-chi-2-prod-dp.vmsproxy.com:443/hls/46991f0f-9e6f-a682-d0fd-b92b2ff03785.m3u8?authKey=b3b0063d-b526-4903-a43d-69cde59e051d&chunked&sessionID=2&hi
#EXT-X-STREAM-INF:BANDWIDTH=29072
https://wjqdl0y6edyhbizvejw3l8.relay-us-chi-2-prod-dp.vmsproxy.com:443/hls/46991f0f-9e6f-a682-d0fd-b92b2ff03785.m3u8?authKey=b3b0063d-b526-4903-a43d-69cde59e051d&chunked&sessionID=2&lo
  
[2025-02-25 12:39:17] local.INFO: ✅ Cached new HLS stream URLs for user 1  
[2025-02-25 12:39:17] local.INFO: select * from `users` where `id` = ? limit 1 [1] 
[2025-02-25 12:39:17] local.INFO: select * from `users` where `id` = ? limit 1 [1] 
[2025-02-25 12:39:17] local.INFO: Emergency Chat: Fetching messages  
[2025-02-25 12:39:17] local.INFO: select * from `chat_messages` order by `created_at` asc  
[2025-02-25 12:39:17] local.INFO: select * from `users` where `users`.`id` in (1, 2)  
[2025-02-25 12:39:19] local.INFO: select * from `users` where `id` = ? limit 1 [1] 
[2025-02-25 12:39:19] local.INFO: Emergency Chat: Fetching messages  
[2025-02-25 12:39:19] local.INFO: select * from `chat_messages` order by `created_at` asc  
[2025-02-25 12:39:19] local.INFO: select * from `users` where `users`.`id` in (1, 2)  
[2025-02-25 12:39:21] local.INFO: select * from `users` where `id` = ? limit 1 [1] 
[2025-02-25 12:39:21] local.INFO: Emergency Chat: Fetching messages  
[2025-02-25 12:39:21] local.INFO: select * from `chat_messages` order by `created_at` asc  
[2025-02-25 12:39:21] local.INFO: select * from `users` where `users`.`id` in (1, 2)  
[2025-02-25 12:39:23] local.INFO: select * from `users` where `id` = ? limit 1 [1] 
[2025-02-25 12:39:23] local.INFO: Emergency Chat: Fetching messages  
[2025-02-25 12:39:23] local.INFO: select * from `chat_messages` order by `created_at` asc  
[2025-02-25 12:39:23] local.INFO: select * from `users` where `users`.`id` in (1, 2)  
[2025-02-25 12:39:25] local.INFO: select * from `users` where `id` = ? limit 1 [1] 
[2025-02-25 12:39:25] local.INFO: Emergency Chat: Fetching messages  
[2025-02-25 12:39:25] local.INFO: select * from `chat_messages` order by `created_at` asc  
[2025-02-25 12:39:25] local.INFO: select * from `users` where `users`.`id` in (1, 2)  
[2025-02-25 12:39:27] local.INFO: select * from `users` where `id` = ? limit 1 [1] 
[2025-02-25 12:39:27] local.INFO: Emergency Chat: Fetching messages  
[2025-02-25 12:39:27] local.INFO: select * from `chat_messages` order by `created_at` asc  
[2025-02-25 12:39:27] local.INFO: select * from `users` where `users`.`id` in (1, 2)  
[2025-02-25 12:39:28] local.INFO: select * from `users` where `id` = ? limit 1 [1] 
[2025-02-25 12:39:28] local.INFO: 📌 Emergency Report Page Loaded  
[2025-02-25 12:39:28] local.INFO: select * from `school_infos` limit 1  
[2025-02-25 12:39:28] local.INFO: select * from `rooms`  
[2025-02-25 12:39:28] local.INFO: select * from `users` where `home_room` is not null  
[2025-02-25 12:39:28] local.INFO: select sum(`current_occupancy`) as aggregate from `rooms`  
[2025-02-25 12:39:28] local.INFO: select * from `rooms` where `room_number` = ? limit 1 ["101"] 
[2025-02-25 12:39:28] local.INFO: select count(*) as aggregate from `rooms` where `current_occupancy` > ? [0] 
[2025-02-25 12:39:46] local.INFO: select * from `users` where `id` = ? limit 1 [1] 
[2025-02-25 12:39:46] local.INFO: 🚨 Emergency Report Submission Started {"data":{"_token":"AhfamzO1rEZF3iyucpVBXl3AEgUf4R8citz2udAm","emergency_type":"Active Shooter","reporting_phone":"2132228424","description":"test 333","room_occupancy":"7"}} 
[2025-02-25 12:39:46] local.INFO: ✔ Validation Passed {"validated":{"emergency_type":"Active Shooter","description":"test 333","reporting_phone":"2132228424","room_occupancy":"7"}} 
[2025-02-25 12:39:46] local.INFO: select sum(`current_occupancy`) as aggregate from `rooms`  
[2025-02-25 12:39:46] local.INFO: insert into `emergencies` (`emergency_type`, `description`, `reporting_phone`, `reporting_user_id`, `room_occupancy`, `school_occupancy`, `updated_at`, `created_at`) values (?, ?, ?, ?, ?, ?, ?, ?) ["Active Shooter","test 333","2132228424",1,"7","23","2025-02-25 12:39:46","2025-02-25 12:39:46"] 
[2025-02-25 12:39:46] local.INFO: ✅ Emergency Stored in DB {"emergency_id":11} 
[2025-02-25 12:39:46] local.INFO: select * from `rooms` where `room_number` = ? limit 1 ["101"] 
[2025-02-25 12:39:46] local.INFO: update `rooms` set `rooms`.`updated_at` = ? where `id` = ? ["2025-02-25 12:39:46",1] 
[2025-02-25 12:39:46] local.INFO: 🏠 Room Occupancy Updated {"room_id":"101","occupancy":"7"} 
[2025-02-25 12:39:46] local.INFO: 📲 Preparing to Send Emergency SMS  
[2025-02-25 12:39:46] local.INFO: 📡 Sending SMS to: 2132228424  
[2025-02-25 12:39:46] local.INFO: 📬 SMS API Response: HTTP 201 - {"id":"01JMYHXPCNPAC0AGH7GHR9BCP2","to":["2132228424"],"from":"19312230233","canceled":false,"body":"\uD83D\uDEA8 Emergency Alert: Active Shooter. Details: test 333.","type":"mt_text","created_at":"2025-02-25T12:39:46.837Z","modified_at":"2025-02-25T12:39:46.837Z","delivery_report":"none","expire_at":"2025-02-28T12:39:46.837Z","flash_message":false}  
[2025-02-25 12:39:46] local.INFO: 📩 Emergency SMS Sent Successfully!  
[2025-02-25 12:39:46] local.INFO: select * from `users` where `id` = ? limit 1 [1] 
[2025-02-25 12:39:46] local.INFO: select * from `users` where `id` = ? limit 1 [1] 
[2025-02-25 12:39:46] local.INFO: select * from `school_infos` limit 1  
[2025-02-25 12:39:46] local.INFO: select count(*) as aggregate from `rooms` where `current_occupancy` > ? [0] 
[2025-02-25 12:39:46] local.INFO: select sum(`current_occupancy`) as aggregate from `rooms`  
[2025-02-25 12:39:46] local.INFO: select * from `rooms` where `room_number` = ? limit 1 ["101"] 
[2025-02-25 13:05:25] local.INFO: select * from `users` where `id` = ? limit 1 [2] 
[2025-02-25 13:05:25] local.INFO: 🚨 Emergency Report Submission Started {"data":{"_token":"iPRgkXFJLrMaiy8kb3r6Q9ftmVnBO5kcScsmMPIs","emergency_type":"Active Shooter","reporting_phone":"2132228424","description":"test345","room_occupancy":"5"}} 
[2025-02-25 13:05:25] local.INFO: ✔ Validation Passed {"validated":{"emergency_type":"Active Shooter","description":"test345","reporting_phone":"2132228424","room_occupancy":"5"}} 
[2025-02-25 13:05:25] local.INFO: select sum(`current_occupancy`) as aggregate from `rooms`  
[2025-02-25 13:05:25] local.INFO: insert into `emergencies` (`emergency_type`, `description`, `reporting_phone`, `reporting_user_id`, `room_occupancy`, `school_occupancy`, `updated_at`, `created_at`) values (?, ?, ?, ?, ?, ?, ?, ?) ["Active Shooter","test345","2132228424",2,"5","23","2025-02-25 13:05:25","2025-02-25 13:05:25"] 
[2025-02-25 13:05:25] local.INFO: ✅ Emergency Stored in DB {"emergency_id":12} 
[2025-02-25 13:05:25] local.INFO: select * from `rooms` where `room_number` = ? limit 1 ["102"] 
[2025-02-25 13:05:25] local.INFO: update `rooms` set `rooms`.`updated_at` = ? where `id` = ? ["2025-02-25 13:05:25",2] 
[2025-02-25 13:05:25] local.INFO: 🏠 Room Occupancy Updated {"room_id":"102","occupancy":"5"} 
[2025-02-25 13:05:25] local.INFO: 📲 Preparing to Send Emergency SMS  
[2025-02-25 13:05:25] local.INFO: 📡 Sending SMS to: 2132228424  
[2025-02-25 13:05:25] local.INFO: 📬 SMS API Response: HTTP 201 - {"id":"01JMYKCN45V8SSD6EAXENREAQ2","to":["2132228424"],"from":"19312230233","canceled":false,"body":"\uD83D\uDEA8 Emergency Alert: Active Shooter. Details: test345.","type":"mt_text","created_at":"2025-02-25T13:05:25.637Z","modified_at":"2025-02-25T13:05:25.637Z","delivery_report":"none","expire_at":"2025-02-28T13:05:25.637Z","flash_message":false}  
[2025-02-25 13:05:25] local.INFO: 📩 Emergency SMS Sent Successfully!  
[2025-02-25 13:05:25] local.INFO: select * from `users` where `id` = ? limit 1 [2] 
[2025-02-25 13:05:25] local.INFO: select * from `users` where `id` = ? limit 1 [2] 
[2025-02-25 13:05:25] local.INFO: select * from `school_infos` limit 1  
[2025-02-25 13:05:25] local.INFO: select count(*) as aggregate from `rooms` where `current_occupancy` > ? [0] 
[2025-02-25 13:05:25] local.INFO: select sum(`current_occupancy`) as aggregate from `rooms`  
[2025-02-25 13:05:25] local.INFO: select * from `rooms` where `room_number` = ? limit 1 ["102"] 
[2025-02-25 13:06:04] local.INFO: select * from `users` where `id` = ? limit 1 [1] 
[2025-02-25 13:06:04] local.INFO: 📌 Emergency Report Page Loaded  
[2025-02-25 13:06:04] local.INFO: select * from `school_infos` limit 1  
[2025-02-25 13:06:04] local.INFO: select * from `rooms`  
[2025-02-25 13:06:04] local.INFO: select * from `users` where `home_room` is not null  
[2025-02-25 13:06:04] local.INFO: select sum(`current_occupancy`) as aggregate from `rooms`  
[2025-02-25 13:06:04] local.INFO: select * from `rooms` where `room_number` = ? limit 1 ["101"] 
[2025-02-25 13:06:04] local.INFO: select count(*) as aggregate from `rooms` where `current_occupancy` > ? [0] 
[2025-02-25 13:06:04] local.ERROR: Undefined variable $userMobile {"view":{"view":"/var/www/html/school.fsv.io/resources/views/emergency/report.blade.php","data":[]},"userId":1,"exception":"[object] (Spatie\\LaravelIgnition\\Exceptions\\ViewException(code: 0): Undefined variable $userMobile at /var/www/html/school.fsv.io/resources/views/emergency/report.blade.php:14)
[stacktrace]
#0 /var/www/html/school.fsv.io/vendor/laravel/framework/src/Illuminate/Filesystem/Filesystem.php(123): require('...')
#1 /var/www/html/school.fsv.io/vendor/laravel/framework/src/Illuminate/Filesystem/Filesystem.php(124): Illuminate\\Filesystem\\Filesystem::Illuminate\\Filesystem\\{closure}()
#2 /var/www/html/school.fsv.io/vendor/laravel/framework/src/Illuminate/View/Engines/PhpEngine.php(58): Illuminate\\Filesystem\\Filesystem->getRequire()
#3 /var/www/html/school.fsv.io/vendor/laravel/framework/src/Illuminate/View/Engines/CompilerEngine.php(72): Illuminate\\View\\Engines\\PhpEngine->evaluatePath()
#4 /var/www/html/school.fsv.io/vendor/laravel/framework/src/Illuminate/View/View.php(207): Illuminate\\View\\Engines\\CompilerEngine->get()
#5 /var/www/html/school.fsv.io/vendor/laravel/framework/src/Illuminate/View/View.php(190): Illuminate\\View\\View->getContents()
#6 /var/www/html/school.fsv.io/vendor/laravel/framework/src/Illuminate/View/View.php(159): Illuminate\\View\\View->renderContents()
#7 /var/www/html/school.fsv.io/vendor/laravel/framework/src/Illuminate/Http/Response.php(69): Illuminate\\View\\View->render()
#8 /var/www/html/school.fsv.io/vendor/laravel/framework/src/Illuminate/Http/Response.php(35): Illuminate\\Http\\Response->setContent()
#9 /var/www/html/school.fsv.io/vendor/laravel/framework/src/Illuminate/Routing/Router.php(918): Illuminate\\Http\\Response->__construct()
#10 /var/www/html/school.fsv.io/vendor/laravel/framework/src/Illuminate/Routing/Router.php(885): Illuminate\\Routing\\Router::toResponse()
#11 /var/www/html/school.fsv.io/vendor/laravel/framework/src/Illuminate/Routing/Router.php(806): Illuminate\\Routing\\Router->prepareResponse()
#12 /var/www/html/school.fsv.io/vendor/laravel/framework/src/Illuminate/Pipeline/Pipeline.php(144): Illuminate\\Routing\\Router->Illuminate\\Routing\\{closure}()
#13 /var/www/html/school.fsv.io/vendor/laravel/framework/src/Illuminate/Routing/Middleware/SubstituteBindings.php(50): Illuminate\\Pipeline\\Pipeline->Illuminate\\Pipeline\\{closure}()
#14 /var/www/html/school.fsv.io/vendor/laravel/framework/src/Illuminate/Pipeline/Pipeline.php(183): Illuminate\\Routing\\Middleware\\SubstituteBindings->handle()
#15 /var/www/html/school.fsv.io/vendor/laravel/framework/src/Illuminate/Auth/Middleware/Authenticate.php(57): Illuminate\\Pipeline\\Pipeline->Illuminate\\Pipeline\\{closure}()
#16 /var/www/html/school.fsv.io/vendor/laravel/framework/src/Illuminate/Pipeline/Pipeline.php(183): Illuminate\\Auth\\Middleware\\Authenticate->handle()
#17 /var/www/html/school.fsv.io/vendor/laravel/framework/src/Illuminate/Foundation/Http/Middleware/VerifyCsrfToken.php(78): Illuminate\\Pipeline\\Pipeline->Illuminate\\Pipeline\\{closure}()
#18 /var/www/html/school.fsv.io/vendor/laravel/framework/src/Illuminate/Pipeline/Pipeline.php(183): Illuminate\\Foundation\\Http\\Middleware\\VerifyCsrfToken->handle()
#19 /var/www/html/school.fsv.io/vendor/laravel/framework/src/Illuminate/View/Middleware/ShareErrorsFromSession.php(49): Illuminate\\Pipeline\\Pipeline->Illuminate\\Pipeline\\{closure}()
#20 /var/www/html/school.fsv.io/vendor/laravel/framework/src/Illuminate/Pipeline/Pipeline.php(183): Illuminate\\View\\Middleware\\ShareErrorsFromSession->handle()
#21 /var/www/html/school.fsv.io/vendor/laravel/framework/src/Illuminate/Session/Middleware/StartSession.php(121): Illuminate\\Pipeline\\Pipeline->Illuminate\\Pipeline\\{closure}()
#22 /var/www/html/school.fsv.io/vendor/laravel/framework/src/Illuminate/Session/Middleware/StartSession.php(64): Illuminate\\Session\\Middleware\\StartSession->handleStatefulRequest()
#23 /var/www/html/school.fsv.io/vendor/laravel/framework/src/Illuminate/Pipeline/Pipeline.php(183): Illuminate\\Session\\Middleware\\StartSession->handle()
#24 /var/www/html/school.fsv.io/vendor/laravel/framework/src/Illuminate/Cookie/Middleware/AddQueuedCookiesToResponse.php(37): Illuminate\\Pipeline\\Pipeline->Illuminate\\Pipeline\\{closure}()
#25 /var/www/html/school.fsv.io/vendor/laravel/framework/src/Illuminate/Pipeline/Pipeline.php(183): Illuminate\\Cookie\\Middleware\\AddQueuedCookiesToResponse->handle()
#26 /var/www/html/school.fsv.io/vendor/laravel/framework/src/Illuminate/Cookie/Middleware/EncryptCookies.php(67): Illuminate\\Pipeline\\Pipeline->Illuminate\\Pipeline\\{closure}()
#27 /var/www/html/school.fsv.io/vendor/laravel/framework/src/Illuminate/Pipeline/Pipeline.php(183): Illuminate\\Cookie\\Middleware\\EncryptCookies->handle()
#28 /var/www/html/school.fsv.io/vendor/laravel/framework/src/Illuminate/Pipeline/Pipeline.php(119): Illuminate\\Pipeline\\Pipeline->Illuminate\\Pipeline\\{closure}()
#29 /var/www/html/school.fsv.io/vendor/laravel/framework/src/Illuminate/Routing/Router.php(807): Illuminate\\Pipeline\\Pipeline->then()
#30 /var/www/html/school.fsv.io/vendor/laravel/framework/src/Illuminate/Routing/Router.php(784): Illuminate\\Routing\\Router->runRouteWithinStack()
#31 /var/www/html/school.fsv.io/vendor/laravel/framework/src/Illuminate/Routing/Router.php(748): Illuminate\\Routing\\Router->runRoute()
#32 /var/www/html/school.fsv.io/vendor/laravel/framework/src/Illuminate/Routing/Router.php(737): Illuminate\\Routing\\Router->dispatchToRoute()
#33 /var/www/html/school.fsv.io/vendor/laravel/framework/src/Illuminate/Foundation/Http/Kernel.php(200): Illuminate\\Routing\\Router->dispatch()
#34 /var/www/html/school.fsv.io/vendor/laravel/framework/src/Illuminate/Pipeline/Pipeline.php(144): Illuminate\\Foundation\\Http\\Kernel->Illuminate\\Foundation\\Http\\{closure}()
#35 /var/www/html/school.fsv.io/vendor/laravel/framework/src/Illuminate/Foundation/Http/Middleware/TransformsRequest.php(21): Illuminate\\Pipeline\\Pipeline->Illuminate\\Pipeline\\{closure}()
#36 /var/www/html/school.fsv.io/vendor/laravel/framework/src/Illuminate/Foundation/Http/Middleware/ConvertEmptyStringsToNull.php(31): Illuminate\\Foundation\\Http\\Middleware\\TransformsRequest->handle()
#37 /var/www/html/school.fsv.io/vendor/laravel/framework/src/Illuminate/Pipeline/Pipeline.php(183): Illuminate\\Foundation\\Http\\Middleware\\ConvertEmptyStringsToNull->handle()
#38 /var/www/html/school.fsv.io/vendor/laravel/framework/src/Illuminate/Foundation/Http/Middleware/TransformsRequest.php(21): Illuminate\\Pipeline\\Pipeline->Illuminate\\Pipeline\\{closure}()
#39 /var/www/html/school.fsv.io/vendor/laravel/framework/src/Illuminate/Foundation/Http/Middleware/TrimStrings.php(40): Illuminate\\Foundation\\Http\\Middleware\\TransformsRequest->handle()
#40 /var/www/html/school.fsv.io/vendor/laravel/framework/src/Illuminate/Pipeline/Pipeline.php(183): Illuminate\\Foundation\\Http\\Middleware\\TrimStrings->handle()
#41 /var/www/html/school.fsv.io/vendor/laravel/framework/src/Illuminate/Foundation/Http/Middleware/ValidatePostSize.php(27): Illuminate\\Pipeline\\Pipeline->Illuminate\\Pipeline\\{closure}()
#42 /var/www/html/school.fsv.io/vendor/laravel/framework/src/Illuminate/Pipeline/Pipeline.php(183): Illuminate\\Foundation\\Http\\Middleware\\ValidatePostSize->handle()
#43 /var/www/html/school.fsv.io/vendor/laravel/framework/src/Illuminate/Foundation/Http/Middleware/PreventRequestsDuringMaintenance.php(99): Illuminate\\Pipeline\\Pipeline->Illuminate\\Pipeline\\{closure}()
#44 /var/www/html/school.fsv.io/vendor/laravel/framework/src/Illuminate/Pipeline/Pipeline.php(183): Illuminate\\Foundation\\Http\\Middleware\\PreventRequestsDuringMaintenance->handle()
#45 /var/www/html/school.fsv.io/vendor/laravel/framework/src/Illuminate/Http/Middleware/HandleCors.php(49): Illuminate\\Pipeline\\Pipeline->Illuminate\\Pipeline\\{closure}()
#46 /var/www/html/school.fsv.io/vendor/laravel/framework/src/Illuminate/Pipeline/Pipeline.php(183): Illuminate\\Http\\Middleware\\HandleCors->handle()
#47 /var/www/html/school.fsv.io/vendor/laravel/framework/src/Illuminate/Http/Middleware/TrustProxies.php(39): Illuminate\\Pipeline\\Pipeline->Illuminate\\Pipeline\\{closure}()
#48 /var/www/html/school.fsv.io/vendor/laravel/framework/src/Illuminate/Pipeline/Pipeline.php(183): Illuminate\\Http\\Middleware\\TrustProxies->handle()
#49 /var/www/html/school.fsv.io/vendor/laravel/framework/src/Illuminate/Pipeline/Pipeline.php(119): Illuminate\\Pipeline\\Pipeline->Illuminate\\Pipeline\\{closure}()
#50 /var/www/html/school.fsv.io/vendor/laravel/framework/src/Illuminate/Foundation/Http/Kernel.php(175): Illuminate\\Pipeline\\Pipeline->then()
#51 /var/www/html/school.fsv.io/vendor/laravel/framework/src/Illuminate/Foundation/Http/Kernel.php(144): Illuminate\\Foundation\\Http\\Kernel->sendRequestThroughRouter()
#52 /var/www/html/school.fsv.io/public/index.php(52): Illuminate\\Foundation\\Http\\Kernel->handle()
#53 {main}

[previous exception] [object] (ErrorException(code: 0): Undefined variable $userMobile at /var/www/html/school.fsv.io/storage/framework/views/05643661880ddea8a7cb142e2eb47d77.php:12)
[stacktrace]
#0 /var/www/html/school.fsv.io/vendor/laravel/framework/src/Illuminate/Foundation/Bootstrap/HandleExceptions.php(255): Illuminate\\Foundation\\Bootstrap\\HandleExceptions->handleError()
#1 /var/www/html/school.fsv.io/storage/framework/views/05643661880ddea8a7cb142e2eb47d77.php(12): Illuminate\\Foundation\\Bootstrap\\HandleExceptions->Illuminate\\Foundation\\Bootstrap\\{closure}()
#2 /var/www/html/school.fsv.io/vendor/laravel/framework/src/Illuminate/Filesystem/Filesystem.php(123): require('...')
#3 /var/www/html/school.fsv.io/vendor/laravel/framework/src/Illuminate/Filesystem/Filesystem.php(124): Illuminate\\Filesystem\\Filesystem::Illuminate\\Filesystem\\{closure}()
#4 /var/www/html/school.fsv.io/vendor/laravel/framework/src/Illuminate/View/Engines/PhpEngine.php(58): Illuminate\\Filesystem\\Filesystem->getRequire()
#5 /var/www/html/school.fsv.io/vendor/laravel/framework/src/Illuminate/View/Engines/CompilerEngine.php(72): Illuminate\\View\\Engines\\PhpEngine->evaluatePath()
#6 /var/www/html/school.fsv.io/vendor/laravel/framework/src/Illuminate/View/View.php(207): Illuminate\\View\\Engines\\CompilerEngine->get()
#7 /var/www/html/school.fsv.io/vendor/laravel/framework/src/Illuminate/View/View.php(190): Illuminate\\View\\View->getContents()
#8 /var/www/html/school.fsv.io/vendor/laravel/framework/src/Illuminate/View/View.php(159): Illuminate\\View\\View->renderContents()
#9 /var/www/html/school.fsv.io/vendor/laravel/framework/src/Illuminate/Http/Response.php(69): Illuminate\\View\\View->render()
#10 /var/www/html/school.fsv.io/vendor/laravel/framework/src/Illuminate/Http/Response.php(35): Illuminate\\Http\\Response->setContent()
#11 /var/www/html/school.fsv.io/vendor/laravel/framework/src/Illuminate/Routing/Router.php(918): Illuminate\\Http\\Response->__construct()
#12 /var/www/html/school.fsv.io/vendor/laravel/framework/src/Illuminate/Routing/Router.php(885): Illuminate\\Routing\\Router::toResponse()
#13 /var/www/html/school.fsv.io/vendor/laravel/framework/src/Illuminate/Routing/Router.php(806): Illuminate\\Routing\\Router->prepareResponse()
#14 /var/www/html/school.fsv.io/vendor/laravel/framework/src/Illuminate/Pipeline/Pipeline.php(144): Illuminate\\Routing\\Router->Illuminate\\Routing\\{closure}()
#15 /var/www/html/school.fsv.io/vendor/laravel/framework/src/Illuminate/Routing/Middleware/SubstituteBindings.php(50): Illuminate\\Pipeline\\Pipeline->Illuminate\\Pipeline\\{closure}()
#16 /var/www/html/school.fsv.io/vendor/laravel/framework/src/Illuminate/Pipeline/Pipeline.php(183): Illuminate\\Routing\\Middleware\\SubstituteBindings->handle()
#17 /var/www/html/school.fsv.io/vendor/laravel/framework/src/Illuminate/Auth/Middleware/Authenticate.php(57): Illuminate\\Pipeline\\Pipeline->Illuminate\\Pipeline\\{closure}()
#18 /var/www/html/school.fsv.io/vendor/laravel/framework/src/Illuminate/Pipeline/Pipeline.php(183): Illuminate\\Auth\\Middleware\\Authenticate->handle()
#19 /var/www/html/school.fsv.io/vendor/laravel/framework/src/Illuminate/Foundation/Http/Middleware/VerifyCsrfToken.php(78): Illuminate\\Pipeline\\Pipeline->Illuminate\\Pipeline\\{closure}()
#20 /var/www/html/school.fsv.io/vendor/laravel/framework/src/Illuminate/Pipeline/Pipeline.php(183): Illuminate\\Foundation\\Http\\Middleware\\VerifyCsrfToken->handle()
#21 /var/www/html/school.fsv.io/vendor/laravel/framework/src/Illuminate/View/Middleware/ShareErrorsFromSession.php(49): Illuminate\\Pipeline\\Pipeline->Illuminate\\Pipeline\\{closure}()
#22 /var/www/html/school.fsv.io/vendor/laravel/framework/src/Illuminate/Pipeline/Pipeline.php(183): Illuminate\\View\\Middleware\\ShareErrorsFromSession->handle()
#23 /var/www/html/school.fsv.io/vendor/laravel/framework/src/Illuminate/Session/Middleware/StartSession.php(121): Illuminate\\Pipeline\\Pipeline->Illuminate\\Pipeline\\{closure}()
#24 /var/www/html/school.fsv.io/vendor/laravel/framework/src/Illuminate/Session/Middleware/StartSession.php(64): Illuminate\\Session\\Middleware\\StartSession->handleStatefulRequest()
#25 /var/www/html/school.fsv.io/vendor/laravel/framework/src/Illuminate/Pipeline/Pipeline.php(183): Illuminate\\Session\\Middleware\\StartSession->handle()
#26 /var/www/html/school.fsv.io/vendor/laravel/framework/src/Illuminate/Cookie/Middleware/AddQueuedCookiesToResponse.php(37): Illuminate\\Pipeline\\Pipeline->Illuminate\\Pipeline\\{closure}()
#27 /var/www/html/school.fsv.io/vendor/laravel/framework/src/Illuminate/Pipeline/Pipeline.php(183): Illuminate\\Cookie\\Middleware\\AddQueuedCookiesToResponse->handle()
#28 /var/www/html/school.fsv.io/vendor/laravel/framework/src/Illuminate/Cookie/Middleware/EncryptCookies.php(67): Illuminate\\Pipeline\\Pipeline->Illuminate\\Pipeline\\{closure}()
#29 /var/www/html/school.fsv.io/vendor/laravel/framework/src/Illuminate/Pipeline/Pipeline.php(183): Illuminate\\Cookie\\Middleware\\EncryptCookies->handle()
#30 /var/www/html/school.fsv.io/vendor/laravel/framework/src/Illuminate/Pipeline/Pipeline.php(119): Illuminate\\Pipeline\\Pipeline->Illuminate\\Pipeline\\{closure}()
#31 /var/www/html/school.fsv.io/vendor/laravel/framework/src/Illuminate/Routing/Router.php(807): Illuminate\\Pipeline\\Pipeline->then()
#32 /var/www/html/school.fsv.io/vendor/laravel/framework/src/Illuminate/Routing/Router.php(784): Illuminate\\Routing\\Router->runRouteWithinStack()
#33 /var/www/html/school.fsv.io/vendor/laravel/framework/src/Illuminate/Routing/Router.php(748): Illuminate\\Routing\\Router->runRoute()
#34 /var/www/html/school.fsv.io/vendor/laravel/framework/src/Illuminate/Routing/Router.php(737): Illuminate\\Routing\\Router->dispatchToRoute()
#35 /var/www/html/school.fsv.io/vendor/laravel/framework/src/Illuminate/Foundation/Http/Kernel.php(200): Illuminate\\Routing\\Router->dispatch()
#36 /var/www/html/school.fsv.io/vendor/laravel/framework/src/Illuminate/Pipeline/Pipeline.php(144): Illuminate\\Foundation\\Http\\Kernel->Illuminate\\Foundation\\Http\\{closure}()
#37 /var/www/html/school.fsv.io/vendor/laravel/framework/src/Illuminate/Foundation/Http/Middleware/TransformsRequest.php(21): Illuminate\\Pipeline\\Pipeline->Illuminate\\Pipeline\\{closure}()
#38 /var/www/html/school.fsv.io/vendor/laravel/framework/src/Illuminate/Foundation/Http/Middleware/ConvertEmptyStringsToNull.php(31): Illuminate\\Foundation\\Http\\Middleware\\TransformsRequest->handle()
#39 /var/www/html/school.fsv.io/vendor/laravel/framework/src/Illuminate/Pipeline/Pipeline.php(183): Illuminate\\Foundation\\Http\\Middleware\\ConvertEmptyStringsToNull->handle()
#40 /var/www/html/school.fsv.io/vendor/laravel/framework/src/Illuminate/Foundation/Http/Middleware/TransformsRequest.php(21): Illuminate\\Pipeline\\Pipeline->Illuminate\\Pipeline\\{closure}()
#41 /var/www/html/school.fsv.io/vendor/laravel/framework/src/Illuminate/Foundation/Http/Middleware/TrimStrings.php(40): Illuminate\\Foundation\\Http\\Middleware\\TransformsRequest->handle()
#42 /var/www/html/school.fsv.io/vendor/laravel/framework/src/Illuminate/Pipeline/Pipeline.php(183): Illuminate\\Foundation\\Http\\Middleware\\TrimStrings->handle()
#43 /var/www/html/school.fsv.io/vendor/laravel/framework/src/Illuminate/Foundation/Http/Middleware/ValidatePostSize.php(27): Illuminate\\Pipeline\\Pipeline->Illuminate\\Pipeline\\{closure}()
#44 /var/www/html/school.fsv.io/vendor/laravel/framework/src/Illuminate/Pipeline/Pipeline.php(183): Illuminate\\Foundation\\Http\\Middleware\\ValidatePostSize->handle()
#45 /var/www/html/school.fsv.io/vendor/laravel/framework/src/Illuminate/Foundation/Http/Middleware/PreventRequestsDuringMaintenance.php(99): Illuminate\\Pipeline\\Pipeline->Illuminate\\Pipeline\\{closure}()
#46 /var/www/html/school.fsv.io/vendor/laravel/framework/src/Illuminate/Pipeline/Pipeline.php(183): Illuminate\\Foundation\\Http\\Middleware\\PreventRequestsDuringMaintenance->handle()
#47 /var/www/html/school.fsv.io/vendor/laravel/framework/src/Illuminate/Http/Middleware/HandleCors.php(49): Illuminate\\Pipeline\\Pipeline->Illuminate\\Pipeline\\{closure}()
#48 /var/www/html/school.fsv.io/vendor/laravel/framework/src/Illuminate/Pipeline/Pipeline.php(183): Illuminate\\Http\\Middleware\\HandleCors->handle()
#49 /var/www/html/school.fsv.io/vendor/laravel/framework/src/Illuminate/Http/Middleware/TrustProxies.php(39): Illuminate\\Pipeline\\Pipeline->Illuminate\\Pipeline\\{closure}()
#50 /var/www/html/school.fsv.io/vendor/laravel/framework/src/Illuminate/Pipeline/Pipeline.php(183): Illuminate\\Http\\Middleware\\TrustProxies->handle()
#51 /var/www/html/school.fsv.io/vendor/laravel/framework/src/Illuminate/Pipeline/Pipeline.php(119): Illuminate\\Pipeline\\Pipeline->Illuminate\\Pipeline\\{closure}()
#52 /var/www/html/school.fsv.io/vendor/laravel/framework/src/Illuminate/Foundation/Http/Kernel.php(175): Illuminate\\Pipeline\\Pipeline->then()
#53 /var/www/html/school.fsv.io/vendor/laravel/framework/src/Illuminate/Foundation/Http/Kernel.php(144): Illuminate\\Foundation\\Http\\Kernel->sendRequestThroughRouter()
#54 /var/www/html/school.fsv.io/public/index.php(52): Illuminate\\Foundation\\Http\\Kernel->handle()
#55 {main}
"} 
[2025-02-25 13:06:11] local.INFO: select * from `users` where `id` = ? limit 1 [1] 
[2025-02-25 13:06:11] local.INFO: 📌 Emergency Report Page Loaded  
[2025-02-25 13:06:11] local.INFO: select * from `school_infos` limit 1  
[2025-02-25 13:06:11] local.INFO: select * from `rooms`  
[2025-02-25 13:06:11] local.INFO: select * from `users` where `home_room` is not null  
[2025-02-25 13:06:11] local.INFO: select sum(`current_occupancy`) as aggregate from `rooms`  
[2025-02-25 13:06:11] local.INFO: select * from `rooms` where `room_number` = ? limit 1 ["101"] 
[2025-02-25 13:06:11] local.INFO: select count(*) as aggregate from `rooms` where `current_occupancy` > ? [0] 
[2025-02-25 13:06:11] local.ERROR: Undefined variable $userMobile {"view":{"view":"/var/www/html/school.fsv.io/resources/views/emergency/report.blade.php","data":[]},"userId":1,"exception":"[object] (Spatie\\LaravelIgnition\\Exceptions\\ViewException(code: 0): Undefined variable $userMobile at /var/www/html/school.fsv.io/resources/views/emergency/report.blade.php:14)
[stacktrace]
#0 /var/www/html/school.fsv.io/vendor/laravel/framework/src/Illuminate/Filesystem/Filesystem.php(123): require('...')
#1 /var/www/html/school.fsv.io/vendor/laravel/framework/src/Illuminate/Filesystem/Filesystem.php(124): Illuminate\\Filesystem\\Filesystem::Illuminate\\Filesystem\\{closure}()
#2 /var/www/html/school.fsv.io/vendor/laravel/framework/src/Illuminate/View/Engines/PhpEngine.php(58): Illuminate\\Filesystem\\Filesystem->getRequire()
#3 /var/www/html/school.fsv.io/vendor/laravel/framework/src/Illuminate/View/Engines/CompilerEngine.php(72): Illuminate\\View\\Engines\\PhpEngine->evaluatePath()
#4 /var/www/html/school.fsv.io/vendor/laravel/framework/src/Illuminate/View/View.php(207): Illuminate\\View\\Engines\\CompilerEngine->get()
#5 /var/www/html/school.fsv.io/vendor/laravel/framework/src/Illuminate/View/View.php(190): Illuminate\\View\\View->getContents()
#6 /var/www/html/school.fsv.io/vendor/laravel/framework/src/Illuminate/View/View.php(159): Illuminate\\View\\View->renderContents()
#7 /var/www/html/school.fsv.io/vendor/laravel/framework/src/Illuminate/Http/Response.php(69): Illuminate\\View\\View->render()
#8 /var/www/html/school.fsv.io/vendor/laravel/framework/src/Illuminate/Http/Response.php(35): Illuminate\\Http\\Response->setContent()
#9 /var/www/html/school.fsv.io/vendor/laravel/framework/src/Illuminate/Routing/Router.php(918): Illuminate\\Http\\Response->__construct()
#10 /var/www/html/school.fsv.io/vendor/laravel/framework/src/Illuminate/Routing/Router.php(885): Illuminate\\Routing\\Router::toResponse()
#11 /var/www/html/school.fsv.io/vendor/laravel/framework/src/Illuminate/Routing/Router.php(806): Illuminate\\Routing\\Router->prepareResponse()
#12 /var/www/html/school.fsv.io/vendor/laravel/framework/src/Illuminate/Pipeline/Pipeline.php(144): Illuminate\\Routing\\Router->Illuminate\\Routing\\{closure}()
#13 /var/www/html/school.fsv.io/vendor/laravel/framework/src/Illuminate/Routing/Middleware/SubstituteBindings.php(50): Illuminate\\Pipeline\\Pipeline->Illuminate\\Pipeline\\{closure}()
#14 /var/www/html/school.fsv.io/vendor/laravel/framework/src/Illuminate/Pipeline/Pipeline.php(183): Illuminate\\Routing\\Middleware\\SubstituteBindings->handle()
#15 /var/www/html/school.fsv.io/vendor/laravel/framework/src/Illuminate/Auth/Middleware/Authenticate.php(57): Illuminate\\Pipeline\\Pipeline->Illuminate\\Pipeline\\{closure}()
#16 /var/www/html/school.fsv.io/vendor/laravel/framework/src/Illuminate/Pipeline/Pipeline.php(183): Illuminate\\Auth\\Middleware\\Authenticate->handle()
#17 /var/www/html/school.fsv.io/vendor/laravel/framework/src/Illuminate/Foundation/Http/Middleware/VerifyCsrfToken.php(78): Illuminate\\Pipeline\\Pipeline->Illuminate\\Pipeline\\{closure}()
#18 /var/www/html/school.fsv.io/vendor/laravel/framework/src/Illuminate/Pipeline/Pipeline.php(183): Illuminate\\Foundation\\Http\\Middleware\\VerifyCsrfToken->handle()
#19 /var/www/html/school.fsv.io/vendor/laravel/framework/src/Illuminate/View/Middleware/ShareErrorsFromSession.php(49): Illuminate\\Pipeline\\Pipeline->Illuminate\\Pipeline\\{closure}()
#20 /var/www/html/school.fsv.io/vendor/laravel/framework/src/Illuminate/Pipeline/Pipeline.php(183): Illuminate\\View\\Middleware\\ShareErrorsFromSession->handle()
#21 /var/www/html/school.fsv.io/vendor/laravel/framework/src/Illuminate/Session/Middleware/StartSession.php(121): Illuminate\\Pipeline\\Pipeline->Illuminate\\Pipeline\\{closure}()
#22 /var/www/html/school.fsv.io/vendor/laravel/framework/src/Illuminate/Session/Middleware/StartSession.php(64): Illuminate\\Session\\Middleware\\StartSession->handleStatefulRequest()
#23 /var/www/html/school.fsv.io/vendor/laravel/framework/src/Illuminate/Pipeline/Pipeline.php(183): Illuminate\\Session\\Middleware\\StartSession->handle()
#24 /var/www/html/school.fsv.io/vendor/laravel/framework/src/Illuminate/Cookie/Middleware/AddQueuedCookiesToResponse.php(37): Illuminate\\Pipeline\\Pipeline->Illuminate\\Pipeline\\{closure}()
#25 /var/www/html/school.fsv.io/vendor/laravel/framework/src/Illuminate/Pipeline/Pipeline.php(183): Illuminate\\Cookie\\Middleware\\AddQueuedCookiesToResponse->handle()
#26 /var/www/html/school.fsv.io/vendor/laravel/framework/src/Illuminate/Cookie/Middleware/EncryptCookies.php(67): Illuminate\\Pipeline\\Pipeline->Illuminate\\Pipeline\\{closure}()
#27 /var/www/html/school.fsv.io/vendor/laravel/framework/src/Illuminate/Pipeline/Pipeline.php(183): Illuminate\\Cookie\\Middleware\\EncryptCookies->handle()
#28 /var/www/html/school.fsv.io/vendor/laravel/framework/src/Illuminate/Pipeline/Pipeline.php(119): Illuminate\\Pipeline\\Pipeline->Illuminate\\Pipeline\\{closure}()
#29 /var/www/html/school.fsv.io/vendor/laravel/framework/src/Illuminate/Routing/Router.php(807): Illuminate\\Pipeline\\Pipeline->then()
#30 /var/www/html/school.fsv.io/vendor/laravel/framework/src/Illuminate/Routing/Router.php(784): Illuminate\\Routing\\Router->runRouteWithinStack()
#31 /var/www/html/school.fsv.io/vendor/laravel/framework/src/Illuminate/Routing/Router.php(748): Illuminate\\Routing\\Router->runRoute()
#32 /var/www/html/school.fsv.io/vendor/laravel/framework/src/Illuminate/Routing/Router.php(737): Illuminate\\Routing\\Router->dispatchToRoute()
#33 /var/www/html/school.fsv.io/vendor/laravel/framework/src/Illuminate/Foundation/Http/Kernel.php(200): Illuminate\\Routing\\Router->dispatch()
#34 /var/www/html/school.fsv.io/vendor/laravel/framework/src/Illuminate/Pipeline/Pipeline.php(144): Illuminate\\Foundation\\Http\\Kernel->Illuminate\\Foundation\\Http\\{closure}()
#35 /var/www/html/school.fsv.io/vendor/laravel/framework/src/Illuminate/Foundation/Http/Middleware/TransformsRequest.php(21): Illuminate\\Pipeline\\Pipeline->Illuminate\\Pipeline\\{closure}()
#36 /var/www/html/school.fsv.io/vendor/laravel/framework/src/Illuminate/Foundation/Http/Middleware/ConvertEmptyStringsToNull.php(31): Illuminate\\Foundation\\Http\\Middleware\\TransformsRequest->handle()
#37 /var/www/html/school.fsv.io/vendor/laravel/framework/src/Illuminate/Pipeline/Pipeline.php(183): Illuminate\\Foundation\\Http\\Middleware\\ConvertEmptyStringsToNull->handle()
#38 /var/www/html/school.fsv.io/vendor/laravel/framework/src/Illuminate/Foundation/Http/Middleware/TransformsRequest.php(21): Illuminate\\Pipeline\\Pipeline->Illuminate\\Pipeline\\{closure}()
#39 /var/www/html/school.fsv.io/vendor/laravel/framework/src/Illuminate/Foundation/Http/Middleware/TrimStrings.php(40): Illuminate\\Foundation\\Http\\Middleware\\TransformsRequest->handle()
#40 /var/www/html/school.fsv.io/vendor/laravel/framework/src/Illuminate/Pipeline/Pipeline.php(183): Illuminate\\Foundation\\Http\\Middleware\\TrimStrings->handle()
#41 /var/www/html/school.fsv.io/vendor/laravel/framework/src/Illuminate/Foundation/Http/Middleware/ValidatePostSize.php(27): Illuminate\\Pipeline\\Pipeline->Illuminate\\Pipeline\\{closure}()
#42 /var/www/html/school.fsv.io/vendor/laravel/framework/src/Illuminate/Pipeline/Pipeline.php(183): Illuminate\\Foundation\\Http\\Middleware\\ValidatePostSize->handle()
#43 /var/www/html/school.fsv.io/vendor/laravel/framework/src/Illuminate/Foundation/Http/Middleware/PreventRequestsDuringMaintenance.php(99): Illuminate\\Pipeline\\Pipeline->Illuminate\\Pipeline\\{closure}()
#44 /var/www/html/school.fsv.io/vendor/laravel/framework/src/Illuminate/Pipeline/Pipeline.php(183): Illuminate\\Foundation\\Http\\Middleware\\PreventRequestsDuringMaintenance->handle()
#45 /var/www/html/school.fsv.io/vendor/laravel/framework/src/Illuminate/Http/Middleware/HandleCors.php(49): Illuminate\\Pipeline\\Pipeline->Illuminate\\Pipeline\\{closure}()
#46 /var/www/html/school.fsv.io/vendor/laravel/framework/src/Illuminate/Pipeline/Pipeline.php(183): Illuminate\\Http\\Middleware\\HandleCors->handle()
#47 /var/www/html/school.fsv.io/vendor/laravel/framework/src/Illuminate/Http/Middleware/TrustProxies.php(39): Illuminate\\Pipeline\\Pipeline->Illuminate\\Pipeline\\{closure}()
#48 /var/www/html/school.fsv.io/vendor/laravel/framework/src/Illuminate/Pipeline/Pipeline.php(183): Illuminate\\Http\\Middleware\\TrustProxies->handle()
#49 /var/www/html/school.fsv.io/vendor/laravel/framework/src/Illuminate/Pipeline/Pipeline.php(119): Illuminate\\Pipeline\\Pipeline->Illuminate\\Pipeline\\{closure}()
#50 /var/www/html/school.fsv.io/vendor/laravel/framework/src/Illuminate/Foundation/Http/Kernel.php(175): Illuminate\\Pipeline\\Pipeline->then()
#51 /var/www/html/school.fsv.io/vendor/laravel/framework/src/Illuminate/Foundation/Http/Kernel.php(144): Illuminate\\Foundation\\Http\\Kernel->sendRequestThroughRouter()
#52 /var/www/html/school.fsv.io/public/index.php(52): Illuminate\\Foundation\\Http\\Kernel->handle()
#53 {main}

[previous exception] [object] (ErrorException(code: 0): Undefined variable $userMobile at /var/www/html/school.fsv.io/storage/framework/views/05643661880ddea8a7cb142e2eb47d77.php:12)
[stacktrace]
#0 /var/www/html/school.fsv.io/vendor/laravel/framework/src/Illuminate/Foundation/Bootstrap/HandleExceptions.php(255): Illuminate\\Foundation\\Bootstrap\\HandleExceptions->handleError()
#1 /var/www/html/school.fsv.io/storage/framework/views/05643661880ddea8a7cb142e2eb47d77.php(12): Illuminate\\Foundation\\Bootstrap\\HandleExceptions->Illuminate\\Foundation\\Bootstrap\\{closure}()
#2 /var/www/html/school.fsv.io/vendor/laravel/framework/src/Illuminate/Filesystem/Filesystem.php(123): require('...')
#3 /var/www/html/school.fsv.io/vendor/laravel/framework/src/Illuminate/Filesystem/Filesystem.php(124): Illuminate\\Filesystem\\Filesystem::Illuminate\\Filesystem\\{closure}()
#4 /var/www/html/school.fsv.io/vendor/laravel/framework/src/Illuminate/View/Engines/PhpEngine.php(58): Illuminate\\Filesystem\\Filesystem->getRequire()
#5 /var/www/html/school.fsv.io/vendor/laravel/framework/src/Illuminate/View/Engines/CompilerEngine.php(72): Illuminate\\View\\Engines\\PhpEngine->evaluatePath()
#6 /var/www/html/school.fsv.io/vendor/laravel/framework/src/Illuminate/View/View.php(207): Illuminate\\View\\Engines\\CompilerEngine->get()
#7 /var/www/html/school.fsv.io/vendor/laravel/framework/src/Illuminate/View/View.php(190): Illuminate\\View\\View->getContents()
#8 /var/www/html/school.fsv.io/vendor/laravel/framework/src/Illuminate/View/View.php(159): Illuminate\\View\\View->renderContents()
#9 /var/www/html/school.fsv.io/vendor/laravel/framework/src/Illuminate/Http/Response.php(69): Illuminate\\View\\View->render()
#10 /var/www/html/school.fsv.io/vendor/laravel/framework/src/Illuminate/Http/Response.php(35): Illuminate\\Http\\Response->setContent()
#11 /var/www/html/school.fsv.io/vendor/laravel/framework/src/Illuminate/Routing/Router.php(918): Illuminate\\Http\\Response->__construct()
#12 /var/www/html/school.fsv.io/vendor/laravel/framework/src/Illuminate/Routing/Router.php(885): Illuminate\\Routing\\Router::toResponse()
#13 /var/www/html/school.fsv.io/vendor/laravel/framework/src/Illuminate/Routing/Router.php(806): Illuminate\\Routing\\Router->prepareResponse()
#14 /var/www/html/school.fsv.io/vendor/laravel/framework/src/Illuminate/Pipeline/Pipeline.php(144): Illuminate\\Routing\\Router->Illuminate\\Routing\\{closure}()
#15 /var/www/html/school.fsv.io/vendor/laravel/framework/src/Illuminate/Routing/Middleware/SubstituteBindings.php(50): Illuminate\\Pipeline\\Pipeline->Illuminate\\Pipeline\\{closure}()
#16 /var/www/html/school.fsv.io/vendor/laravel/framework/src/Illuminate/Pipeline/Pipeline.php(183): Illuminate\\Routing\\Middleware\\SubstituteBindings->handle()
#17 /var/www/html/school.fsv.io/vendor/laravel/framework/src/Illuminate/Auth/Middleware/Authenticate.php(57): Illuminate\\Pipeline\\Pipeline->Illuminate\\Pipeline\\{closure}()
#18 /var/www/html/school.fsv.io/vendor/laravel/framework/src/Illuminate/Pipeline/Pipeline.php(183): Illuminate\\Auth\\Middleware\\Authenticate->handle()
#19 /var/www/html/school.fsv.io/vendor/laravel/framework/src/Illuminate/Foundation/Http/Middleware/VerifyCsrfToken.php(78): Illuminate\\Pipeline\\Pipeline->Illuminate\\Pipeline\\{closure}()
#20 /var/www/html/school.fsv.io/vendor/laravel/framework/src/Illuminate/Pipeline/Pipeline.php(183): Illuminate\\Foundation\\Http\\Middleware\\VerifyCsrfToken->handle()
#21 /var/www/html/school.fsv.io/vendor/laravel/framework/src/Illuminate/View/Middleware/ShareErrorsFromSession.php(49): Illuminate\\Pipeline\\Pipeline->Illuminate\\Pipeline\\{closure}()
#22 /var/www/html/school.fsv.io/vendor/laravel/framework/src/Illuminate/Pipeline/Pipeline.php(183): Illuminate\\View\\Middleware\\ShareErrorsFromSession->handle()
#23 /var/www/html/school.fsv.io/vendor/laravel/framework/src/Illuminate/Session/Middleware/StartSession.php(121): Illuminate\\Pipeline\\Pipeline->Illuminate\\Pipeline\\{closure}()
#24 /var/www/html/school.fsv.io/vendor/laravel/framework/src/Illuminate/Session/Middleware/StartSession.php(64): Illuminate\\Session\\Middleware\\StartSession->handleStatefulRequest()
#25 /var/www/html/school.fsv.io/vendor/laravel/framework/src/Illuminate/Pipeline/Pipeline.php(183): Illuminate\\Session\\Middleware\\StartSession->handle()
#26 /var/www/html/school.fsv.io/vendor/laravel/framework/src/Illuminate/Cookie/Middleware/AddQueuedCookiesToResponse.php(37): Illuminate\\Pipeline\\Pipeline->Illuminate\\Pipeline\\{closure}()
#27 /var/www/html/school.fsv.io/vendor/laravel/framework/src/Illuminate/Pipeline/Pipeline.php(183): Illuminate\\Cookie\\Middleware\\AddQueuedCookiesToResponse->handle()
#28 /var/www/html/school.fsv.io/vendor/laravel/framework/src/Illuminate/Cookie/Middleware/EncryptCookies.php(67): Illuminate\\Pipeline\\Pipeline->Illuminate\\Pipeline\\{closure}()
#29 /var/www/html/school.fsv.io/vendor/laravel/framework/src/Illuminate/Pipeline/Pipeline.php(183): Illuminate\\Cookie\\Middleware\\EncryptCookies->handle()
#30 /var/www/html/school.fsv.io/vendor/laravel/framework/src/Illuminate/Pipeline/Pipeline.php(119): Illuminate\\Pipeline\\Pipeline->Illuminate\\Pipeline\\{closure}()
#31 /var/www/html/school.fsv.io/vendor/laravel/framework/src/Illuminate/Routing/Router.php(807): Illuminate\\Pipeline\\Pipeline->then()
#32 /var/www/html/school.fsv.io/vendor/laravel/framework/src/Illuminate/Routing/Router.php(784): Illuminate\\Routing\\Router->runRouteWithinStack()
#33 /var/www/html/school.fsv.io/vendor/laravel/framework/src/Illuminate/Routing/Router.php(748): Illuminate\\Routing\\Router->runRoute()
#34 /var/www/html/school.fsv.io/vendor/laravel/framework/src/Illuminate/Routing/Router.php(737): Illuminate\\Routing\\Router->dispatchToRoute()
#35 /var/www/html/school.fsv.io/vendor/laravel/framework/src/Illuminate/Foundation/Http/Kernel.php(200): Illuminate\\Routing\\Router->dispatch()
#36 /var/www/html/school.fsv.io/vendor/laravel/framework/src/Illuminate/Pipeline/Pipeline.php(144): Illuminate\\Foundation\\Http\\Kernel->Illuminate\\Foundation\\Http\\{closure}()
#37 /var/www/html/school.fsv.io/vendor/laravel/framework/src/Illuminate/Foundation/Http/Middleware/TransformsRequest.php(21): Illuminate\\Pipeline\\Pipeline->Illuminate\\Pipeline\\{closure}()
#38 /var/www/html/school.fsv.io/vendor/laravel/framework/src/Illuminate/Foundation/Http/Middleware/ConvertEmptyStringsToNull.php(31): Illuminate\\Foundation\\Http\\Middleware\\TransformsRequest->handle()
#39 /var/www/html/school.fsv.io/vendor/laravel/framework/src/Illuminate/Pipeline/Pipeline.php(183): Illuminate\\Foundation\\Http\\Middleware\\ConvertEmptyStringsToNull->handle()
#40 /var/www/html/school.fsv.io/vendor/laravel/framework/src/Illuminate/Foundation/Http/Middleware/TransformsRequest.php(21): Illuminate\\Pipeline\\Pipeline->Illuminate\\Pipeline\\{closure}()
#41 /var/www/html/school.fsv.io/vendor/laravel/framework/src/Illuminate/Foundation/Http/Middleware/TrimStrings.php(40): Illuminate\\Foundation\\Http\\Middleware\\TransformsRequest->handle()
#42 /var/www/html/school.fsv.io/vendor/laravel/framework/src/Illuminate/Pipeline/Pipeline.php(183): Illuminate\\Foundation\\Http\\Middleware\\TrimStrings->handle()
#43 /var/www/html/school.fsv.io/vendor/laravel/framework/src/Illuminate/Foundation/Http/Middleware/ValidatePostSize.php(27): Illuminate\\Pipeline\\Pipeline->Illuminate\\Pipeline\\{closure}()
#44 /var/www/html/school.fsv.io/vendor/laravel/framework/src/Illuminate/Pipeline/Pipeline.php(183): Illuminate\\Foundation\\Http\\Middleware\\ValidatePostSize->handle()
#45 /var/www/html/school.fsv.io/vendor/laravel/framework/src/Illuminate/Foundation/Http/Middleware/PreventRequestsDuringMaintenance.php(99): Illuminate\\Pipeline\\Pipeline->Illuminate\\Pipeline\\{closure}()
#46 /var/www/html/school.fsv.io/vendor/laravel/framework/src/Illuminate/Pipeline/Pipeline.php(183): Illuminate\\Foundation\\Http\\Middleware\\PreventRequestsDuringMaintenance->handle()
#47 /var/www/html/school.fsv.io/vendor/laravel/framework/src/Illuminate/Http/Middleware/HandleCors.php(49): Illuminate\\Pipeline\\Pipeline->Illuminate\\Pipeline\\{closure}()
#48 /var/www/html/school.fsv.io/vendor/laravel/framework/src/Illuminate/Pipeline/Pipeline.php(183): Illuminate\\Http\\Middleware\\HandleCors->handle()
#49 /var/www/html/school.fsv.io/vendor/laravel/framework/src/Illuminate/Http/Middleware/TrustProxies.php(39): Illuminate\\Pipeline\\Pipeline->Illuminate\\Pipeline\\{closure}()
#50 /var/www/html/school.fsv.io/vendor/laravel/framework/src/Illuminate/Pipeline/Pipeline.php(183): Illuminate\\Http\\Middleware\\TrustProxies->handle()
#51 /var/www/html/school.fsv.io/vendor/laravel/framework/src/Illuminate/Pipeline/Pipeline.php(119): Illuminate\\Pipeline\\Pipeline->Illuminate\\Pipeline\\{closure}()
#52 /var/www/html/school.fsv.io/vendor/laravel/framework/src/Illuminate/Foundation/Http/Kernel.php(175): Illuminate\\Pipeline\\Pipeline->then()
#53 /var/www/html/school.fsv.io/vendor/laravel/framework/src/Illuminate/Foundation/Http/Kernel.php(144): Illuminate\\Foundation\\Http\\Kernel->sendRequestThroughRouter()
#54 /var/www/html/school.fsv.io/public/index.php(52): Illuminate\\Foundation\\Http\\Kernel->handle()
#55 {main}
"} 
[2025-02-25 13:06:17] local.INFO: select * from `users` where `id` = ? limit 1 [1] 
[2025-02-25 13:06:17] local.INFO: 🚪 User 1 logging out. Clearing cache.  
[2025-02-25 13:06:22] local.INFO: select * from `users` where `email` = ? limit 1 ["vihi@fsv.io"] 
[2025-02-25 13:06:22] local.INFO: ✅ User 1 logged in. Fetching Wave token & stream...  
[2025-02-25 13:06:22] local.INFO: 🔄 Requesting new Wave API auth token...  
[2025-02-25 13:06:23] local.INFO: ✅ Cached new Wave API token for user 1  
[2025-02-25 13:06:23] local.INFO: ⏳ Requesting new HLS stream URLs...  
[2025-02-25 13:06:23] local.DEBUG: 📄 HLS Response: #EXTM3U
#EXT-X-STREAM-INF:BANDWIDTH=1348648
https://wjqdl0y6edyhbizvejw3l8.relay-us-chi-2-prod-dp.vmsproxy.com:443/hls/46991f0f-9e6f-a682-d0fd-b92b2ff03785.m3u8?authKey=b16f2d79-0dad-4f00-b5d1-e5557b2b6803&chunked&sessionID=3&hi
#EXT-X-STREAM-INF:BANDWIDTH=25408
https://wjqdl0y6edyhbizvejw3l8.relay-us-chi-2-prod-dp.vmsproxy.com:443/hls/46991f0f-9e6f-a682-d0fd-b92b2ff03785.m3u8?authKey=b16f2d79-0dad-4f00-b5d1-e5557b2b6803&chunked&sessionID=3&lo
  
[2025-02-25 13:06:23] local.INFO: ✅ Cached new HLS stream URLs for user 1  
[2025-02-25 13:06:23] local.INFO: select * from `users` where `id` = ? limit 1 [1] 
[2025-02-25 13:06:23] local.INFO: select * from `users` where `id` = ? limit 1 [1] 
[2025-02-25 13:06:23] local.INFO: select * from `school_infos` limit 1  
[2025-02-25 13:06:23] local.INFO: select count(*) as aggregate from `rooms` where `current_occupancy` > ? [0] 
[2025-02-25 13:06:23] local.INFO: select sum(`current_occupancy`) as aggregate from `rooms`  
[2025-02-25 13:06:23] local.INFO: select * from `rooms` where `room_number` = ? limit 1 ["101"] 
[2025-02-25 13:06:26] local.INFO: select * from `users` where `id` = ? limit 1 [1] 
[2025-02-25 13:06:26] local.INFO: 📌 Emergency Report Page Loaded  
[2025-02-25 13:06:26] local.INFO: select * from `school_infos` limit 1  
[2025-02-25 13:06:26] local.INFO: select * from `rooms`  
[2025-02-25 13:06:26] local.INFO: select * from `users` where `home_room` is not null  
[2025-02-25 13:06:26] local.INFO: select sum(`current_occupancy`) as aggregate from `rooms`  
[2025-02-25 13:06:26] local.INFO: select * from `rooms` where `room_number` = ? limit 1 ["101"] 
[2025-02-25 13:06:26] local.INFO: select count(*) as aggregate from `rooms` where `current_occupancy` > ? [0] 
[2025-02-25 13:06:26] local.ERROR: Undefined variable $userMobile {"view":{"view":"/var/www/html/school.fsv.io/resources/views/emergency/report.blade.php","data":[]},"userId":1,"exception":"[object] (Spatie\\LaravelIgnition\\Exceptions\\ViewException(code: 0): Undefined variable $userMobile at /var/www/html/school.fsv.io/resources/views/emergency/report.blade.php:14)
[stacktrace]
#0 /var/www/html/school.fsv.io/vendor/laravel/framework/src/Illuminate/Filesystem/Filesystem.php(123): require('...')
#1 /var/www/html/school.fsv.io/vendor/laravel/framework/src/Illuminate/Filesystem/Filesystem.php(124): Illuminate\\Filesystem\\Filesystem::Illuminate\\Filesystem\\{closure}()
#2 /var/www/html/school.fsv.io/vendor/laravel/framework/src/Illuminate/View/Engines/PhpEngine.php(58): Illuminate\\Filesystem\\Filesystem->getRequire()
#3 /var/www/html/school.fsv.io/vendor/laravel/framework/src/Illuminate/View/Engines/CompilerEngine.php(72): Illuminate\\View\\Engines\\PhpEngine->evaluatePath()
#4 /var/www/html/school.fsv.io/vendor/laravel/framework/src/Illuminate/View/View.php(207): Illuminate\\View\\Engines\\CompilerEngine->get()
#5 /var/www/html/school.fsv.io/vendor/laravel/framework/src/Illuminate/View/View.php(190): Illuminate\\View\\View->getContents()
#6 /var/www/html/school.fsv.io/vendor/laravel/framework/src/Illuminate/View/View.php(159): Illuminate\\View\\View->renderContents()
#7 /var/www/html/school.fsv.io/vendor/laravel/framework/src/Illuminate/Http/Response.php(69): Illuminate\\View\\View->render()
#8 /var/www/html/school.fsv.io/vendor/laravel/framework/src/Illuminate/Http/Response.php(35): Illuminate\\Http\\Response->setContent()
#9 /var/www/html/school.fsv.io/vendor/laravel/framework/src/Illuminate/Routing/Router.php(918): Illuminate\\Http\\Response->__construct()
#10 /var/www/html/school.fsv.io/vendor/laravel/framework/src/Illuminate/Routing/Router.php(885): Illuminate\\Routing\\Router::toResponse()
#11 /var/www/html/school.fsv.io/vendor/laravel/framework/src/Illuminate/Routing/Router.php(806): Illuminate\\Routing\\Router->prepareResponse()
#12 /var/www/html/school.fsv.io/vendor/laravel/framework/src/Illuminate/Pipeline/Pipeline.php(144): Illuminate\\Routing\\Router->Illuminate\\Routing\\{closure}()
#13 /var/www/html/school.fsv.io/vendor/laravel/framework/src/Illuminate/Routing/Middleware/SubstituteBindings.php(50): Illuminate\\Pipeline\\Pipeline->Illuminate\\Pipeline\\{closure}()
#14 /var/www/html/school.fsv.io/vendor/laravel/framework/src/Illuminate/Pipeline/Pipeline.php(183): Illuminate\\Routing\\Middleware\\SubstituteBindings->handle()
#15 /var/www/html/school.fsv.io/vendor/laravel/framework/src/Illuminate/Auth/Middleware/Authenticate.php(57): Illuminate\\Pipeline\\Pipeline->Illuminate\\Pipeline\\{closure}()
#16 /var/www/html/school.fsv.io/vendor/laravel/framework/src/Illuminate/Pipeline/Pipeline.php(183): Illuminate\\Auth\\Middleware\\Authenticate->handle()
#17 /var/www/html/school.fsv.io/vendor/laravel/framework/src/Illuminate/Foundation/Http/Middleware/VerifyCsrfToken.php(78): Illuminate\\Pipeline\\Pipeline->Illuminate\\Pipeline\\{closure}()
#18 /var/www/html/school.fsv.io/vendor/laravel/framework/src/Illuminate/Pipeline/Pipeline.php(183): Illuminate\\Foundation\\Http\\Middleware\\VerifyCsrfToken->handle()
#19 /var/www/html/school.fsv.io/vendor/laravel/framework/src/Illuminate/View/Middleware/ShareErrorsFromSession.php(49): Illuminate\\Pipeline\\Pipeline->Illuminate\\Pipeline\\{closure}()
#20 /var/www/html/school.fsv.io/vendor/laravel/framework/src/Illuminate/Pipeline/Pipeline.php(183): Illuminate\\View\\Middleware\\ShareErrorsFromSession->handle()
#21 /var/www/html/school.fsv.io/vendor/laravel/framework/src/Illuminate/Session/Middleware/StartSession.php(121): Illuminate\\Pipeline\\Pipeline->Illuminate\\Pipeline\\{closure}()
#22 /var/www/html/school.fsv.io/vendor/laravel/framework/src/Illuminate/Session/Middleware/StartSession.php(64): Illuminate\\Session\\Middleware\\StartSession->handleStatefulRequest()
#23 /var/www/html/school.fsv.io/vendor/laravel/framework/src/Illuminate/Pipeline/Pipeline.php(183): Illuminate\\Session\\Middleware\\StartSession->handle()
#24 /var/www/html/school.fsv.io/vendor/laravel/framework/src/Illuminate/Cookie/Middleware/AddQueuedCookiesToResponse.php(37): Illuminate\\Pipeline\\Pipeline->Illuminate\\Pipeline\\{closure}()
#25 /var/www/html/school.fsv.io/vendor/laravel/framework/src/Illuminate/Pipeline/Pipeline.php(183): Illuminate\\Cookie\\Middleware\\AddQueuedCookiesToResponse->handle()
#26 /var/www/html/school.fsv.io/vendor/laravel/framework/src/Illuminate/Cookie/Middleware/EncryptCookies.php(67): Illuminate\\Pipeline\\Pipeline->Illuminate\\Pipeline\\{closure}()
#27 /var/www/html/school.fsv.io/vendor/laravel/framework/src/Illuminate/Pipeline/Pipeline.php(183): Illuminate\\Cookie\\Middleware\\EncryptCookies->handle()
#28 /var/www/html/school.fsv.io/vendor/laravel/framework/src/Illuminate/Pipeline/Pipeline.php(119): Illuminate\\Pipeline\\Pipeline->Illuminate\\Pipeline\\{closure}()
#29 /var/www/html/school.fsv.io/vendor/laravel/framework/src/Illuminate/Routing/Router.php(807): Illuminate\\Pipeline\\Pipeline->then()
#30 /var/www/html/school.fsv.io/vendor/laravel/framework/src/Illuminate/Routing/Router.php(784): Illuminate\\Routing\\Router->runRouteWithinStack()
#31 /var/www/html/school.fsv.io/vendor/laravel/framework/src/Illuminate/Routing/Router.php(748): Illuminate\\Routing\\Router->runRoute()
#32 /var/www/html/school.fsv.io/vendor/laravel/framework/src/Illuminate/Routing/Router.php(737): Illuminate\\Routing\\Router->dispatchToRoute()
#33 /var/www/html/school.fsv.io/vendor/laravel/framework/src/Illuminate/Foundation/Http/Kernel.php(200): Illuminate\\Routing\\Router->dispatch()
#34 /var/www/html/school.fsv.io/vendor/laravel/framework/src/Illuminate/Pipeline/Pipeline.php(144): Illuminate\\Foundation\\Http\\Kernel->Illuminate\\Foundation\\Http\\{closure}()
#35 /var/www/html/school.fsv.io/vendor/laravel/framework/src/Illuminate/Foundation/Http/Middleware/TransformsRequest.php(21): Illuminate\\Pipeline\\Pipeline->Illuminate\\Pipeline\\{closure}()
#36 /var/www/html/school.fsv.io/vendor/laravel/framework/src/Illuminate/Foundation/Http/Middleware/ConvertEmptyStringsToNull.php(31): Illuminate\\Foundation\\Http\\Middleware\\TransformsRequest->handle()
#37 /var/www/html/school.fsv.io/vendor/laravel/framework/src/Illuminate/Pipeline/Pipeline.php(183): Illuminate\\Foundation\\Http\\Middleware\\ConvertEmptyStringsToNull->handle()
#38 /var/www/html/school.fsv.io/vendor/laravel/framework/src/Illuminate/Foundation/Http/Middleware/TransformsRequest.php(21): Illuminate\\Pipeline\\Pipeline->Illuminate\\Pipeline\\{closure}()
#39 /var/www/html/school.fsv.io/vendor/laravel/framework/src/Illuminate/Foundation/Http/Middleware/TrimStrings.php(40): Illuminate\\Foundation\\Http\\Middleware\\TransformsRequest->handle()
#40 /var/www/html/school.fsv.io/vendor/laravel/framework/src/Illuminate/Pipeline/Pipeline.php(183): Illuminate\\Foundation\\Http\\Middleware\\TrimStrings->handle()
#41 /var/www/html/school.fsv.io/vendor/laravel/framework/src/Illuminate/Foundation/Http/Middleware/ValidatePostSize.php(27): Illuminate\\Pipeline\\Pipeline->Illuminate\\Pipeline\\{closure}()
#42 /var/www/html/school.fsv.io/vendor/laravel/framework/src/Illuminate/Pipeline/Pipeline.php(183): Illuminate\\Foundation\\Http\\Middleware\\ValidatePostSize->handle()
#43 /var/www/html/school.fsv.io/vendor/laravel/framework/src/Illuminate/Foundation/Http/Middleware/PreventRequestsDuringMaintenance.php(99): Illuminate\\Pipeline\\Pipeline->Illuminate\\Pipeline\\{closure}()
#44 /var/www/html/school.fsv.io/vendor/laravel/framework/src/Illuminate/Pipeline/Pipeline.php(183): Illuminate\\Foundation\\Http\\Middleware\\PreventRequestsDuringMaintenance->handle()
#45 /var/www/html/school.fsv.io/vendor/laravel/framework/src/Illuminate/Http/Middleware/HandleCors.php(49): Illuminate\\Pipeline\\Pipeline->Illuminate\\Pipeline\\{closure}()
#46 /var/www/html/school.fsv.io/vendor/laravel/framework/src/Illuminate/Pipeline/Pipeline.php(183): Illuminate\\Http\\Middleware\\HandleCors->handle()
#47 /var/www/html/school.fsv.io/vendor/laravel/framework/src/Illuminate/Http/Middleware/TrustProxies.php(39): Illuminate\\Pipeline\\Pipeline->Illuminate\\Pipeline\\{closure}()
#48 /var/www/html/school.fsv.io/vendor/laravel/framework/src/Illuminate/Pipeline/Pipeline.php(183): Illuminate\\Http\\Middleware\\TrustProxies->handle()
#49 /var/www/html/school.fsv.io/vendor/laravel/framework/src/Illuminate/Pipeline/Pipeline.php(119): Illuminate\\Pipeline\\Pipeline->Illuminate\\Pipeline\\{closure}()
#50 /var/www/html/school.fsv.io/vendor/laravel/framework/src/Illuminate/Foundation/Http/Kernel.php(175): Illuminate\\Pipeline\\Pipeline->then()
#51 /var/www/html/school.fsv.io/vendor/laravel/framework/src/Illuminate/Foundation/Http/Kernel.php(144): Illuminate\\Foundation\\Http\\Kernel->sendRequestThroughRouter()
#52 /var/www/html/school.fsv.io/public/index.php(52): Illuminate\\Foundation\\Http\\Kernel->handle()
#53 {main}

[previous exception] [object] (ErrorException(code: 0): Undefined variable $userMobile at /var/www/html/school.fsv.io/storage/framework/views/05643661880ddea8a7cb142e2eb47d77.php:12)
[stacktrace]
#0 /var/www/html/school.fsv.io/vendor/laravel/framework/src/Illuminate/Foundation/Bootstrap/HandleExceptions.php(255): Illuminate\\Foundation\\Bootstrap\\HandleExceptions->handleError()
#1 /var/www/html/school.fsv.io/storage/framework/views/05643661880ddea8a7cb142e2eb47d77.php(12): Illuminate\\Foundation\\Bootstrap\\HandleExceptions->Illuminate\\Foundation\\Bootstrap\\{closure}()
#2 /var/www/html/school.fsv.io/vendor/laravel/framework/src/Illuminate/Filesystem/Filesystem.php(123): require('...')
#3 /var/www/html/school.fsv.io/vendor/laravel/framework/src/Illuminate/Filesystem/Filesystem.php(124): Illuminate\\Filesystem\\Filesystem::Illuminate\\Filesystem\\{closure}()
#4 /var/www/html/school.fsv.io/vendor/laravel/framework/src/Illuminate/View/Engines/PhpEngine.php(58): Illuminate\\Filesystem\\Filesystem->getRequire()
#5 /var/www/html/school.fsv.io/vendor/laravel/framework/src/Illuminate/View/Engines/CompilerEngine.php(72): Illuminate\\View\\Engines\\PhpEngine->evaluatePath()
#6 /var/www/html/school.fsv.io/vendor/laravel/framework/src/Illuminate/View/View.php(207): Illuminate\\View\\Engines\\CompilerEngine->get()
#7 /var/www/html/school.fsv.io/vendor/laravel/framework/src/Illuminate/View/View.php(190): Illuminate\\View\\View->getContents()
#8 /var/www/html/school.fsv.io/vendor/laravel/framework/src/Illuminate/View/View.php(159): Illuminate\\View\\View->renderContents()
#9 /var/www/html/school.fsv.io/vendor/laravel/framework/src/Illuminate/Http/Response.php(69): Illuminate\\View\\View->render()
#10 /var/www/html/school.fsv.io/vendor/laravel/framework/src/Illuminate/Http/Response.php(35): Illuminate\\Http\\Response->setContent()
#11 /var/www/html/school.fsv.io/vendor/laravel/framework/src/Illuminate/Routing/Router.php(918): Illuminate\\Http\\Response->__construct()
#12 /var/www/html/school.fsv.io/vendor/laravel/framework/src/Illuminate/Routing/Router.php(885): Illuminate\\Routing\\Router::toResponse()
#13 /var/www/html/school.fsv.io/vendor/laravel/framework/src/Illuminate/Routing/Router.php(806): Illuminate\\Routing\\Router->prepareResponse()
#14 /var/www/html/school.fsv.io/vendor/laravel/framework/src/Illuminate/Pipeline/Pipeline.php(144): Illuminate\\Routing\\Router->Illuminate\\Routing\\{closure}()
#15 /var/www/html/school.fsv.io/vendor/laravel/framework/src/Illuminate/Routing/Middleware/SubstituteBindings.php(50): Illuminate\\Pipeline\\Pipeline->Illuminate\\Pipeline\\{closure}()
#16 /var/www/html/school.fsv.io/vendor/laravel/framework/src/Illuminate/Pipeline/Pipeline.php(183): Illuminate\\Routing\\Middleware\\SubstituteBindings->handle()
#17 /var/www/html/school.fsv.io/vendor/laravel/framework/src/Illuminate/Auth/Middleware/Authenticate.php(57): Illuminate\\Pipeline\\Pipeline->Illuminate\\Pipeline\\{closure}()
#18 /var/www/html/school.fsv.io/vendor/laravel/framework/src/Illuminate/Pipeline/Pipeline.php(183): Illuminate\\Auth\\Middleware\\Authenticate->handle()
#19 /var/www/html/school.fsv.io/vendor/laravel/framework/src/Illuminate/Foundation/Http/Middleware/VerifyCsrfToken.php(78): Illuminate\\Pipeline\\Pipeline->Illuminate\\Pipeline\\{closure}()
#20 /var/www/html/school.fsv.io/vendor/laravel/framework/src/Illuminate/Pipeline/Pipeline.php(183): Illuminate\\Foundation\\Http\\Middleware\\VerifyCsrfToken->handle()
#21 /var/www/html/school.fsv.io/vendor/laravel/framework/src/Illuminate/View/Middleware/ShareErrorsFromSession.php(49): Illuminate\\Pipeline\\Pipeline->Illuminate\\Pipeline\\{closure}()
#22 /var/www/html/school.fsv.io/vendor/laravel/framework/src/Illuminate/Pipeline/Pipeline.php(183): Illuminate\\View\\Middleware\\ShareErrorsFromSession->handle()
#23 /var/www/html/school.fsv.io/vendor/laravel/framework/src/Illuminate/Session/Middleware/StartSession.php(121): Illuminate\\Pipeline\\Pipeline->Illuminate\\Pipeline\\{closure}()
#24 /var/www/html/school.fsv.io/vendor/laravel/framework/src/Illuminate/Session/Middleware/StartSession.php(64): Illuminate\\Session\\Middleware\\StartSession->handleStatefulRequest()
#25 /var/www/html/school.fsv.io/vendor/laravel/framework/src/Illuminate/Pipeline/Pipeline.php(183): Illuminate\\Session\\Middleware\\StartSession->handle()
#26 /var/www/html/school.fsv.io/vendor/laravel/framework/src/Illuminate/Cookie/Middleware/AddQueuedCookiesToResponse.php(37): Illuminate\\Pipeline\\Pipeline->Illuminate\\Pipeline\\{closure}()
#27 /var/www/html/school.fsv.io/vendor/laravel/framework/src/Illuminate/Pipeline/Pipeline.php(183): Illuminate\\Cookie\\Middleware\\AddQueuedCookiesToResponse->handle()
#28 /var/www/html/school.fsv.io/vendor/laravel/framework/src/Illuminate/Cookie/Middleware/EncryptCookies.php(67): Illuminate\\Pipeline\\Pipeline->Illuminate\\Pipeline\\{closure}()
#29 /var/www/html/school.fsv.io/vendor/laravel/framework/src/Illuminate/Pipeline/Pipeline.php(183): Illuminate\\Cookie\\Middleware\\EncryptCookies->handle()
#30 /var/www/html/school.fsv.io/vendor/laravel/framework/src/Illuminate/Pipeline/Pipeline.php(119): Illuminate\\Pipeline\\Pipeline->Illuminate\\Pipeline\\{closure}()
#31 /var/www/html/school.fsv.io/vendor/laravel/framework/src/Illuminate/Routing/Router.php(807): Illuminate\\Pipeline\\Pipeline->then()
#32 /var/www/html/school.fsv.io/vendor/laravel/framework/src/Illuminate/Routing/Router.php(784): Illuminate\\Routing\\Router->runRouteWithinStack()
#33 /var/www/html/school.fsv.io/vendor/laravel/framework/src/Illuminate/Routing/Router.php(748): Illuminate\\Routing\\Router->runRoute()
#34 /var/www/html/school.fsv.io/vendor/laravel/framework/src/Illuminate/Routing/Router.php(737): Illuminate\\Routing\\Router->dispatchToRoute()
#35 /var/www/html/school.fsv.io/vendor/laravel/framework/src/Illuminate/Foundation/Http/Kernel.php(200): Illuminate\\Routing\\Router->dispatch()
#36 /var/www/html/school.fsv.io/vendor/laravel/framework/src/Illuminate/Pipeline/Pipeline.php(144): Illuminate\\Foundation\\Http\\Kernel->Illuminate\\Foundation\\Http\\{closure}()
#37 /var/www/html/school.fsv.io/vendor/laravel/framework/src/Illuminate/Foundation/Http/Middleware/TransformsRequest.php(21): Illuminate\\Pipeline\\Pipeline->Illuminate\\Pipeline\\{closure}()
#38 /var/www/html/school.fsv.io/vendor/laravel/framework/src/Illuminate/Foundation/Http/Middleware/ConvertEmptyStringsToNull.php(31): Illuminate\\Foundation\\Http\\Middleware\\TransformsRequest->handle()
#39 /var/www/html/school.fsv.io/vendor/laravel/framework/src/Illuminate/Pipeline/Pipeline.php(183): Illuminate\\Foundation\\Http\\Middleware\\ConvertEmptyStringsToNull->handle()
#40 /var/www/html/school.fsv.io/vendor/laravel/framework/src/Illuminate/Foundation/Http/Middleware/TransformsRequest.php(21): Illuminate\\Pipeline\\Pipeline->Illuminate\\Pipeline\\{closure}()
#41 /var/www/html/school.fsv.io/vendor/laravel/framework/src/Illuminate/Foundation/Http/Middleware/TrimStrings.php(40): Illuminate\\Foundation\\Http\\Middleware\\TransformsRequest->handle()
#42 /var/www/html/school.fsv.io/vendor/laravel/framework/src/Illuminate/Pipeline/Pipeline.php(183): Illuminate\\Foundation\\Http\\Middleware\\TrimStrings->handle()
#43 /var/www/html/school.fsv.io/vendor/laravel/framework/src/Illuminate/Foundation/Http/Middleware/ValidatePostSize.php(27): Illuminate\\Pipeline\\Pipeline->Illuminate\\Pipeline\\{closure}()
#44 /var/www/html/school.fsv.io/vendor/laravel/framework/src/Illuminate/Pipeline/Pipeline.php(183): Illuminate\\Foundation\\Http\\Middleware\\ValidatePostSize->handle()
#45 /var/www/html/school.fsv.io/vendor/laravel/framework/src/Illuminate/Foundation/Http/Middleware/PreventRequestsDuringMaintenance.php(99): Illuminate\\Pipeline\\Pipeline->Illuminate\\Pipeline\\{closure}()
#46 /var/www/html/school.fsv.io/vendor/laravel/framework/src/Illuminate/Pipeline/Pipeline.php(183): Illuminate\\Foundation\\Http\\Middleware\\PreventRequestsDuringMaintenance->handle()
#47 /var/www/html/school.fsv.io/vendor/laravel/framework/src/Illuminate/Http/Middleware/HandleCors.php(49): Illuminate\\Pipeline\\Pipeline->Illuminate\\Pipeline\\{closure}()
#48 /var/www/html/school.fsv.io/vendor/laravel/framework/src/Illuminate/Pipeline/Pipeline.php(183): Illuminate\\Http\\Middleware\\HandleCors->handle()
#49 /var/www/html/school.fsv.io/vendor/laravel/framework/src/Illuminate/Http/Middleware/TrustProxies.php(39): Illuminate\\Pipeline\\Pipeline->Illuminate\\Pipeline\\{closure}()
#50 /var/www/html/school.fsv.io/vendor/laravel/framework/src/Illuminate/Pipeline/Pipeline.php(183): Illuminate\\Http\\Middleware\\TrustProxies->handle()
#51 /var/www/html/school.fsv.io/vendor/laravel/framework/src/Illuminate/Pipeline/Pipeline.php(119): Illuminate\\Pipeline\\Pipeline->Illuminate\\Pipeline\\{closure}()
#52 /var/www/html/school.fsv.io/vendor/laravel/framework/src/Illuminate/Foundation/Http/Kernel.php(175): Illuminate\\Pipeline\\Pipeline->then()
#53 /var/www/html/school.fsv.io/vendor/laravel/framework/src/Illuminate/Foundation/Http/Kernel.php(144): Illuminate\\Foundation\\Http\\Kernel->sendRequestThroughRouter()
#54 /var/www/html/school.fsv.io/public/index.php(52): Illuminate\\Foundation\\Http\\Kernel->handle()
#55 {main}
"} 
[2025-02-25 13:06:35] local.INFO: select * from `users` where `id` = ? limit 1 [2] 
[2025-02-25 13:06:35] local.INFO: select * from `school_infos` limit 1  
[2025-02-25 13:06:35] local.INFO: select count(*) as aggregate from `rooms` where `current_occupancy` > ? [0] 
[2025-02-25 13:06:35] local.INFO: select sum(`current_occupancy`) as aggregate from `rooms`  
[2025-02-25 13:06:35] local.INFO: select * from `rooms` where `room_number` = ? limit 1 ["102"] 
[2025-02-25 13:06:38] local.INFO: select * from `users` where `id` = ? limit 1 [2] 
[2025-02-25 13:06:38] local.INFO: 📌 Emergency Report Page Loaded  
[2025-02-25 13:06:38] local.INFO: select * from `school_infos` limit 1  
[2025-02-25 13:06:38] local.INFO: select * from `rooms`  
[2025-02-25 13:06:38] local.INFO: select * from `users` where `home_room` is not null  
[2025-02-25 13:06:38] local.INFO: select sum(`current_occupancy`) as aggregate from `rooms`  
[2025-02-25 13:06:38] local.INFO: select * from `rooms` where `room_number` = ? limit 1 ["102"] 
[2025-02-25 13:06:38] local.INFO: select count(*) as aggregate from `rooms` where `current_occupancy` > ? [0] 
[2025-02-25 13:06:38] local.ERROR: Undefined variable $userMobile {"view":{"view":"/var/www/html/school.fsv.io/resources/views/emergency/report.blade.php","data":[]},"userId":2,"exception":"[object] (Spatie\\LaravelIgnition\\Exceptions\\ViewException(code: 0): Undefined variable $userMobile at /var/www/html/school.fsv.io/resources/views/emergency/report.blade.php:14)
[stacktrace]
#0 /var/www/html/school.fsv.io/vendor/laravel/framework/src/Illuminate/Filesystem/Filesystem.php(123): require('...')
#1 /var/www/html/school.fsv.io/vendor/laravel/framework/src/Illuminate/Filesystem/Filesystem.php(124): Illuminate\\Filesystem\\Filesystem::Illuminate\\Filesystem\\{closure}()
#2 /var/www/html/school.fsv.io/vendor/laravel/framework/src/Illuminate/View/Engines/PhpEngine.php(58): Illuminate\\Filesystem\\Filesystem->getRequire()
#3 /var/www/html/school.fsv.io/vendor/laravel/framework/src/Illuminate/View/Engines/CompilerEngine.php(72): Illuminate\\View\\Engines\\PhpEngine->evaluatePath()
#4 /var/www/html/school.fsv.io/vendor/laravel/framework/src/Illuminate/View/View.php(207): Illuminate\\View\\Engines\\CompilerEngine->get()
#5 /var/www/html/school.fsv.io/vendor/laravel/framework/src/Illuminate/View/View.php(190): Illuminate\\View\\View->getContents()
#6 /var/www/html/school.fsv.io/vendor/laravel/framework/src/Illuminate/View/View.php(159): Illuminate\\View\\View->renderContents()
#7 /var/www/html/school.fsv.io/vendor/laravel/framework/src/Illuminate/Http/Response.php(69): Illuminate\\View\\View->render()
#8 /var/www/html/school.fsv.io/vendor/laravel/framework/src/Illuminate/Http/Response.php(35): Illuminate\\Http\\Response->setContent()
#9 /var/www/html/school.fsv.io/vendor/laravel/framework/src/Illuminate/Routing/Router.php(918): Illuminate\\Http\\Response->__construct()
#10 /var/www/html/school.fsv.io/vendor/laravel/framework/src/Illuminate/Routing/Router.php(885): Illuminate\\Routing\\Router::toResponse()
#11 /var/www/html/school.fsv.io/vendor/laravel/framework/src/Illuminate/Routing/Router.php(806): Illuminate\\Routing\\Router->prepareResponse()
#12 /var/www/html/school.fsv.io/vendor/laravel/framework/src/Illuminate/Pipeline/Pipeline.php(144): Illuminate\\Routing\\Router->Illuminate\\Routing\\{closure}()
#13 /var/www/html/school.fsv.io/vendor/laravel/framework/src/Illuminate/Routing/Middleware/SubstituteBindings.php(50): Illuminate\\Pipeline\\Pipeline->Illuminate\\Pipeline\\{closure}()
#14 /var/www/html/school.fsv.io/vendor/laravel/framework/src/Illuminate/Pipeline/Pipeline.php(183): Illuminate\\Routing\\Middleware\\SubstituteBindings->handle()
#15 /var/www/html/school.fsv.io/vendor/laravel/framework/src/Illuminate/Auth/Middleware/Authenticate.php(57): Illuminate\\Pipeline\\Pipeline->Illuminate\\Pipeline\\{closure}()
#16 /var/www/html/school.fsv.io/vendor/laravel/framework/src/Illuminate/Pipeline/Pipeline.php(183): Illuminate\\Auth\\Middleware\\Authenticate->handle()
#17 /var/www/html/school.fsv.io/vendor/laravel/framework/src/Illuminate/Foundation/Http/Middleware/VerifyCsrfToken.php(78): Illuminate\\Pipeline\\Pipeline->Illuminate\\Pipeline\\{closure}()
#18 /var/www/html/school.fsv.io/vendor/laravel/framework/src/Illuminate/Pipeline/Pipeline.php(183): Illuminate\\Foundation\\Http\\Middleware\\VerifyCsrfToken->handle()
#19 /var/www/html/school.fsv.io/vendor/laravel/framework/src/Illuminate/View/Middleware/ShareErrorsFromSession.php(49): Illuminate\\Pipeline\\Pipeline->Illuminate\\Pipeline\\{closure}()
#20 /var/www/html/school.fsv.io/vendor/laravel/framework/src/Illuminate/Pipeline/Pipeline.php(183): Illuminate\\View\\Middleware\\ShareErrorsFromSession->handle()
#21 /var/www/html/school.fsv.io/vendor/laravel/framework/src/Illuminate/Session/Middleware/StartSession.php(121): Illuminate\\Pipeline\\Pipeline->Illuminate\\Pipeline\\{closure}()
#22 /var/www/html/school.fsv.io/vendor/laravel/framework/src/Illuminate/Session/Middleware/StartSession.php(64): Illuminate\\Session\\Middleware\\StartSession->handleStatefulRequest()
#23 /var/www/html/school.fsv.io/vendor/laravel/framework/src/Illuminate/Pipeline/Pipeline.php(183): Illuminate\\Session\\Middleware\\StartSession->handle()
#24 /var/www/html/school.fsv.io/vendor/laravel/framework/src/Illuminate/Cookie/Middleware/AddQueuedCookiesToResponse.php(37): Illuminate\\Pipeline\\Pipeline->Illuminate\\Pipeline\\{closure}()
#25 /var/www/html/school.fsv.io/vendor/laravel/framework/src/Illuminate/Pipeline/Pipeline.php(183): Illuminate\\Cookie\\Middleware\\AddQueuedCookiesToResponse->handle()
#26 /var/www/html/school.fsv.io/vendor/laravel/framework/src/Illuminate/Cookie/Middleware/EncryptCookies.php(67): Illuminate\\Pipeline\\Pipeline->Illuminate\\Pipeline\\{closure}()
#27 /var/www/html/school.fsv.io/vendor/laravel/framework/src/Illuminate/Pipeline/Pipeline.php(183): Illuminate\\Cookie\\Middleware\\EncryptCookies->handle()
#28 /var/www/html/school.fsv.io/vendor/laravel/framework/src/Illuminate/Pipeline/Pipeline.php(119): Illuminate\\Pipeline\\Pipeline->Illuminate\\Pipeline\\{closure}()
#29 /var/www/html/school.fsv.io/vendor/laravel/framework/src/Illuminate/Routing/Router.php(807): Illuminate\\Pipeline\\Pipeline->then()
#30 /var/www/html/school.fsv.io/vendor/laravel/framework/src/Illuminate/Routing/Router.php(784): Illuminate\\Routing\\Router->runRouteWithinStack()
#31 /var/www/html/school.fsv.io/vendor/laravel/framework/src/Illuminate/Routing/Router.php(748): Illuminate\\Routing\\Router->runRoute()
#32 /var/www/html/school.fsv.io/vendor/laravel/framework/src/Illuminate/Routing/Router.php(737): Illuminate\\Routing\\Router->dispatchToRoute()
#33 /var/www/html/school.fsv.io/vendor/laravel/framework/src/Illuminate/Foundation/Http/Kernel.php(200): Illuminate\\Routing\\Router->dispatch()
#34 /var/www/html/school.fsv.io/vendor/laravel/framework/src/Illuminate/Pipeline/Pipeline.php(144): Illuminate\\Foundation\\Http\\Kernel->Illuminate\\Foundation\\Http\\{closure}()
#35 /var/www/html/school.fsv.io/vendor/laravel/framework/src/Illuminate/Foundation/Http/Middleware/TransformsRequest.php(21): Illuminate\\Pipeline\\Pipeline->Illuminate\\Pipeline\\{closure}()
#36 /var/www/html/school.fsv.io/vendor/laravel/framework/src/Illuminate/Foundation/Http/Middleware/ConvertEmptyStringsToNull.php(31): Illuminate\\Foundation\\Http\\Middleware\\TransformsRequest->handle()
#37 /var/www/html/school.fsv.io/vendor/laravel/framework/src/Illuminate/Pipeline/Pipeline.php(183): Illuminate\\Foundation\\Http\\Middleware\\ConvertEmptyStringsToNull->handle()
#38 /var/www/html/school.fsv.io/vendor/laravel/framework/src/Illuminate/Foundation/Http/Middleware/TransformsRequest.php(21): Illuminate\\Pipeline\\Pipeline->Illuminate\\Pipeline\\{closure}()
#39 /var/www/html/school.fsv.io/vendor/laravel/framework/src/Illuminate/Foundation/Http/Middleware/TrimStrings.php(40): Illuminate\\Foundation\\Http\\Middleware\\TransformsRequest->handle()
#40 /var/www/html/school.fsv.io/vendor/laravel/framework/src/Illuminate/Pipeline/Pipeline.php(183): Illuminate\\Foundation\\Http\\Middleware\\TrimStrings->handle()
#41 /var/www/html/school.fsv.io/vendor/laravel/framework/src/Illuminate/Foundation/Http/Middleware/ValidatePostSize.php(27): Illuminate\\Pipeline\\Pipeline->Illuminate\\Pipeline\\{closure}()
#42 /var/www/html/school.fsv.io/vendor/laravel/framework/src/Illuminate/Pipeline/Pipeline.php(183): Illuminate\\Foundation\\Http\\Middleware\\ValidatePostSize->handle()
#43 /var/www/html/school.fsv.io/vendor/laravel/framework/src/Illuminate/Foundation/Http/Middleware/PreventRequestsDuringMaintenance.php(99): Illuminate\\Pipeline\\Pipeline->Illuminate\\Pipeline\\{closure}()
#44 /var/www/html/school.fsv.io/vendor/laravel/framework/src/Illuminate/Pipeline/Pipeline.php(183): Illuminate\\Foundation\\Http\\Middleware\\PreventRequestsDuringMaintenance->handle()
#45 /var/www/html/school.fsv.io/vendor/laravel/framework/src/Illuminate/Http/Middleware/HandleCors.php(49): Illuminate\\Pipeline\\Pipeline->Illuminate\\Pipeline\\{closure}()
#46 /var/www/html/school.fsv.io/vendor/laravel/framework/src/Illuminate/Pipeline/Pipeline.php(183): Illuminate\\Http\\Middleware\\HandleCors->handle()
#47 /var/www/html/school.fsv.io/vendor/laravel/framework/src/Illuminate/Http/Middleware/TrustProxies.php(39): Illuminate\\Pipeline\\Pipeline->Illuminate\\Pipeline\\{closure}()
#48 /var/www/html/school.fsv.io/vendor/laravel/framework/src/Illuminate/Pipeline/Pipeline.php(183): Illuminate\\Http\\Middleware\\TrustProxies->handle()
#49 /var/www/html/school.fsv.io/vendor/laravel/framework/src/Illuminate/Pipeline/Pipeline.php(119): Illuminate\\Pipeline\\Pipeline->Illuminate\\Pipeline\\{closure}()
#50 /var/www/html/school.fsv.io/vendor/laravel/framework/src/Illuminate/Foundation/Http/Kernel.php(175): Illuminate\\Pipeline\\Pipeline->then()
#51 /var/www/html/school.fsv.io/vendor/laravel/framework/src/Illuminate/Foundation/Http/Kernel.php(144): Illuminate\\Foundation\\Http\\Kernel->sendRequestThroughRouter()
#52 /var/www/html/school.fsv.io/public/index.php(52): Illuminate\\Foundation\\Http\\Kernel->handle()
#53 {main}

[previous exception] [object] (ErrorException(code: 0): Undefined variable $userMobile at /var/www/html/school.fsv.io/storage/framework/views/05643661880ddea8a7cb142e2eb47d77.php:12)
[stacktrace]
#0 /var/www/html/school.fsv.io/vendor/laravel/framework/src/Illuminate/Foundation/Bootstrap/HandleExceptions.php(255): Illuminate\\Foundation\\Bootstrap\\HandleExceptions->handleError()
#1 /var/www/html/school.fsv.io/storage/framework/views/05643661880ddea8a7cb142e2eb47d77.php(12): Illuminate\\Foundation\\Bootstrap\\HandleExceptions->Illuminate\\Foundation\\Bootstrap\\{closure}()
#2 /var/www/html/school.fsv.io/vendor/laravel/framework/src/Illuminate/Filesystem/Filesystem.php(123): require('...')
#3 /var/www/html/school.fsv.io/vendor/laravel/framework/src/Illuminate/Filesystem/Filesystem.php(124): Illuminate\\Filesystem\\Filesystem::Illuminate\\Filesystem\\{closure}()
#4 /var/www/html/school.fsv.io/vendor/laravel/framework/src/Illuminate/View/Engines/PhpEngine.php(58): Illuminate\\Filesystem\\Filesystem->getRequire()
#5 /var/www/html/school.fsv.io/vendor/laravel/framework/src/Illuminate/View/Engines/CompilerEngine.php(72): Illuminate\\View\\Engines\\PhpEngine->evaluatePath()
#6 /var/www/html/school.fsv.io/vendor/laravel/framework/src/Illuminate/View/View.php(207): Illuminate\\View\\Engines\\CompilerEngine->get()
#7 /var/www/html/school.fsv.io/vendor/laravel/framework/src/Illuminate/View/View.php(190): Illuminate\\View\\View->getContents()
#8 /var/www/html/school.fsv.io/vendor/laravel/framework/src/Illuminate/View/View.php(159): Illuminate\\View\\View->renderContents()
#9 /var/www/html/school.fsv.io/vendor/laravel/framework/src/Illuminate/Http/Response.php(69): Illuminate\\View\\View->render()
#10 /var/www/html/school.fsv.io/vendor/laravel/framework/src/Illuminate/Http/Response.php(35): Illuminate\\Http\\Response->setContent()
#11 /var/www/html/school.fsv.io/vendor/laravel/framework/src/Illuminate/Routing/Router.php(918): Illuminate\\Http\\Response->__construct()
#12 /var/www/html/school.fsv.io/vendor/laravel/framework/src/Illuminate/Routing/Router.php(885): Illuminate\\Routing\\Router::toResponse()
#13 /var/www/html/school.fsv.io/vendor/laravel/framework/src/Illuminate/Routing/Router.php(806): Illuminate\\Routing\\Router->prepareResponse()
#14 /var/www/html/school.fsv.io/vendor/laravel/framework/src/Illuminate/Pipeline/Pipeline.php(144): Illuminate\\Routing\\Router->Illuminate\\Routing\\{closure}()
#15 /var/www/html/school.fsv.io/vendor/laravel/framework/src/Illuminate/Routing/Middleware/SubstituteBindings.php(50): Illuminate\\Pipeline\\Pipeline->Illuminate\\Pipeline\\{closure}()
#16 /var/www/html/school.fsv.io/vendor/laravel/framework/src/Illuminate/Pipeline/Pipeline.php(183): Illuminate\\Routing\\Middleware\\SubstituteBindings->handle()
#17 /var/www/html/school.fsv.io/vendor/laravel/framework/src/Illuminate/Auth/Middleware/Authenticate.php(57): Illuminate\\Pipeline\\Pipeline->Illuminate\\Pipeline\\{closure}()
#18 /var/www/html/school.fsv.io/vendor/laravel/framework/src/Illuminate/Pipeline/Pipeline.php(183): Illuminate\\Auth\\Middleware\\Authenticate->handle()
#19 /var/www/html/school.fsv.io/vendor/laravel/framework/src/Illuminate/Foundation/Http/Middleware/VerifyCsrfToken.php(78): Illuminate\\Pipeline\\Pipeline->Illuminate\\Pipeline\\{closure}()
#20 /var/www/html/school.fsv.io/vendor/laravel/framework/src/Illuminate/Pipeline/Pipeline.php(183): Illuminate\\Foundation\\Http\\Middleware\\VerifyCsrfToken->handle()
#21 /var/www/html/school.fsv.io/vendor/laravel/framework/src/Illuminate/View/Middleware/ShareErrorsFromSession.php(49): Illuminate\\Pipeline\\Pipeline->Illuminate\\Pipeline\\{closure}()
#22 /var/www/html/school.fsv.io/vendor/laravel/framework/src/Illuminate/Pipeline/Pipeline.php(183): Illuminate\\View\\Middleware\\ShareErrorsFromSession->handle()
#23 /var/www/html/school.fsv.io/vendor/laravel/framework/src/Illuminate/Session/Middleware/StartSession.php(121): Illuminate\\Pipeline\\Pipeline->Illuminate\\Pipeline\\{closure}()
#24 /var/www/html/school.fsv.io/vendor/laravel/framework/src/Illuminate/Session/Middleware/StartSession.php(64): Illuminate\\Session\\Middleware\\StartSession->handleStatefulRequest()
#25 /var/www/html/school.fsv.io/vendor/laravel/framework/src/Illuminate/Pipeline/Pipeline.php(183): Illuminate\\Session\\Middleware\\StartSession->handle()
#26 /var/www/html/school.fsv.io/vendor/laravel/framework/src/Illuminate/Cookie/Middleware/AddQueuedCookiesToResponse.php(37): Illuminate\\Pipeline\\Pipeline->Illuminate\\Pipeline\\{closure}()
#27 /var/www/html/school.fsv.io/vendor/laravel/framework/src/Illuminate/Pipeline/Pipeline.php(183): Illuminate\\Cookie\\Middleware\\AddQueuedCookiesToResponse->handle()
#28 /var/www/html/school.fsv.io/vendor/laravel/framework/src/Illuminate/Cookie/Middleware/EncryptCookies.php(67): Illuminate\\Pipeline\\Pipeline->Illuminate\\Pipeline\\{closure}()
#29 /var/www/html/school.fsv.io/vendor/laravel/framework/src/Illuminate/Pipeline/Pipeline.php(183): Illuminate\\Cookie\\Middleware\\EncryptCookies->handle()
#30 /var/www/html/school.fsv.io/vendor/laravel/framework/src/Illuminate/Pipeline/Pipeline.php(119): Illuminate\\Pipeline\\Pipeline->Illuminate\\Pipeline\\{closure}()
#31 /var/www/html/school.fsv.io/vendor/laravel/framework/src/Illuminate/Routing/Router.php(807): Illuminate\\Pipeline\\Pipeline->then()
#32 /var/www/html/school.fsv.io/vendor/laravel/framework/src/Illuminate/Routing/Router.php(784): Illuminate\\Routing\\Router->runRouteWithinStack()
#33 /var/www/html/school.fsv.io/vendor/laravel/framework/src/Illuminate/Routing/Router.php(748): Illuminate\\Routing\\Router->runRoute()
#34 /var/www/html/school.fsv.io/vendor/laravel/framework/src/Illuminate/Routing/Router.php(737): Illuminate\\Routing\\Router->dispatchToRoute()
#35 /var/www/html/school.fsv.io/vendor/laravel/framework/src/Illuminate/Foundation/Http/Kernel.php(200): Illuminate\\Routing\\Router->dispatch()
#36 /var/www/html/school.fsv.io/vendor/laravel/framework/src/Illuminate/Pipeline/Pipeline.php(144): Illuminate\\Foundation\\Http\\Kernel->Illuminate\\Foundation\\Http\\{closure}()
#37 /var/www/html/school.fsv.io/vendor/laravel/framework/src/Illuminate/Foundation/Http/Middleware/TransformsRequest.php(21): Illuminate\\Pipeline\\Pipeline->Illuminate\\Pipeline\\{closure}()
#38 /var/www/html/school.fsv.io/vendor/laravel/framework/src/Illuminate/Foundation/Http/Middleware/ConvertEmptyStringsToNull.php(31): Illuminate\\Foundation\\Http\\Middleware\\TransformsRequest->handle()
#39 /var/www/html/school.fsv.io/vendor/laravel/framework/src/Illuminate/Pipeline/Pipeline.php(183): Illuminate\\Foundation\\Http\\Middleware\\ConvertEmptyStringsToNull->handle()
#40 /var/www/html/school.fsv.io/vendor/laravel/framework/src/Illuminate/Foundation/Http/Middleware/TransformsRequest.php(21): Illuminate\\Pipeline\\Pipeline->Illuminate\\Pipeline\\{closure}()
#41 /var/www/html/school.fsv.io/vendor/laravel/framework/src/Illuminate/Foundation/Http/Middleware/TrimStrings.php(40): Illuminate\\Foundation\\Http\\Middleware\\TransformsRequest->handle()
#42 /var/www/html/school.fsv.io/vendor/laravel/framework/src/Illuminate/Pipeline/Pipeline.php(183): Illuminate\\Foundation\\Http\\Middleware\\TrimStrings->handle()
#43 /var/www/html/school.fsv.io/vendor/laravel/framework/src/Illuminate/Foundation/Http/Middleware/ValidatePostSize.php(27): Illuminate\\Pipeline\\Pipeline->Illuminate\\Pipeline\\{closure}()
#44 /var/www/html/school.fsv.io/vendor/laravel/framework/src/Illuminate/Pipeline/Pipeline.php(183): Illuminate\\Foundation\\Http\\Middleware\\ValidatePostSize->handle()
#45 /var/www/html/school.fsv.io/vendor/laravel/framework/src/Illuminate/Foundation/Http/Middleware/PreventRequestsDuringMaintenance.php(99): Illuminate\\Pipeline\\Pipeline->Illuminate\\Pipeline\\{closure}()
#46 /var/www/html/school.fsv.io/vendor/laravel/framework/src/Illuminate/Pipeline/Pipeline.php(183): Illuminate\\Foundation\\Http\\Middleware\\PreventRequestsDuringMaintenance->handle()
#47 /var/www/html/school.fsv.io/vendor/laravel/framework/src/Illuminate/Http/Middleware/HandleCors.php(49): Illuminate\\Pipeline\\Pipeline->Illuminate\\Pipeline\\{closure}()
#48 /var/www/html/school.fsv.io/vendor/laravel/framework/src/Illuminate/Pipeline/Pipeline.php(183): Illuminate\\Http\\Middleware\\HandleCors->handle()
#49 /var/www/html/school.fsv.io/vendor/laravel/framework/src/Illuminate/Http/Middleware/TrustProxies.php(39): Illuminate\\Pipeline\\Pipeline->Illuminate\\Pipeline\\{closure}()
#50 /var/www/html/school.fsv.io/vendor/laravel/framework/src/Illuminate/Pipeline/Pipeline.php(183): Illuminate\\Http\\Middleware\\TrustProxies->handle()
#51 /var/www/html/school.fsv.io/vendor/laravel/framework/src/Illuminate/Pipeline/Pipeline.php(119): Illuminate\\Pipeline\\Pipeline->Illuminate\\Pipeline\\{closure}()
#52 /var/www/html/school.fsv.io/vendor/laravel/framework/src/Illuminate/Foundation/Http/Kernel.php(175): Illuminate\\Pipeline\\Pipeline->then()
#53 /var/www/html/school.fsv.io/vendor/laravel/framework/src/Illuminate/Foundation/Http/Kernel.php(144): Illuminate\\Foundation\\Http\\Kernel->sendRequestThroughRouter()
#54 /var/www/html/school.fsv.io/public/index.php(52): Illuminate\\Foundation\\Http\\Kernel->handle()
#55 {main}
"} 
[2025-02-25 13:08:36] local.INFO: select * from `users` where `id` = ? limit 1 [2] 
[2025-02-25 13:08:36] local.INFO: 🚪 User 2 logging out. Clearing cache.  
[2025-02-25 13:08:39] local.INFO: select * from `users` where `email` = ? limit 1 ["adam@fsv.io"] 
[2025-02-25 13:08:39] local.INFO: ✅ User 2 logged in. Fetching Wave token & stream...  
[2025-02-25 13:08:39] local.INFO: 🔄 Requesting new Wave API auth token...  
[2025-02-25 13:08:39] local.INFO: ✅ Cached new Wave API token for user 2  
[2025-02-25 13:08:39] local.INFO: ⏳ Requesting new HLS stream URLs...  
[2025-02-25 13:08:40] local.DEBUG: 📄 HLS Response: #EXTM3U
#EXT-X-STREAM-INF:BANDWIDTH=1233360
https://wjqdl0y6edyhbizvejw3l8.relay-us-chi-2-prod-dp.vmsproxy.com:443/hls/46991f0f-9e6f-a682-d0fd-b92b2ff03785.m3u8?authKey=552e5766-9ea5-4383-887d-b7a2e9e6f874&chunked&sessionID=4&hi
#EXT-X-STREAM-INF:BANDWIDTH=22632
https://wjqdl0y6edyhbizvejw3l8.relay-us-chi-2-prod-dp.vmsproxy.com:443/hls/46991f0f-9e6f-a682-d0fd-b92b2ff03785.m3u8?authKey=552e5766-9ea5-4383-887d-b7a2e9e6f874&chunked&sessionID=4&lo
  
[2025-02-25 13:08:40] local.INFO: ✅ Cached new HLS stream URLs for user 2  
[2025-02-25 13:08:40] local.INFO: select * from `users` where `id` = ? limit 1 [2] 
[2025-02-25 13:08:40] local.INFO: select * from `users` where `id` = ? limit 1 [2] 
[2025-02-25 13:08:40] local.INFO: select * from `school_infos` limit 1  
[2025-02-25 13:08:40] local.INFO: select count(*) as aggregate from `rooms` where `current_occupancy` > ? [0] 
[2025-02-25 13:08:40] local.INFO: select sum(`current_occupancy`) as aggregate from `rooms`  
[2025-02-25 13:08:40] local.INFO: select * from `rooms` where `room_number` = ? limit 1 ["102"] 
[2025-02-25 13:08:43] local.INFO: select * from `users` where `id` = ? limit 1 [2] 
[2025-02-25 13:08:43] local.INFO: 📌 Emergency Report Page Loaded  
[2025-02-25 13:08:43] local.INFO: select * from `school_infos` limit 1  
[2025-02-25 13:08:43] local.INFO: select * from `rooms`  
[2025-02-25 13:08:43] local.INFO: select * from `users` where `home_room` is not null  
[2025-02-25 13:08:43] local.INFO: select sum(`current_occupancy`) as aggregate from `rooms`  
[2025-02-25 13:08:43] local.INFO: select * from `rooms` where `room_number` = ? limit 1 ["102"] 
[2025-02-25 13:08:43] local.INFO: select count(*) as aggregate from `rooms` where `current_occupancy` > ? [0] 
[2025-02-25 13:08:43] local.ERROR: Undefined variable $userMobile {"view":{"view":"/var/www/html/school.fsv.io/resources/views/emergency/report.blade.php","data":[]},"userId":2,"exception":"[object] (Spatie\\LaravelIgnition\\Exceptions\\ViewException(code: 0): Undefined variable $userMobile at /var/www/html/school.fsv.io/resources/views/emergency/report.blade.php:14)
[stacktrace]
#0 /var/www/html/school.fsv.io/vendor/laravel/framework/src/Illuminate/Filesystem/Filesystem.php(123): require('...')
#1 /var/www/html/school.fsv.io/vendor/laravel/framework/src/Illuminate/Filesystem/Filesystem.php(124): Illuminate\\Filesystem\\Filesystem::Illuminate\\Filesystem\\{closure}()
#2 /var/www/html/school.fsv.io/vendor/laravel/framework/src/Illuminate/View/Engines/PhpEngine.php(58): Illuminate\\Filesystem\\Filesystem->getRequire()
#3 /var/www/html/school.fsv.io/vendor/laravel/framework/src/Illuminate/View/Engines/CompilerEngine.php(72): Illuminate\\View\\Engines\\PhpEngine->evaluatePath()
#4 /var/www/html/school.fsv.io/vendor/laravel/framework/src/Illuminate/View/View.php(207): Illuminate\\View\\Engines\\CompilerEngine->get()
#5 /var/www/html/school.fsv.io/vendor/laravel/framework/src/Illuminate/View/View.php(190): Illuminate\\View\\View->getContents()
#6 /var/www/html/school.fsv.io/vendor/laravel/framework/src/Illuminate/View/View.php(159): Illuminate\\View\\View->renderContents()
#7 /var/www/html/school.fsv.io/vendor/laravel/framework/src/Illuminate/Http/Response.php(69): Illuminate\\View\\View->render()
#8 /var/www/html/school.fsv.io/vendor/laravel/framework/src/Illuminate/Http/Response.php(35): Illuminate\\Http\\Response->setContent()
#9 /var/www/html/school.fsv.io/vendor/laravel/framework/src/Illuminate/Routing/Router.php(918): Illuminate\\Http\\Response->__construct()
#10 /var/www/html/school.fsv.io/vendor/laravel/framework/src/Illuminate/Routing/Router.php(885): Illuminate\\Routing\\Router::toResponse()
#11 /var/www/html/school.fsv.io/vendor/laravel/framework/src/Illuminate/Routing/Router.php(806): Illuminate\\Routing\\Router->prepareResponse()
#12 /var/www/html/school.fsv.io/vendor/laravel/framework/src/Illuminate/Pipeline/Pipeline.php(144): Illuminate\\Routing\\Router->Illuminate\\Routing\\{closure}()
#13 /var/www/html/school.fsv.io/vendor/laravel/framework/src/Illuminate/Routing/Middleware/SubstituteBindings.php(50): Illuminate\\Pipeline\\Pipeline->Illuminate\\Pipeline\\{closure}()
#14 /var/www/html/school.fsv.io/vendor/laravel/framework/src/Illuminate/Pipeline/Pipeline.php(183): Illuminate\\Routing\\Middleware\\SubstituteBindings->handle()
#15 /var/www/html/school.fsv.io/vendor/laravel/framework/src/Illuminate/Auth/Middleware/Authenticate.php(57): Illuminate\\Pipeline\\Pipeline->Illuminate\\Pipeline\\{closure}()
#16 /var/www/html/school.fsv.io/vendor/laravel/framework/src/Illuminate/Pipeline/Pipeline.php(183): Illuminate\\Auth\\Middleware\\Authenticate->handle()
#17 /var/www/html/school.fsv.io/vendor/laravel/framework/src/Illuminate/Foundation/Http/Middleware/VerifyCsrfToken.php(78): Illuminate\\Pipeline\\Pipeline->Illuminate\\Pipeline\\{closure}()
#18 /var/www/html/school.fsv.io/vendor/laravel/framework/src/Illuminate/Pipeline/Pipeline.php(183): Illuminate\\Foundation\\Http\\Middleware\\VerifyCsrfToken->handle()
#19 /var/www/html/school.fsv.io/vendor/laravel/framework/src/Illuminate/View/Middleware/ShareErrorsFromSession.php(49): Illuminate\\Pipeline\\Pipeline->Illuminate\\Pipeline\\{closure}()
#20 /var/www/html/school.fsv.io/vendor/laravel/framework/src/Illuminate/Pipeline/Pipeline.php(183): Illuminate\\View\\Middleware\\ShareErrorsFromSession->handle()
#21 /var/www/html/school.fsv.io/vendor/laravel/framework/src/Illuminate/Session/Middleware/StartSession.php(121): Illuminate\\Pipeline\\Pipeline->Illuminate\\Pipeline\\{closure}()
#22 /var/www/html/school.fsv.io/vendor/laravel/framework/src/Illuminate/Session/Middleware/StartSession.php(64): Illuminate\\Session\\Middleware\\StartSession->handleStatefulRequest()
#23 /var/www/html/school.fsv.io/vendor/laravel/framework/src/Illuminate/Pipeline/Pipeline.php(183): Illuminate\\Session\\Middleware\\StartSession->handle()
#24 /var/www/html/school.fsv.io/vendor/laravel/framework/src/Illuminate/Cookie/Middleware/AddQueuedCookiesToResponse.php(37): Illuminate\\Pipeline\\Pipeline->Illuminate\\Pipeline\\{closure}()
#25 /var/www/html/school.fsv.io/vendor/laravel/framework/src/Illuminate/Pipeline/Pipeline.php(183): Illuminate\\Cookie\\Middleware\\AddQueuedCookiesToResponse->handle()
#26 /var/www/html/school.fsv.io/vendor/laravel/framework/src/Illuminate/Cookie/Middleware/EncryptCookies.php(67): Illuminate\\Pipeline\\Pipeline->Illuminate\\Pipeline\\{closure}()
#27 /var/www/html/school.fsv.io/vendor/laravel/framework/src/Illuminate/Pipeline/Pipeline.php(183): Illuminate\\Cookie\\Middleware\\EncryptCookies->handle()
#28 /var/www/html/school.fsv.io/vendor/laravel/framework/src/Illuminate/Pipeline/Pipeline.php(119): Illuminate\\Pipeline\\Pipeline->Illuminate\\Pipeline\\{closure}()
#29 /var/www/html/school.fsv.io/vendor/laravel/framework/src/Illuminate/Routing/Router.php(807): Illuminate\\Pipeline\\Pipeline->then()
#30 /var/www/html/school.fsv.io/vendor/laravel/framework/src/Illuminate/Routing/Router.php(784): Illuminate\\Routing\\Router->runRouteWithinStack()
#31 /var/www/html/school.fsv.io/vendor/laravel/framework/src/Illuminate/Routing/Router.php(748): Illuminate\\Routing\\Router->runRoute()
#32 /var/www/html/school.fsv.io/vendor/laravel/framework/src/Illuminate/Routing/Router.php(737): Illuminate\\Routing\\Router->dispatchToRoute()
#33 /var/www/html/school.fsv.io/vendor/laravel/framework/src/Illuminate/Foundation/Http/Kernel.php(200): Illuminate\\Routing\\Router->dispatch()
#34 /var/www/html/school.fsv.io/vendor/laravel/framework/src/Illuminate/Pipeline/Pipeline.php(144): Illuminate\\Foundation\\Http\\Kernel->Illuminate\\Foundation\\Http\\{closure}()
#35 /var/www/html/school.fsv.io/vendor/laravel/framework/src/Illuminate/Foundation/Http/Middleware/TransformsRequest.php(21): Illuminate\\Pipeline\\Pipeline->Illuminate\\Pipeline\\{closure}()
#36 /var/www/html/school.fsv.io/vendor/laravel/framework/src/Illuminate/Foundation/Http/Middleware/ConvertEmptyStringsToNull.php(31): Illuminate\\Foundation\\Http\\Middleware\\TransformsRequest->handle()
#37 /var/www/html/school.fsv.io/vendor/laravel/framework/src/Illuminate/Pipeline/Pipeline.php(183): Illuminate\\Foundation\\Http\\Middleware\\ConvertEmptyStringsToNull->handle()
#38 /var/www/html/school.fsv.io/vendor/laravel/framework/src/Illuminate/Foundation/Http/Middleware/TransformsRequest.php(21): Illuminate\\Pipeline\\Pipeline->Illuminate\\Pipeline\\{closure}()
#39 /var/www/html/school.fsv.io/vendor/laravel/framework/src/Illuminate/Foundation/Http/Middleware/TrimStrings.php(40): Illuminate\\Foundation\\Http\\Middleware\\TransformsRequest->handle()
#40 /var/www/html/school.fsv.io/vendor/laravel/framework/src/Illuminate/Pipeline/Pipeline.php(183): Illuminate\\Foundation\\Http\\Middleware\\TrimStrings->handle()
#41 /var/www/html/school.fsv.io/vendor/laravel/framework/src/Illuminate/Foundation/Http/Middleware/ValidatePostSize.php(27): Illuminate\\Pipeline\\Pipeline->Illuminate\\Pipeline\\{closure}()
#42 /var/www/html/school.fsv.io/vendor/laravel/framework/src/Illuminate/Pipeline/Pipeline.php(183): Illuminate\\Foundation\\Http\\Middleware\\ValidatePostSize->handle()
#43 /var/www/html/school.fsv.io/vendor/laravel/framework/src/Illuminate/Foundation/Http/Middleware/PreventRequestsDuringMaintenance.php(99): Illuminate\\Pipeline\\Pipeline->Illuminate\\Pipeline\\{closure}()
#44 /var/www/html/school.fsv.io/vendor/laravel/framework/src/Illuminate/Pipeline/Pipeline.php(183): Illuminate\\Foundation\\Http\\Middleware\\PreventRequestsDuringMaintenance->handle()
#45 /var/www/html/school.fsv.io/vendor/laravel/framework/src/Illuminate/Http/Middleware/HandleCors.php(49): Illuminate\\Pipeline\\Pipeline->Illuminate\\Pipeline\\{closure}()
#46 /var/www/html/school.fsv.io/vendor/laravel/framework/src/Illuminate/Pipeline/Pipeline.php(183): Illuminate\\Http\\Middleware\\HandleCors->handle()
#47 /var/www/html/school.fsv.io/vendor/laravel/framework/src/Illuminate/Http/Middleware/TrustProxies.php(39): Illuminate\\Pipeline\\Pipeline->Illuminate\\Pipeline\\{closure}()
#48 /var/www/html/school.fsv.io/vendor/laravel/framework/src/Illuminate/Pipeline/Pipeline.php(183): Illuminate\\Http\\Middleware\\TrustProxies->handle()
#49 /var/www/html/school.fsv.io/vendor/laravel/framework/src/Illuminate/Pipeline/Pipeline.php(119): Illuminate\\Pipeline\\Pipeline->Illuminate\\Pipeline\\{closure}()
#50 /var/www/html/school.fsv.io/vendor/laravel/framework/src/Illuminate/Foundation/Http/Kernel.php(175): Illuminate\\Pipeline\\Pipeline->then()
#51 /var/www/html/school.fsv.io/vendor/laravel/framework/src/Illuminate/Foundation/Http/Kernel.php(144): Illuminate\\Foundation\\Http\\Kernel->sendRequestThroughRouter()
#52 /var/www/html/school.fsv.io/public/index.php(52): Illuminate\\Foundation\\Http\\Kernel->handle()
#53 {main}

[previous exception] [object] (ErrorException(code: 0): Undefined variable $userMobile at /var/www/html/school.fsv.io/storage/framework/views/05643661880ddea8a7cb142e2eb47d77.php:12)
[stacktrace]
#0 /var/www/html/school.fsv.io/vendor/laravel/framework/src/Illuminate/Foundation/Bootstrap/HandleExceptions.php(255): Illuminate\\Foundation\\Bootstrap\\HandleExceptions->handleError()
#1 /var/www/html/school.fsv.io/storage/framework/views/05643661880ddea8a7cb142e2eb47d77.php(12): Illuminate\\Foundation\\Bootstrap\\HandleExceptions->Illuminate\\Foundation\\Bootstrap\\{closure}()
#2 /var/www/html/school.fsv.io/vendor/laravel/framework/src/Illuminate/Filesystem/Filesystem.php(123): require('...')
#3 /var/www/html/school.fsv.io/vendor/laravel/framework/src/Illuminate/Filesystem/Filesystem.php(124): Illuminate\\Filesystem\\Filesystem::Illuminate\\Filesystem\\{closure}()
#4 /var/www/html/school.fsv.io/vendor/laravel/framework/src/Illuminate/View/Engines/PhpEngine.php(58): Illuminate\\Filesystem\\Filesystem->getRequire()
#5 /var/www/html/school.fsv.io/vendor/laravel/framework/src/Illuminate/View/Engines/CompilerEngine.php(72): Illuminate\\View\\Engines\\PhpEngine->evaluatePath()
#6 /var/www/html/school.fsv.io/vendor/laravel/framework/src/Illuminate/View/View.php(207): Illuminate\\View\\Engines\\CompilerEngine->get()
#7 /var/www/html/school.fsv.io/vendor/laravel/framework/src/Illuminate/View/View.php(190): Illuminate\\View\\View->getContents()
#8 /var/www/html/school.fsv.io/vendor/laravel/framework/src/Illuminate/View/View.php(159): Illuminate\\View\\View->renderContents()
#9 /var/www/html/school.fsv.io/vendor/laravel/framework/src/Illuminate/Http/Response.php(69): Illuminate\\View\\View->render()
#10 /var/www/html/school.fsv.io/vendor/laravel/framework/src/Illuminate/Http/Response.php(35): Illuminate\\Http\\Response->setContent()
#11 /var/www/html/school.fsv.io/vendor/laravel/framework/src/Illuminate/Routing/Router.php(918): Illuminate\\Http\\Response->__construct()
#12 /var/www/html/school.fsv.io/vendor/laravel/framework/src/Illuminate/Routing/Router.php(885): Illuminate\\Routing\\Router::toResponse()
#13 /var/www/html/school.fsv.io/vendor/laravel/framework/src/Illuminate/Routing/Router.php(806): Illuminate\\Routing\\Router->prepareResponse()
#14 /var/www/html/school.fsv.io/vendor/laravel/framework/src/Illuminate/Pipeline/Pipeline.php(144): Illuminate\\Routing\\Router->Illuminate\\Routing\\{closure}()
#15 /var/www/html/school.fsv.io/vendor/laravel/framework/src/Illuminate/Routing/Middleware/SubstituteBindings.php(50): Illuminate\\Pipeline\\Pipeline->Illuminate\\Pipeline\\{closure}()
#16 /var/www/html/school.fsv.io/vendor/laravel/framework/src/Illuminate/Pipeline/Pipeline.php(183): Illuminate\\Routing\\Middleware\\SubstituteBindings->handle()
#17 /var/www/html/school.fsv.io/vendor/laravel/framework/src/Illuminate/Auth/Middleware/Authenticate.php(57): Illuminate\\Pipeline\\Pipeline->Illuminate\\Pipeline\\{closure}()
#18 /var/www/html/school.fsv.io/vendor/laravel/framework/src/Illuminate/Pipeline/Pipeline.php(183): Illuminate\\Auth\\Middleware\\Authenticate->handle()
#19 /var/www/html/school.fsv.io/vendor/laravel/framework/src/Illuminate/Foundation/Http/Middleware/VerifyCsrfToken.php(78): Illuminate\\Pipeline\\Pipeline->Illuminate\\Pipeline\\{closure}()
#20 /var/www/html/school.fsv.io/vendor/laravel/framework/src/Illuminate/Pipeline/Pipeline.php(183): Illuminate\\Foundation\\Http\\Middleware\\VerifyCsrfToken->handle()
#21 /var/www/html/school.fsv.io/vendor/laravel/framework/src/Illuminate/View/Middleware/ShareErrorsFromSession.php(49): Illuminate\\Pipeline\\Pipeline->Illuminate\\Pipeline\\{closure}()
#22 /var/www/html/school.fsv.io/vendor/laravel/framework/src/Illuminate/Pipeline/Pipeline.php(183): Illuminate\\View\\Middleware\\ShareErrorsFromSession->handle()
#23 /var/www/html/school.fsv.io/vendor/laravel/framework/src/Illuminate/Session/Middleware/StartSession.php(121): Illuminate\\Pipeline\\Pipeline->Illuminate\\Pipeline\\{closure}()
#24 /var/www/html/school.fsv.io/vendor/laravel/framework/src/Illuminate/Session/Middleware/StartSession.php(64): Illuminate\\Session\\Middleware\\StartSession->handleStatefulRequest()
#25 /var/www/html/school.fsv.io/vendor/laravel/framework/src/Illuminate/Pipeline/Pipeline.php(183): Illuminate\\Session\\Middleware\\StartSession->handle()
#26 /var/www/html/school.fsv.io/vendor/laravel/framework/src/Illuminate/Cookie/Middleware/AddQueuedCookiesToResponse.php(37): Illuminate\\Pipeline\\Pipeline->Illuminate\\Pipeline\\{closure}()
#27 /var/www/html/school.fsv.io/vendor/laravel/framework/src/Illuminate/Pipeline/Pipeline.php(183): Illuminate\\Cookie\\Middleware\\AddQueuedCookiesToResponse->handle()
#28 /var/www/html/school.fsv.io/vendor/laravel/framework/src/Illuminate/Cookie/Middleware/EncryptCookies.php(67): Illuminate\\Pipeline\\Pipeline->Illuminate\\Pipeline\\{closure}()
#29 /var/www/html/school.fsv.io/vendor/laravel/framework/src/Illuminate/Pipeline/Pipeline.php(183): Illuminate\\Cookie\\Middleware\\EncryptCookies->handle()
#30 /var/www/html/school.fsv.io/vendor/laravel/framework/src/Illuminate/Pipeline/Pipeline.php(119): Illuminate\\Pipeline\\Pipeline->Illuminate\\Pipeline\\{closure}()
#31 /var/www/html/school.fsv.io/vendor/laravel/framework/src/Illuminate/Routing/Router.php(807): Illuminate\\Pipeline\\Pipeline->then()
#32 /var/www/html/school.fsv.io/vendor/laravel/framework/src/Illuminate/Routing/Router.php(784): Illuminate\\Routing\\Router->runRouteWithinStack()
#33 /var/www/html/school.fsv.io/vendor/laravel/framework/src/Illuminate/Routing/Router.php(748): Illuminate\\Routing\\Router->runRoute()
#34 /var/www/html/school.fsv.io/vendor/laravel/framework/src/Illuminate/Routing/Router.php(737): Illuminate\\Routing\\Router->dispatchToRoute()
#35 /var/www/html/school.fsv.io/vendor/laravel/framework/src/Illuminate/Foundation/Http/Kernel.php(200): Illuminate\\Routing\\Router->dispatch()
#36 /var/www/html/school.fsv.io/vendor/laravel/framework/src/Illuminate/Pipeline/Pipeline.php(144): Illuminate\\Foundation\\Http\\Kernel->Illuminate\\Foundation\\Http\\{closure}()
#37 /var/www/html/school.fsv.io/vendor/laravel/framework/src/Illuminate/Foundation/Http/Middleware/TransformsRequest.php(21): Illuminate\\Pipeline\\Pipeline->Illuminate\\Pipeline\\{closure}()
#38 /var/www/html/school.fsv.io/vendor/laravel/framework/src/Illuminate/Foundation/Http/Middleware/ConvertEmptyStringsToNull.php(31): Illuminate\\Foundation\\Http\\Middleware\\TransformsRequest->handle()
#39 /var/www/html/school.fsv.io/vendor/laravel/framework/src/Illuminate/Pipeline/Pipeline.php(183): Illuminate\\Foundation\\Http\\Middleware\\ConvertEmptyStringsToNull->handle()
#40 /var/www/html/school.fsv.io/vendor/laravel/framework/src/Illuminate/Foundation/Http/Middleware/TransformsRequest.php(21): Illuminate\\Pipeline\\Pipeline->Illuminate\\Pipeline\\{closure}()
#41 /var/www/html/school.fsv.io/vendor/laravel/framework/src/Illuminate/Foundation/Http/Middleware/TrimStrings.php(40): Illuminate\\Foundation\\Http\\Middleware\\TransformsRequest->handle()
#42 /var/www/html/school.fsv.io/vendor/laravel/framework/src/Illuminate/Pipeline/Pipeline.php(183): Illuminate\\Foundation\\Http\\Middleware\\TrimStrings->handle()
#43 /var/www/html/school.fsv.io/vendor/laravel/framework/src/Illuminate/Foundation/Http/Middleware/ValidatePostSize.php(27): Illuminate\\Pipeline\\Pipeline->Illuminate\\Pipeline\\{closure}()
#44 /var/www/html/school.fsv.io/vendor/laravel/framework/src/Illuminate/Pipeline/Pipeline.php(183): Illuminate\\Foundation\\Http\\Middleware\\ValidatePostSize->handle()
#45 /var/www/html/school.fsv.io/vendor/laravel/framework/src/Illuminate/Foundation/Http/Middleware/PreventRequestsDuringMaintenance.php(99): Illuminate\\Pipeline\\Pipeline->Illuminate\\Pipeline\\{closure}()
#46 /var/www/html/school.fsv.io/vendor/laravel/framework/src/Illuminate/Pipeline/Pipeline.php(183): Illuminate\\Foundation\\Http\\Middleware\\PreventRequestsDuringMaintenance->handle()
#47 /var/www/html/school.fsv.io/vendor/laravel/framework/src/Illuminate/Http/Middleware/HandleCors.php(49): Illuminate\\Pipeline\\Pipeline->Illuminate\\Pipeline\\{closure}()
#48 /var/www/html/school.fsv.io/vendor/laravel/framework/src/Illuminate/Pipeline/Pipeline.php(183): Illuminate\\Http\\Middleware\\HandleCors->handle()
#49 /var/www/html/school.fsv.io/vendor/laravel/framework/src/Illuminate/Http/Middleware/TrustProxies.php(39): Illuminate\\Pipeline\\Pipeline->Illuminate\\Pipeline\\{closure}()
#50 /var/www/html/school.fsv.io/vendor/laravel/framework/src/Illuminate/Pipeline/Pipeline.php(183): Illuminate\\Http\\Middleware\\TrustProxies->handle()
#51 /var/www/html/school.fsv.io/vendor/laravel/framework/src/Illuminate/Pipeline/Pipeline.php(119): Illuminate\\Pipeline\\Pipeline->Illuminate\\Pipeline\\{closure}()
#52 /var/www/html/school.fsv.io/vendor/laravel/framework/src/Illuminate/Foundation/Http/Kernel.php(175): Illuminate\\Pipeline\\Pipeline->then()
#53 /var/www/html/school.fsv.io/vendor/laravel/framework/src/Illuminate/Foundation/Http/Kernel.php(144): Illuminate\\Foundation\\Http\\Kernel->sendRequestThroughRouter()
#54 /var/www/html/school.fsv.io/public/index.php(52): Illuminate\\Foundation\\Http\\Kernel->handle()
#55 {main}
"} 
[2025-02-25 13:22:26] local.INFO: select * from `users` where `id` = ? limit 1 [2] 
[2025-02-25 13:22:26] local.INFO: select * from `school_infos` limit 1  
[2025-02-25 13:22:26] local.INFO: select count(*) as aggregate from `rooms` where `current_occupancy` > ? [0] 
[2025-02-25 13:22:26] local.INFO: select sum(`current_occupancy`) as aggregate from `rooms`  
[2025-02-25 13:22:26] local.INFO: select * from `rooms` where `room_number` = ? limit 1 ["102"] 
[2025-02-25 13:22:28] local.INFO: select * from `users` where `id` = ? limit 1 [2] 
[2025-02-25 13:22:28] local.INFO: 📌 Emergency Report Page Loaded  
[2025-02-25 13:22:28] local.INFO: select * from `school_infos` limit 1  
[2025-02-25 13:22:28] local.INFO: select * from `rooms`  
[2025-02-25 13:22:28] local.INFO: select * from `users` where `home_room` is not null  
[2025-02-25 13:22:28] local.INFO: select sum(`current_occupancy`) as aggregate from `rooms`  
[2025-02-25 13:22:28] local.INFO: select * from `rooms` where `room_number` = ? limit 1 ["102"] 
[2025-02-25 13:22:28] local.INFO: select count(*) as aggregate from `rooms` where `current_occupancy` > ? [0] 
[2025-02-25 13:22:28] local.ERROR: Undefined variable $userMobile {"view":{"view":"/var/www/html/school.fsv.io/resources/views/emergency/report.blade.php","data":[]},"userId":2,"exception":"[object] (Spatie\\LaravelIgnition\\Exceptions\\ViewException(code: 0): Undefined variable $userMobile at /var/www/html/school.fsv.io/resources/views/emergency/report.blade.php:32)
[stacktrace]
#0 /var/www/html/school.fsv.io/vendor/laravel/framework/src/Illuminate/Filesystem/Filesystem.php(123): require('...')
#1 /var/www/html/school.fsv.io/vendor/laravel/framework/src/Illuminate/Filesystem/Filesystem.php(124): Illuminate\\Filesystem\\Filesystem::Illuminate\\Filesystem\\{closure}()
#2 /var/www/html/school.fsv.io/vendor/laravel/framework/src/Illuminate/View/Engines/PhpEngine.php(58): Illuminate\\Filesystem\\Filesystem->getRequire()
#3 /var/www/html/school.fsv.io/vendor/laravel/framework/src/Illuminate/View/Engines/CompilerEngine.php(72): Illuminate\\View\\Engines\\PhpEngine->evaluatePath()
#4 /var/www/html/school.fsv.io/vendor/laravel/framework/src/Illuminate/View/View.php(207): Illuminate\\View\\Engines\\CompilerEngine->get()
#5 /var/www/html/school.fsv.io/vendor/laravel/framework/src/Illuminate/View/View.php(190): Illuminate\\View\\View->getContents()
#6 /var/www/html/school.fsv.io/vendor/laravel/framework/src/Illuminate/View/View.php(159): Illuminate\\View\\View->renderContents()
#7 /var/www/html/school.fsv.io/vendor/laravel/framework/src/Illuminate/Http/Response.php(69): Illuminate\\View\\View->render()
#8 /var/www/html/school.fsv.io/vendor/laravel/framework/src/Illuminate/Http/Response.php(35): Illuminate\\Http\\Response->setContent()
#9 /var/www/html/school.fsv.io/vendor/laravel/framework/src/Illuminate/Routing/Router.php(918): Illuminate\\Http\\Response->__construct()
#10 /var/www/html/school.fsv.io/vendor/laravel/framework/src/Illuminate/Routing/Router.php(885): Illuminate\\Routing\\Router::toResponse()
#11 /var/www/html/school.fsv.io/vendor/laravel/framework/src/Illuminate/Routing/Router.php(806): Illuminate\\Routing\\Router->prepareResponse()
#12 /var/www/html/school.fsv.io/vendor/laravel/framework/src/Illuminate/Pipeline/Pipeline.php(144): Illuminate\\Routing\\Router->Illuminate\\Routing\\{closure}()
#13 /var/www/html/school.fsv.io/vendor/laravel/framework/src/Illuminate/Routing/Middleware/SubstituteBindings.php(50): Illuminate\\Pipeline\\Pipeline->Illuminate\\Pipeline\\{closure}()
#14 /var/www/html/school.fsv.io/vendor/laravel/framework/src/Illuminate/Pipeline/Pipeline.php(183): Illuminate\\Routing\\Middleware\\SubstituteBindings->handle()
#15 /var/www/html/school.fsv.io/vendor/laravel/framework/src/Illuminate/Auth/Middleware/Authenticate.php(57): Illuminate\\Pipeline\\Pipeline->Illuminate\\Pipeline\\{closure}()
#16 /var/www/html/school.fsv.io/vendor/laravel/framework/src/Illuminate/Pipeline/Pipeline.php(183): Illuminate\\Auth\\Middleware\\Authenticate->handle()
#17 /var/www/html/school.fsv.io/vendor/laravel/framework/src/Illuminate/Foundation/Http/Middleware/VerifyCsrfToken.php(78): Illuminate\\Pipeline\\Pipeline->Illuminate\\Pipeline\\{closure}()
#18 /var/www/html/school.fsv.io/vendor/laravel/framework/src/Illuminate/Pipeline/Pipeline.php(183): Illuminate\\Foundation\\Http\\Middleware\\VerifyCsrfToken->handle()
#19 /var/www/html/school.fsv.io/vendor/laravel/framework/src/Illuminate/View/Middleware/ShareErrorsFromSession.php(49): Illuminate\\Pipeline\\Pipeline->Illuminate\\Pipeline\\{closure}()
#20 /var/www/html/school.fsv.io/vendor/laravel/framework/src/Illuminate/Pipeline/Pipeline.php(183): Illuminate\\View\\Middleware\\ShareErrorsFromSession->handle()
#21 /var/www/html/school.fsv.io/vendor/laravel/framework/src/Illuminate/Session/Middleware/StartSession.php(121): Illuminate\\Pipeline\\Pipeline->Illuminate\\Pipeline\\{closure}()
#22 /var/www/html/school.fsv.io/vendor/laravel/framework/src/Illuminate/Session/Middleware/StartSession.php(64): Illuminate\\Session\\Middleware\\StartSession->handleStatefulRequest()
#23 /var/www/html/school.fsv.io/vendor/laravel/framework/src/Illuminate/Pipeline/Pipeline.php(183): Illuminate\\Session\\Middleware\\StartSession->handle()
#24 /var/www/html/school.fsv.io/vendor/laravel/framework/src/Illuminate/Cookie/Middleware/AddQueuedCookiesToResponse.php(37): Illuminate\\Pipeline\\Pipeline->Illuminate\\Pipeline\\{closure}()
#25 /var/www/html/school.fsv.io/vendor/laravel/framework/src/Illuminate/Pipeline/Pipeline.php(183): Illuminate\\Cookie\\Middleware\\AddQueuedCookiesToResponse->handle()
#26 /var/www/html/school.fsv.io/vendor/laravel/framework/src/Illuminate/Cookie/Middleware/EncryptCookies.php(67): Illuminate\\Pipeline\\Pipeline->Illuminate\\Pipeline\\{closure}()
#27 /var/www/html/school.fsv.io/vendor/laravel/framework/src/Illuminate/Pipeline/Pipeline.php(183): Illuminate\\Cookie\\Middleware\\EncryptCookies->handle()
#28 /var/www/html/school.fsv.io/vendor/laravel/framework/src/Illuminate/Pipeline/Pipeline.php(119): Illuminate\\Pipeline\\Pipeline->Illuminate\\Pipeline\\{closure}()
#29 /var/www/html/school.fsv.io/vendor/laravel/framework/src/Illuminate/Routing/Router.php(807): Illuminate\\Pipeline\\Pipeline->then()
#30 /var/www/html/school.fsv.io/vendor/laravel/framework/src/Illuminate/Routing/Router.php(784): Illuminate\\Routing\\Router->runRouteWithinStack()
#31 /var/www/html/school.fsv.io/vendor/laravel/framework/src/Illuminate/Routing/Router.php(748): Illuminate\\Routing\\Router->runRoute()
#32 /var/www/html/school.fsv.io/vendor/laravel/framework/src/Illuminate/Routing/Router.php(737): Illuminate\\Routing\\Router->dispatchToRoute()
#33 /var/www/html/school.fsv.io/vendor/laravel/framework/src/Illuminate/Foundation/Http/Kernel.php(200): Illuminate\\Routing\\Router->dispatch()
#34 /var/www/html/school.fsv.io/vendor/laravel/framework/src/Illuminate/Pipeline/Pipeline.php(144): Illuminate\\Foundation\\Http\\Kernel->Illuminate\\Foundation\\Http\\{closure}()
#35 /var/www/html/school.fsv.io/vendor/laravel/framework/src/Illuminate/Foundation/Http/Middleware/TransformsRequest.php(21): Illuminate\\Pipeline\\Pipeline->Illuminate\\Pipeline\\{closure}()
#36 /var/www/html/school.fsv.io/vendor/laravel/framework/src/Illuminate/Foundation/Http/Middleware/ConvertEmptyStringsToNull.php(31): Illuminate\\Foundation\\Http\\Middleware\\TransformsRequest->handle()
#37 /var/www/html/school.fsv.io/vendor/laravel/framework/src/Illuminate/Pipeline/Pipeline.php(183): Illuminate\\Foundation\\Http\\Middleware\\ConvertEmptyStringsToNull->handle()
#38 /var/www/html/school.fsv.io/vendor/laravel/framework/src/Illuminate/Foundation/Http/Middleware/TransformsRequest.php(21): Illuminate\\Pipeline\\Pipeline->Illuminate\\Pipeline\\{closure}()
#39 /var/www/html/school.fsv.io/vendor/laravel/framework/src/Illuminate/Foundation/Http/Middleware/TrimStrings.php(40): Illuminate\\Foundation\\Http\\Middleware\\TransformsRequest->handle()
#40 /var/www/html/school.fsv.io/vendor/laravel/framework/src/Illuminate/Pipeline/Pipeline.php(183): Illuminate\\Foundation\\Http\\Middleware\\TrimStrings->handle()
#41 /var/www/html/school.fsv.io/vendor/laravel/framework/src/Illuminate/Foundation/Http/Middleware/ValidatePostSize.php(27): Illuminate\\Pipeline\\Pipeline->Illuminate\\Pipeline\\{closure}()
#42 /var/www/html/school.fsv.io/vendor/laravel/framework/src/Illuminate/Pipeline/Pipeline.php(183): Illuminate\\Foundation\\Http\\Middleware\\ValidatePostSize->handle()
#43 /var/www/html/school.fsv.io/vendor/laravel/framework/src/Illuminate/Foundation/Http/Middleware/PreventRequestsDuringMaintenance.php(99): Illuminate\\Pipeline\\Pipeline->Illuminate\\Pipeline\\{closure}()
#44 /var/www/html/school.fsv.io/vendor/laravel/framework/src/Illuminate/Pipeline/Pipeline.php(183): Illuminate\\Foundation\\Http\\Middleware\\PreventRequestsDuringMaintenance->handle()
#45 /var/www/html/school.fsv.io/vendor/laravel/framework/src/Illuminate/Http/Middleware/HandleCors.php(49): Illuminate\\Pipeline\\Pipeline->Illuminate\\Pipeline\\{closure}()
#46 /var/www/html/school.fsv.io/vendor/laravel/framework/src/Illuminate/Pipeline/Pipeline.php(183): Illuminate\\Http\\Middleware\\HandleCors->handle()
#47 /var/www/html/school.fsv.io/vendor/laravel/framework/src/Illuminate/Http/Middleware/TrustProxies.php(39): Illuminate\\Pipeline\\Pipeline->Illuminate\\Pipeline\\{closure}()
#48 /var/www/html/school.fsv.io/vendor/laravel/framework/src/Illuminate/Pipeline/Pipeline.php(183): Illuminate\\Http\\Middleware\\TrustProxies->handle()
#49 /var/www/html/school.fsv.io/vendor/laravel/framework/src/Illuminate/Pipeline/Pipeline.php(119): Illuminate\\Pipeline\\Pipeline->Illuminate\\Pipeline\\{closure}()
#50 /var/www/html/school.fsv.io/vendor/laravel/framework/src/Illuminate/Foundation/Http/Kernel.php(175): Illuminate\\Pipeline\\Pipeline->then()
#51 /var/www/html/school.fsv.io/vendor/laravel/framework/src/Illuminate/Foundation/Http/Kernel.php(144): Illuminate\\Foundation\\Http\\Kernel->sendRequestThroughRouter()
#52 /var/www/html/school.fsv.io/public/index.php(52): Illuminate\\Foundation\\Http\\Kernel->handle()
#53 {main}

[previous exception] [object] (ErrorException(code: 0): Undefined variable $userMobile at /var/www/html/school.fsv.io/storage/framework/views/05643661880ddea8a7cb142e2eb47d77.php:30)
[stacktrace]
#0 /var/www/html/school.fsv.io/vendor/laravel/framework/src/Illuminate/Foundation/Bootstrap/HandleExceptions.php(255): Illuminate\\Foundation\\Bootstrap\\HandleExceptions->handleError()
#1 /var/www/html/school.fsv.io/storage/framework/views/05643661880ddea8a7cb142e2eb47d77.php(30): Illuminate\\Foundation\\Bootstrap\\HandleExceptions->Illuminate\\Foundation\\Bootstrap\\{closure}()
#2 /var/www/html/school.fsv.io/vendor/laravel/framework/src/Illuminate/Filesystem/Filesystem.php(123): require('...')
#3 /var/www/html/school.fsv.io/vendor/laravel/framework/src/Illuminate/Filesystem/Filesystem.php(124): Illuminate\\Filesystem\\Filesystem::Illuminate\\Filesystem\\{closure}()
#4 /var/www/html/school.fsv.io/vendor/laravel/framework/src/Illuminate/View/Engines/PhpEngine.php(58): Illuminate\\Filesystem\\Filesystem->getRequire()
#5 /var/www/html/school.fsv.io/vendor/laravel/framework/src/Illuminate/View/Engines/CompilerEngine.php(72): Illuminate\\View\\Engines\\PhpEngine->evaluatePath()
#6 /var/www/html/school.fsv.io/vendor/laravel/framework/src/Illuminate/View/View.php(207): Illuminate\\View\\Engines\\CompilerEngine->get()
#7 /var/www/html/school.fsv.io/vendor/laravel/framework/src/Illuminate/View/View.php(190): Illuminate\\View\\View->getContents()
#8 /var/www/html/school.fsv.io/vendor/laravel/framework/src/Illuminate/View/View.php(159): Illuminate\\View\\View->renderContents()
#9 /var/www/html/school.fsv.io/vendor/laravel/framework/src/Illuminate/Http/Response.php(69): Illuminate\\View\\View->render()
#10 /var/www/html/school.fsv.io/vendor/laravel/framework/src/Illuminate/Http/Response.php(35): Illuminate\\Http\\Response->setContent()
#11 /var/www/html/school.fsv.io/vendor/laravel/framework/src/Illuminate/Routing/Router.php(918): Illuminate\\Http\\Response->__construct()
#12 /var/www/html/school.fsv.io/vendor/laravel/framework/src/Illuminate/Routing/Router.php(885): Illuminate\\Routing\\Router::toResponse()
#13 /var/www/html/school.fsv.io/vendor/laravel/framework/src/Illuminate/Routing/Router.php(806): Illuminate\\Routing\\Router->prepareResponse()
#14 /var/www/html/school.fsv.io/vendor/laravel/framework/src/Illuminate/Pipeline/Pipeline.php(144): Illuminate\\Routing\\Router->Illuminate\\Routing\\{closure}()
#15 /var/www/html/school.fsv.io/vendor/laravel/framework/src/Illuminate/Routing/Middleware/SubstituteBindings.php(50): Illuminate\\Pipeline\\Pipeline->Illuminate\\Pipeline\\{closure}()
#16 /var/www/html/school.fsv.io/vendor/laravel/framework/src/Illuminate/Pipeline/Pipeline.php(183): Illuminate\\Routing\\Middleware\\SubstituteBindings->handle()
#17 /var/www/html/school.fsv.io/vendor/laravel/framework/src/Illuminate/Auth/Middleware/Authenticate.php(57): Illuminate\\Pipeline\\Pipeline->Illuminate\\Pipeline\\{closure}()
#18 /var/www/html/school.fsv.io/vendor/laravel/framework/src/Illuminate/Pipeline/Pipeline.php(183): Illuminate\\Auth\\Middleware\\Authenticate->handle()
#19 /var/www/html/school.fsv.io/vendor/laravel/framework/src/Illuminate/Foundation/Http/Middleware/VerifyCsrfToken.php(78): Illuminate\\Pipeline\\Pipeline->Illuminate\\Pipeline\\{closure}()
#20 /var/www/html/school.fsv.io/vendor/laravel/framework/src/Illuminate/Pipeline/Pipeline.php(183): Illuminate\\Foundation\\Http\\Middleware\\VerifyCsrfToken->handle()
#21 /var/www/html/school.fsv.io/vendor/laravel/framework/src/Illuminate/View/Middleware/ShareErrorsFromSession.php(49): Illuminate\\Pipeline\\Pipeline->Illuminate\\Pipeline\\{closure}()
#22 /var/www/html/school.fsv.io/vendor/laravel/framework/src/Illuminate/Pipeline/Pipeline.php(183): Illuminate\\View\\Middleware\\ShareErrorsFromSession->handle()
#23 /var/www/html/school.fsv.io/vendor/laravel/framework/src/Illuminate/Session/Middleware/StartSession.php(121): Illuminate\\Pipeline\\Pipeline->Illuminate\\Pipeline\\{closure}()
#24 /var/www/html/school.fsv.io/vendor/laravel/framework/src/Illuminate/Session/Middleware/StartSession.php(64): Illuminate\\Session\\Middleware\\StartSession->handleStatefulRequest()
#25 /var/www/html/school.fsv.io/vendor/laravel/framework/src/Illuminate/Pipeline/Pipeline.php(183): Illuminate\\Session\\Middleware\\StartSession->handle()
#26 /var/www/html/school.fsv.io/vendor/laravel/framework/src/Illuminate/Cookie/Middleware/AddQueuedCookiesToResponse.php(37): Illuminate\\Pipeline\\Pipeline->Illuminate\\Pipeline\\{closure}()
#27 /var/www/html/school.fsv.io/vendor/laravel/framework/src/Illuminate/Pipeline/Pipeline.php(183): Illuminate\\Cookie\\Middleware\\AddQueuedCookiesToResponse->handle()
#28 /var/www/html/school.fsv.io/vendor/laravel/framework/src/Illuminate/Cookie/Middleware/EncryptCookies.php(67): Illuminate\\Pipeline\\Pipeline->Illuminate\\Pipeline\\{closure}()
#29 /var/www/html/school.fsv.io/vendor/laravel/framework/src/Illuminate/Pipeline/Pipeline.php(183): Illuminate\\Cookie\\Middleware\\EncryptCookies->handle()
#30 /var/www/html/school.fsv.io/vendor/laravel/framework/src/Illuminate/Pipeline/Pipeline.php(119): Illuminate\\Pipeline\\Pipeline->Illuminate\\Pipeline\\{closure}()
#31 /var/www/html/school.fsv.io/vendor/laravel/framework/src/Illuminate/Routing/Router.php(807): Illuminate\\Pipeline\\Pipeline->then()
#32 /var/www/html/school.fsv.io/vendor/laravel/framework/src/Illuminate/Routing/Router.php(784): Illuminate\\Routing\\Router->runRouteWithinStack()
#33 /var/www/html/school.fsv.io/vendor/laravel/framework/src/Illuminate/Routing/Router.php(748): Illuminate\\Routing\\Router->runRoute()
#34 /var/www/html/school.fsv.io/vendor/laravel/framework/src/Illuminate/Routing/Router.php(737): Illuminate\\Routing\\Router->dispatchToRoute()
#35 /var/www/html/school.fsv.io/vendor/laravel/framework/src/Illuminate/Foundation/Http/Kernel.php(200): Illuminate\\Routing\\Router->dispatch()
#36 /var/www/html/school.fsv.io/vendor/laravel/framework/src/Illuminate/Pipeline/Pipeline.php(144): Illuminate\\Foundation\\Http\\Kernel->Illuminate\\Foundation\\Http\\{closure}()
#37 /var/www/html/school.fsv.io/vendor/laravel/framework/src/Illuminate/Foundation/Http/Middleware/TransformsRequest.php(21): Illuminate\\Pipeline\\Pipeline->Illuminate\\Pipeline\\{closure}()
#38 /var/www/html/school.fsv.io/vendor/laravel/framework/src/Illuminate/Foundation/Http/Middleware/ConvertEmptyStringsToNull.php(31): Illuminate\\Foundation\\Http\\Middleware\\TransformsRequest->handle()
#39 /var/www/html/school.fsv.io/vendor/laravel/framework/src/Illuminate/Pipeline/Pipeline.php(183): Illuminate\\Foundation\\Http\\Middleware\\ConvertEmptyStringsToNull->handle()
#40 /var/www/html/school.fsv.io/vendor/laravel/framework/src/Illuminate/Foundation/Http/Middleware/TransformsRequest.php(21): Illuminate\\Pipeline\\Pipeline->Illuminate\\Pipeline\\{closure}()
#41 /var/www/html/school.fsv.io/vendor/laravel/framework/src/Illuminate/Foundation/Http/Middleware/TrimStrings.php(40): Illuminate\\Foundation\\Http\\Middleware\\TransformsRequest->handle()
#42 /var/www/html/school.fsv.io/vendor/laravel/framework/src/Illuminate/Pipeline/Pipeline.php(183): Illuminate\\Foundation\\Http\\Middleware\\TrimStrings->handle()
#43 /var/www/html/school.fsv.io/vendor/laravel/framework/src/Illuminate/Foundation/Http/Middleware/ValidatePostSize.php(27): Illuminate\\Pipeline\\Pipeline->Illuminate\\Pipeline\\{closure}()
#44 /var/www/html/school.fsv.io/vendor/laravel/framework/src/Illuminate/Pipeline/Pipeline.php(183): Illuminate\\Foundation\\Http\\Middleware\\ValidatePostSize->handle()
#45 /var/www/html/school.fsv.io/vendor/laravel/framework/src/Illuminate/Foundation/Http/Middleware/PreventRequestsDuringMaintenance.php(99): Illuminate\\Pipeline\\Pipeline->Illuminate\\Pipeline\\{closure}()
#46 /var/www/html/school.fsv.io/vendor/laravel/framework/src/Illuminate/Pipeline/Pipeline.php(183): Illuminate\\Foundation\\Http\\Middleware\\PreventRequestsDuringMaintenance->handle()
#47 /var/www/html/school.fsv.io/vendor/laravel/framework/src/Illuminate/Http/Middleware/HandleCors.php(49): Illuminate\\Pipeline\\Pipeline->Illuminate\\Pipeline\\{closure}()
#48 /var/www/html/school.fsv.io/vendor/laravel/framework/src/Illuminate/Pipeline/Pipeline.php(183): Illuminate\\Http\\Middleware\\HandleCors->handle()
#49 /var/www/html/school.fsv.io/vendor/laravel/framework/src/Illuminate/Http/Middleware/TrustProxies.php(39): Illuminate\\Pipeline\\Pipeline->Illuminate\\Pipeline\\{closure}()
#50 /var/www/html/school.fsv.io/vendor/laravel/framework/src/Illuminate/Pipeline/Pipeline.php(183): Illuminate\\Http\\Middleware\\TrustProxies->handle()
#51 /var/www/html/school.fsv.io/vendor/laravel/framework/src/Illuminate/Pipeline/Pipeline.php(119): Illuminate\\Pipeline\\Pipeline->Illuminate\\Pipeline\\{closure}()
#52 /var/www/html/school.fsv.io/vendor/laravel/framework/src/Illuminate/Foundation/Http/Kernel.php(175): Illuminate\\Pipeline\\Pipeline->then()
#53 /var/www/html/school.fsv.io/vendor/laravel/framework/src/Illuminate/Foundation/Http/Kernel.php(144): Illuminate\\Foundation\\Http\\Kernel->sendRequestThroughRouter()
#54 /var/www/html/school.fsv.io/public/index.php(52): Illuminate\\Foundation\\Http\\Kernel->handle()
#55 {main}
"} 
[2025-02-25 13:22:40] local.INFO: select * from `users` where `id` = ? limit 1 [1] 
[2025-02-25 13:22:40] local.INFO: select * from `school_infos` limit 1  
[2025-02-25 13:22:40] local.INFO: select count(*) as aggregate from `rooms` where `current_occupancy` > ? [0] 
[2025-02-25 13:22:40] local.INFO: select sum(`current_occupancy`) as aggregate from `rooms`  
[2025-02-25 13:22:40] local.INFO: select * from `rooms` where `room_number` = ? limit 1 ["101"] 
[2025-02-25 13:22:43] local.INFO: select * from `users` where `id` = ? limit 1 [1] 
[2025-02-25 13:22:43] local.INFO: 📌 Emergency Report Page Loaded  
[2025-02-25 13:22:43] local.INFO: select * from `school_infos` limit 1  
[2025-02-25 13:22:43] local.INFO: select * from `rooms`  
[2025-02-25 13:22:43] local.INFO: select * from `users` where `home_room` is not null  
[2025-02-25 13:22:43] local.INFO: select sum(`current_occupancy`) as aggregate from `rooms`  
[2025-02-25 13:22:43] local.INFO: select * from `rooms` where `room_number` = ? limit 1 ["101"] 
[2025-02-25 13:22:43] local.INFO: select count(*) as aggregate from `rooms` where `current_occupancy` > ? [0] 
[2025-02-25 13:22:43] local.ERROR: Undefined variable $userMobile {"view":{"view":"/var/www/html/school.fsv.io/resources/views/emergency/report.blade.php","data":[]},"userId":1,"exception":"[object] (Spatie\\LaravelIgnition\\Exceptions\\ViewException(code: 0): Undefined variable $userMobile at /var/www/html/school.fsv.io/resources/views/emergency/report.blade.php:32)
[stacktrace]
#0 /var/www/html/school.fsv.io/vendor/laravel/framework/src/Illuminate/Filesystem/Filesystem.php(123): require('...')
#1 /var/www/html/school.fsv.io/vendor/laravel/framework/src/Illuminate/Filesystem/Filesystem.php(124): Illuminate\\Filesystem\\Filesystem::Illuminate\\Filesystem\\{closure}()
#2 /var/www/html/school.fsv.io/vendor/laravel/framework/src/Illuminate/View/Engines/PhpEngine.php(58): Illuminate\\Filesystem\\Filesystem->getRequire()
#3 /var/www/html/school.fsv.io/vendor/laravel/framework/src/Illuminate/View/Engines/CompilerEngine.php(72): Illuminate\\View\\Engines\\PhpEngine->evaluatePath()
#4 /var/www/html/school.fsv.io/vendor/laravel/framework/src/Illuminate/View/View.php(207): Illuminate\\View\\Engines\\CompilerEngine->get()
#5 /var/www/html/school.fsv.io/vendor/laravel/framework/src/Illuminate/View/View.php(190): Illuminate\\View\\View->getContents()
#6 /var/www/html/school.fsv.io/vendor/laravel/framework/src/Illuminate/View/View.php(159): Illuminate\\View\\View->renderContents()
#7 /var/www/html/school.fsv.io/vendor/laravel/framework/src/Illuminate/Http/Response.php(69): Illuminate\\View\\View->render()
#8 /var/www/html/school.fsv.io/vendor/laravel/framework/src/Illuminate/Http/Response.php(35): Illuminate\\Http\\Response->setContent()
#9 /var/www/html/school.fsv.io/vendor/laravel/framework/src/Illuminate/Routing/Router.php(918): Illuminate\\Http\\Response->__construct()
#10 /var/www/html/school.fsv.io/vendor/laravel/framework/src/Illuminate/Routing/Router.php(885): Illuminate\\Routing\\Router::toResponse()
#11 /var/www/html/school.fsv.io/vendor/laravel/framework/src/Illuminate/Routing/Router.php(806): Illuminate\\Routing\\Router->prepareResponse()
#12 /var/www/html/school.fsv.io/vendor/laravel/framework/src/Illuminate/Pipeline/Pipeline.php(144): Illuminate\\Routing\\Router->Illuminate\\Routing\\{closure}()
#13 /var/www/html/school.fsv.io/vendor/laravel/framework/src/Illuminate/Routing/Middleware/SubstituteBindings.php(50): Illuminate\\Pipeline\\Pipeline->Illuminate\\Pipeline\\{closure}()
#14 /var/www/html/school.fsv.io/vendor/laravel/framework/src/Illuminate/Pipeline/Pipeline.php(183): Illuminate\\Routing\\Middleware\\SubstituteBindings->handle()
#15 /var/www/html/school.fsv.io/vendor/laravel/framework/src/Illuminate/Auth/Middleware/Authenticate.php(57): Illuminate\\Pipeline\\Pipeline->Illuminate\\Pipeline\\{closure}()
#16 /var/www/html/school.fsv.io/vendor/laravel/framework/src/Illuminate/Pipeline/Pipeline.php(183): Illuminate\\Auth\\Middleware\\Authenticate->handle()
#17 /var/www/html/school.fsv.io/vendor/laravel/framework/src/Illuminate/Foundation/Http/Middleware/VerifyCsrfToken.php(78): Illuminate\\Pipeline\\Pipeline->Illuminate\\Pipeline\\{closure}()
#18 /var/www/html/school.fsv.io/vendor/laravel/framework/src/Illuminate/Pipeline/Pipeline.php(183): Illuminate\\Foundation\\Http\\Middleware\\VerifyCsrfToken->handle()
#19 /var/www/html/school.fsv.io/vendor/laravel/framework/src/Illuminate/View/Middleware/ShareErrorsFromSession.php(49): Illuminate\\Pipeline\\Pipeline->Illuminate\\Pipeline\\{closure}()
#20 /var/www/html/school.fsv.io/vendor/laravel/framework/src/Illuminate/Pipeline/Pipeline.php(183): Illuminate\\View\\Middleware\\ShareErrorsFromSession->handle()
#21 /var/www/html/school.fsv.io/vendor/laravel/framework/src/Illuminate/Session/Middleware/StartSession.php(121): Illuminate\\Pipeline\\Pipeline->Illuminate\\Pipeline\\{closure}()
#22 /var/www/html/school.fsv.io/vendor/laravel/framework/src/Illuminate/Session/Middleware/StartSession.php(64): Illuminate\\Session\\Middleware\\StartSession->handleStatefulRequest()
#23 /var/www/html/school.fsv.io/vendor/laravel/framework/src/Illuminate/Pipeline/Pipeline.php(183): Illuminate\\Session\\Middleware\\StartSession->handle()
#24 /var/www/html/school.fsv.io/vendor/laravel/framework/src/Illuminate/Cookie/Middleware/AddQueuedCookiesToResponse.php(37): Illuminate\\Pipeline\\Pipeline->Illuminate\\Pipeline\\{closure}()
#25 /var/www/html/school.fsv.io/vendor/laravel/framework/src/Illuminate/Pipeline/Pipeline.php(183): Illuminate\\Cookie\\Middleware\\AddQueuedCookiesToResponse->handle()
#26 /var/www/html/school.fsv.io/vendor/laravel/framework/src/Illuminate/Cookie/Middleware/EncryptCookies.php(67): Illuminate\\Pipeline\\Pipeline->Illuminate\\Pipeline\\{closure}()
#27 /var/www/html/school.fsv.io/vendor/laravel/framework/src/Illuminate/Pipeline/Pipeline.php(183): Illuminate\\Cookie\\Middleware\\EncryptCookies->handle()
#28 /var/www/html/school.fsv.io/vendor/laravel/framework/src/Illuminate/Pipeline/Pipeline.php(119): Illuminate\\Pipeline\\Pipeline->Illuminate\\Pipeline\\{closure}()
#29 /var/www/html/school.fsv.io/vendor/laravel/framework/src/Illuminate/Routing/Router.php(807): Illuminate\\Pipeline\\Pipeline->then()
#30 /var/www/html/school.fsv.io/vendor/laravel/framework/src/Illuminate/Routing/Router.php(784): Illuminate\\Routing\\Router->runRouteWithinStack()
#31 /var/www/html/school.fsv.io/vendor/laravel/framework/src/Illuminate/Routing/Router.php(748): Illuminate\\Routing\\Router->runRoute()
#32 /var/www/html/school.fsv.io/vendor/laravel/framework/src/Illuminate/Routing/Router.php(737): Illuminate\\Routing\\Router->dispatchToRoute()
#33 /var/www/html/school.fsv.io/vendor/laravel/framework/src/Illuminate/Foundation/Http/Kernel.php(200): Illuminate\\Routing\\Router->dispatch()
#34 /var/www/html/school.fsv.io/vendor/laravel/framework/src/Illuminate/Pipeline/Pipeline.php(144): Illuminate\\Foundation\\Http\\Kernel->Illuminate\\Foundation\\Http\\{closure}()
#35 /var/www/html/school.fsv.io/vendor/laravel/framework/src/Illuminate/Foundation/Http/Middleware/TransformsRequest.php(21): Illuminate\\Pipeline\\Pipeline->Illuminate\\Pipeline\\{closure}()
#36 /var/www/html/school.fsv.io/vendor/laravel/framework/src/Illuminate/Foundation/Http/Middleware/ConvertEmptyStringsToNull.php(31): Illuminate\\Foundation\\Http\\Middleware\\TransformsRequest->handle()
#37 /var/www/html/school.fsv.io/vendor/laravel/framework/src/Illuminate/Pipeline/Pipeline.php(183): Illuminate\\Foundation\\Http\\Middleware\\ConvertEmptyStringsToNull->handle()
#38 /var/www/html/school.fsv.io/vendor/laravel/framework/src/Illuminate/Foundation/Http/Middleware/TransformsRequest.php(21): Illuminate\\Pipeline\\Pipeline->Illuminate\\Pipeline\\{closure}()
#39 /var/www/html/school.fsv.io/vendor/laravel/framework/src/Illuminate/Foundation/Http/Middleware/TrimStrings.php(40): Illuminate\\Foundation\\Http\\Middleware\\TransformsRequest->handle()
#40 /var/www/html/school.fsv.io/vendor/laravel/framework/src/Illuminate/Pipeline/Pipeline.php(183): Illuminate\\Foundation\\Http\\Middleware\\TrimStrings->handle()
#41 /var/www/html/school.fsv.io/vendor/laravel/framework/src/Illuminate/Foundation/Http/Middleware/ValidatePostSize.php(27): Illuminate\\Pipeline\\Pipeline->Illuminate\\Pipeline\\{closure}()
#42 /var/www/html/school.fsv.io/vendor/laravel/framework/src/Illuminate/Pipeline/Pipeline.php(183): Illuminate\\Foundation\\Http\\Middleware\\ValidatePostSize->handle()
#43 /var/www/html/school.fsv.io/vendor/laravel/framework/src/Illuminate/Foundation/Http/Middleware/PreventRequestsDuringMaintenance.php(99): Illuminate\\Pipeline\\Pipeline->Illuminate\\Pipeline\\{closure}()
#44 /var/www/html/school.fsv.io/vendor/laravel/framework/src/Illuminate/Pipeline/Pipeline.php(183): Illuminate\\Foundation\\Http\\Middleware\\PreventRequestsDuringMaintenance->handle()
#45 /var/www/html/school.fsv.io/vendor/laravel/framework/src/Illuminate/Http/Middleware/HandleCors.php(49): Illuminate\\Pipeline\\Pipeline->Illuminate\\Pipeline\\{closure}()
#46 /var/www/html/school.fsv.io/vendor/laravel/framework/src/Illuminate/Pipeline/Pipeline.php(183): Illuminate\\Http\\Middleware\\HandleCors->handle()
#47 /var/www/html/school.fsv.io/vendor/laravel/framework/src/Illuminate/Http/Middleware/TrustProxies.php(39): Illuminate\\Pipeline\\Pipeline->Illuminate\\Pipeline\\{closure}()
#48 /var/www/html/school.fsv.io/vendor/laravel/framework/src/Illuminate/Pipeline/Pipeline.php(183): Illuminate\\Http\\Middleware\\TrustProxies->handle()
#49 /var/www/html/school.fsv.io/vendor/laravel/framework/src/Illuminate/Pipeline/Pipeline.php(119): Illuminate\\Pipeline\\Pipeline->Illuminate\\Pipeline\\{closure}()
#50 /var/www/html/school.fsv.io/vendor/laravel/framework/src/Illuminate/Foundation/Http/Kernel.php(175): Illuminate\\Pipeline\\Pipeline->then()
#51 /var/www/html/school.fsv.io/vendor/laravel/framework/src/Illuminate/Foundation/Http/Kernel.php(144): Illuminate\\Foundation\\Http\\Kernel->sendRequestThroughRouter()
#52 /var/www/html/school.fsv.io/public/index.php(52): Illuminate\\Foundation\\Http\\Kernel->handle()
#53 {main}

[previous exception] [object] (ErrorException(code: 0): Undefined variable $userMobile at /var/www/html/school.fsv.io/storage/framework/views/05643661880ddea8a7cb142e2eb47d77.php:30)
[stacktrace]
#0 /var/www/html/school.fsv.io/vendor/laravel/framework/src/Illuminate/Foundation/Bootstrap/HandleExceptions.php(255): Illuminate\\Foundation\\Bootstrap\\HandleExceptions->handleError()
#1 /var/www/html/school.fsv.io/storage/framework/views/05643661880ddea8a7cb142e2eb47d77.php(30): Illuminate\\Foundation\\Bootstrap\\HandleExceptions->Illuminate\\Foundation\\Bootstrap\\{closure}()
#2 /var/www/html/school.fsv.io/vendor/laravel/framework/src/Illuminate/Filesystem/Filesystem.php(123): require('...')
#3 /var/www/html/school.fsv.io/vendor/laravel/framework/src/Illuminate/Filesystem/Filesystem.php(124): Illuminate\\Filesystem\\Filesystem::Illuminate\\Filesystem\\{closure}()
#4 /var/www/html/school.fsv.io/vendor/laravel/framework/src/Illuminate/View/Engines/PhpEngine.php(58): Illuminate\\Filesystem\\Filesystem->getRequire()
#5 /var/www/html/school.fsv.io/vendor/laravel/framework/src/Illuminate/View/Engines/CompilerEngine.php(72): Illuminate\\View\\Engines\\PhpEngine->evaluatePath()
#6 /var/www/html/school.fsv.io/vendor/laravel/framework/src/Illuminate/View/View.php(207): Illuminate\\View\\Engines\\CompilerEngine->get()
#7 /var/www/html/school.fsv.io/vendor/laravel/framework/src/Illuminate/View/View.php(190): Illuminate\\View\\View->getContents()
#8 /var/www/html/school.fsv.io/vendor/laravel/framework/src/Illuminate/View/View.php(159): Illuminate\\View\\View->renderContents()
#9 /var/www/html/school.fsv.io/vendor/laravel/framework/src/Illuminate/Http/Response.php(69): Illuminate\\View\\View->render()
#10 /var/www/html/school.fsv.io/vendor/laravel/framework/src/Illuminate/Http/Response.php(35): Illuminate\\Http\\Response->setContent()
#11 /var/www/html/school.fsv.io/vendor/laravel/framework/src/Illuminate/Routing/Router.php(918): Illuminate\\Http\\Response->__construct()
#12 /var/www/html/school.fsv.io/vendor/laravel/framework/src/Illuminate/Routing/Router.php(885): Illuminate\\Routing\\Router::toResponse()
#13 /var/www/html/school.fsv.io/vendor/laravel/framework/src/Illuminate/Routing/Router.php(806): Illuminate\\Routing\\Router->prepareResponse()
#14 /var/www/html/school.fsv.io/vendor/laravel/framework/src/Illuminate/Pipeline/Pipeline.php(144): Illuminate\\Routing\\Router->Illuminate\\Routing\\{closure}()
#15 /var/www/html/school.fsv.io/vendor/laravel/framework/src/Illuminate/Routing/Middleware/SubstituteBindings.php(50): Illuminate\\Pipeline\\Pipeline->Illuminate\\Pipeline\\{closure}()
#16 /var/www/html/school.fsv.io/vendor/laravel/framework/src/Illuminate/Pipeline/Pipeline.php(183): Illuminate\\Routing\\Middleware\\SubstituteBindings->handle()
#17 /var/www/html/school.fsv.io/vendor/laravel/framework/src/Illuminate/Auth/Middleware/Authenticate.php(57): Illuminate\\Pipeline\\Pipeline->Illuminate\\Pipeline\\{closure}()
#18 /var/www/html/school.fsv.io/vendor/laravel/framework/src/Illuminate/Pipeline/Pipeline.php(183): Illuminate\\Auth\\Middleware\\Authenticate->handle()
#19 /var/www/html/school.fsv.io/vendor/laravel/framework/src/Illuminate/Foundation/Http/Middleware/VerifyCsrfToken.php(78): Illuminate\\Pipeline\\Pipeline->Illuminate\\Pipeline\\{closure}()
#20 /var/www/html/school.fsv.io/vendor/laravel/framework/src/Illuminate/Pipeline/Pipeline.php(183): Illuminate\\Foundation\\Http\\Middleware\\VerifyCsrfToken->handle()
#21 /var/www/html/school.fsv.io/vendor/laravel/framework/src/Illuminate/View/Middleware/ShareErrorsFromSession.php(49): Illuminate\\Pipeline\\Pipeline->Illuminate\\Pipeline\\{closure}()
#22 /var/www/html/school.fsv.io/vendor/laravel/framework/src/Illuminate/Pipeline/Pipeline.php(183): Illuminate\\View\\Middleware\\ShareErrorsFromSession->handle()
#23 /var/www/html/school.fsv.io/vendor/laravel/framework/src/Illuminate/Session/Middleware/StartSession.php(121): Illuminate\\Pipeline\\Pipeline->Illuminate\\Pipeline\\{closure}()
#24 /var/www/html/school.fsv.io/vendor/laravel/framework/src/Illuminate/Session/Middleware/StartSession.php(64): Illuminate\\Session\\Middleware\\StartSession->handleStatefulRequest()
#25 /var/www/html/school.fsv.io/vendor/laravel/framework/src/Illuminate/Pipeline/Pipeline.php(183): Illuminate\\Session\\Middleware\\StartSession->handle()
#26 /var/www/html/school.fsv.io/vendor/laravel/framework/src/Illuminate/Cookie/Middleware/AddQueuedCookiesToResponse.php(37): Illuminate\\Pipeline\\Pipeline->Illuminate\\Pipeline\\{closure}()
#27 /var/www/html/school.fsv.io/vendor/laravel/framework/src/Illuminate/Pipeline/Pipeline.php(183): Illuminate\\Cookie\\Middleware\\AddQueuedCookiesToResponse->handle()
#28 /var/www/html/school.fsv.io/vendor/laravel/framework/src/Illuminate/Cookie/Middleware/EncryptCookies.php(67): Illuminate\\Pipeline\\Pipeline->Illuminate\\Pipeline\\{closure}()
#29 /var/www/html/school.fsv.io/vendor/laravel/framework/src/Illuminate/Pipeline/Pipeline.php(183): Illuminate\\Cookie\\Middleware\\EncryptCookies->handle()
#30 /var/www/html/school.fsv.io/vendor/laravel/framework/src/Illuminate/Pipeline/Pipeline.php(119): Illuminate\\Pipeline\\Pipeline->Illuminate\\Pipeline\\{closure}()
#31 /var/www/html/school.fsv.io/vendor/laravel/framework/src/Illuminate/Routing/Router.php(807): Illuminate\\Pipeline\\Pipeline->then()
#32 /var/www/html/school.fsv.io/vendor/laravel/framework/src/Illuminate/Routing/Router.php(784): Illuminate\\Routing\\Router->runRouteWithinStack()
#33 /var/www/html/school.fsv.io/vendor/laravel/framework/src/Illuminate/Routing/Router.php(748): Illuminate\\Routing\\Router->runRoute()
#34 /var/www/html/school.fsv.io/vendor/laravel/framework/src/Illuminate/Routing/Router.php(737): Illuminate\\Routing\\Router->dispatchToRoute()
#35 /var/www/html/school.fsv.io/vendor/laravel/framework/src/Illuminate/Foundation/Http/Kernel.php(200): Illuminate\\Routing\\Router->dispatch()
#36 /var/www/html/school.fsv.io/vendor/laravel/framework/src/Illuminate/Pipeline/Pipeline.php(144): Illuminate\\Foundation\\Http\\Kernel->Illuminate\\Foundation\\Http\\{closure}()
#37 /var/www/html/school.fsv.io/vendor/laravel/framework/src/Illuminate/Foundation/Http/Middleware/TransformsRequest.php(21): Illuminate\\Pipeline\\Pipeline->Illuminate\\Pipeline\\{closure}()
#38 /var/www/html/school.fsv.io/vendor/laravel/framework/src/Illuminate/Foundation/Http/Middleware/ConvertEmptyStringsToNull.php(31): Illuminate\\Foundation\\Http\\Middleware\\TransformsRequest->handle()
#39 /var/www/html/school.fsv.io/vendor/laravel/framework/src/Illuminate/Pipeline/Pipeline.php(183): Illuminate\\Foundation\\Http\\Middleware\\ConvertEmptyStringsToNull->handle()
#40 /var/www/html/school.fsv.io/vendor/laravel/framework/src/Illuminate/Foundation/Http/Middleware/TransformsRequest.php(21): Illuminate\\Pipeline\\Pipeline->Illuminate\\Pipeline\\{closure}()
#41 /var/www/html/school.fsv.io/vendor/laravel/framework/src/Illuminate/Foundation/Http/Middleware/TrimStrings.php(40): Illuminate\\Foundation\\Http\\Middleware\\TransformsRequest->handle()
#42 /var/www/html/school.fsv.io/vendor/laravel/framework/src/Illuminate/Pipeline/Pipeline.php(183): Illuminate\\Foundation\\Http\\Middleware\\TrimStrings->handle()
#43 /var/www/html/school.fsv.io/vendor/laravel/framework/src/Illuminate/Foundation/Http/Middleware/ValidatePostSize.php(27): Illuminate\\Pipeline\\Pipeline->Illuminate\\Pipeline\\{closure}()
#44 /var/www/html/school.fsv.io/vendor/laravel/framework/src/Illuminate/Pipeline/Pipeline.php(183): Illuminate\\Foundation\\Http\\Middleware\\ValidatePostSize->handle()
#45 /var/www/html/school.fsv.io/vendor/laravel/framework/src/Illuminate/Foundation/Http/Middleware/PreventRequestsDuringMaintenance.php(99): Illuminate\\Pipeline\\Pipeline->Illuminate\\Pipeline\\{closure}()
#46 /var/www/html/school.fsv.io/vendor/laravel/framework/src/Illuminate/Pipeline/Pipeline.php(183): Illuminate\\Foundation\\Http\\Middleware\\PreventRequestsDuringMaintenance->handle()
#47 /var/www/html/school.fsv.io/vendor/laravel/framework/src/Illuminate/Http/Middleware/HandleCors.php(49): Illuminate\\Pipeline\\Pipeline->Illuminate\\Pipeline\\{closure}()
#48 /var/www/html/school.fsv.io/vendor/laravel/framework/src/Illuminate/Pipeline/Pipeline.php(183): Illuminate\\Http\\Middleware\\HandleCors->handle()
#49 /var/www/html/school.fsv.io/vendor/laravel/framework/src/Illuminate/Http/Middleware/TrustProxies.php(39): Illuminate\\Pipeline\\Pipeline->Illuminate\\Pipeline\\{closure}()
#50 /var/www/html/school.fsv.io/vendor/laravel/framework/src/Illuminate/Pipeline/Pipeline.php(183): Illuminate\\Http\\Middleware\\TrustProxies->handle()
#51 /var/www/html/school.fsv.io/vendor/laravel/framework/src/Illuminate/Pipeline/Pipeline.php(119): Illuminate\\Pipeline\\Pipeline->Illuminate\\Pipeline\\{closure}()
#52 /var/www/html/school.fsv.io/vendor/laravel/framework/src/Illuminate/Foundation/Http/Kernel.php(175): Illuminate\\Pipeline\\Pipeline->then()
#53 /var/www/html/school.fsv.io/vendor/laravel/framework/src/Illuminate/Foundation/Http/Kernel.php(144): Illuminate\\Foundation\\Http\\Kernel->sendRequestThroughRouter()
#54 /var/www/html/school.fsv.io/public/index.php(52): Illuminate\\Foundation\\Http\\Kernel->handle()
#55 {main}
"} 
[2025-02-25 13:27:38] local.INFO: select * from `users` where `id` = ? limit 1 [2] 
[2025-02-25 13:27:38] local.INFO: 📌 Emergency Report Page Loaded  
[2025-02-25 13:27:38] local.INFO: select * from `school_infos` limit 1  
[2025-02-25 13:27:38] local.INFO: select * from `rooms`  
[2025-02-25 13:27:38] local.INFO: select * from `users` where `home_room` is not null  
[2025-02-25 13:27:38] local.INFO: select sum(`current_occupancy`) as aggregate from `rooms`  
[2025-02-25 13:27:38] local.INFO: select * from `rooms` where `room_number` = ? limit 1 ["102"] 
[2025-02-25 13:27:38] local.INFO: select count(*) as aggregate from `rooms` where `current_occupancy` > ? [0] 
[2025-02-25 13:27:50] local.INFO: select * from `users` where `id` = ? limit 1 [2] 
[2025-02-25 13:27:50] local.INFO: 🚨 Emergency Report Submission Started {"data":{"_token":"ef5zGXHiaDQcB0qrM1IUrBtTUwtqq72eraaFUvJS","emergency_type":"Active Shooter","reporting_phone":"12132228424","description":"test232","room_occupancy":"5"}} 
[2025-02-25 13:27:50] local.INFO: ✔ Validation Passed {"validated":{"emergency_type":"Active Shooter","description":"test232","reporting_phone":"12132228424","room_occupancy":"5"}} 
[2025-02-25 13:27:50] local.INFO: select sum(`current_occupancy`) as aggregate from `rooms`  
[2025-02-25 13:27:50] local.INFO: insert into `emergencies` (`emergency_type`, `description`, `reporting_phone`, `reporting_user_id`, `room_occupancy`, `school_occupancy`, `updated_at`, `created_at`) values (?, ?, ?, ?, ?, ?, ?, ?) ["Active Shooter","test232","12132228424",2,"5","23","2025-02-25 13:27:50","2025-02-25 13:27:50"] 
[2025-02-25 13:27:50] local.INFO: ✅ Emergency Stored in DB {"emergency_id":13} 
[2025-02-25 13:27:50] local.INFO: select * from `rooms` where `room_number` = ? limit 1 ["102"] 
[2025-02-25 13:27:50] local.INFO: update `rooms` set `rooms`.`updated_at` = ? where `id` = ? ["2025-02-25 13:27:50",2] 
[2025-02-25 13:27:50] local.INFO: 🏠 Room Occupancy Updated {"room_id":"102","occupancy":"5"} 
[2025-02-25 13:27:50] local.INFO: 📲 Preparing to Send Emergency SMS  
[2025-02-25 13:27:50] local.INFO: 📡 Sending SMS to: 12132228424  
[2025-02-25 13:27:51] local.INFO: 📬 SMS API Response: HTTP 201 - {"id":"01JMYMNQ1YAYNVT7AJFCG5YBG3","to":["12132228424"],"from":"19312230233","canceled":false,"body":"\uD83D\uDEA8 Emergency Alert: Active Shooter. Details: test232.","type":"mt_text","created_at":"2025-02-25T13:27:51.102Z","modified_at":"2025-02-25T13:27:51.102Z","delivery_report":"none","expire_at":"2025-02-28T13:27:51.102Z","flash_message":false}  
[2025-02-25 13:27:51] local.INFO: 📩 Emergency SMS Sent Successfully!  
[2025-02-25 13:27:51] local.INFO: select * from `users` where `id` = ? limit 1 [2] 
[2025-02-25 13:27:51] local.INFO: select * from `users` where `id` = ? limit 1 [2] 
[2025-02-25 13:27:51] local.INFO: select * from `school_infos` limit 1  
[2025-02-25 13:27:51] local.INFO: select count(*) as aggregate from `rooms` where `current_occupancy` > ? [0] 
[2025-02-25 13:27:51] local.INFO: select sum(`current_occupancy`) as aggregate from `rooms`  
[2025-02-25 13:27:51] local.INFO: select * from `rooms` where `room_number` = ? limit 1 ["102"] 
[2025-02-25 13:28:16] local.INFO: select * from `users` where `id` = ? limit 1 [1] 
[2025-02-25 13:28:16] local.INFO: 📌 Emergency Report Page Loaded  
[2025-02-25 13:28:16] local.INFO: select * from `school_infos` limit 1  
[2025-02-25 13:28:16] local.INFO: select * from `rooms`  
[2025-02-25 13:28:16] local.INFO: select * from `users` where `home_room` is not null  
[2025-02-25 13:28:16] local.INFO: select sum(`current_occupancy`) as aggregate from `rooms`  
[2025-02-25 13:28:16] local.INFO: select * from `rooms` where `room_number` = ? limit 1 ["101"] 
[2025-02-25 13:28:16] local.INFO: select count(*) as aggregate from `rooms` where `current_occupancy` > ? [0] 
[2025-02-25 13:28:23] local.INFO: select * from `users` where `id` = ? limit 1 [1] 
[2025-02-25 13:28:23] local.INFO: 🚨 Emergency Report Submission Started {"data":{"_token":"9h6cbrGssxrw1PGk6D7sveNOTERs1MFyR6hbhPkH","emergency_type":"Active Shooter","reporting_phone":"12137034927","description":"test666","room_occupancy":"7"}} 
[2025-02-25 13:28:23] local.INFO: ✔ Validation Passed {"validated":{"emergency_type":"Active Shooter","description":"test666","reporting_phone":"12137034927","room_occupancy":"7"}} 
[2025-02-25 13:28:23] local.INFO: select sum(`current_occupancy`) as aggregate from `rooms`  
[2025-02-25 13:28:23] local.INFO: insert into `emergencies` (`emergency_type`, `description`, `reporting_phone`, `reporting_user_id`, `room_occupancy`, `school_occupancy`, `updated_at`, `created_at`) values (?, ?, ?, ?, ?, ?, ?, ?) ["Active Shooter","test666","12137034927",1,"7","23","2025-02-25 13:28:23","2025-02-25 13:28:23"] 
[2025-02-25 13:28:23] local.INFO: ✅ Emergency Stored in DB {"emergency_id":14} 
[2025-02-25 13:28:23] local.INFO: select * from `rooms` where `room_number` = ? limit 1 ["101"] 
[2025-02-25 13:28:23] local.INFO: update `rooms` set `rooms`.`updated_at` = ? where `id` = ? ["2025-02-25 13:28:23",1] 
[2025-02-25 13:28:23] local.INFO: 🏠 Room Occupancy Updated {"room_id":"101","occupancy":"7"} 
[2025-02-25 13:28:23] local.INFO: 📲 Preparing to Send Emergency SMS  
[2025-02-25 13:28:23] local.INFO: 📡 Sending SMS to: 12137034927  
[2025-02-25 13:28:24] local.INFO: 📬 SMS API Response: HTTP 201 - {"id":"01JMYMPQB0F5QYVR2SB8BQGTT2","to":["12137034927"],"from":"19312230233","canceled":false,"body":"\uD83D\uDEA8 Emergency Alert: Active Shooter. Details: test666.","type":"mt_text","created_at":"2025-02-25T13:28:24.160Z","modified_at":"2025-02-25T13:28:24.160Z","delivery_report":"none","expire_at":"2025-02-28T13:28:24.160Z","flash_message":false}  
[2025-02-25 13:28:24] local.INFO: 📩 Emergency SMS Sent Successfully!  
[2025-02-25 13:28:24] local.INFO: select * from `users` where `id` = ? limit 1 [1] 
[2025-02-25 13:28:24] local.INFO: select * from `users` where `id` = ? limit 1 [1] 
[2025-02-25 13:28:24] local.INFO: select * from `school_infos` limit 1  
[2025-02-25 13:28:24] local.INFO: select count(*) as aggregate from `rooms` where `current_occupancy` > ? [0] 
[2025-02-25 13:28:24] local.INFO: select sum(`current_occupancy`) as aggregate from `rooms`  
[2025-02-25 13:28:24] local.INFO: select * from `rooms` where `room_number` = ? limit 1 ["101"] 
[2025-02-25 13:38:52] local.INFO: select * from `users` where `id` = ? limit 1 [2] 
[2025-02-25 13:38:52] local.INFO: 📌 Emergency Report Page Loaded  
[2025-02-25 13:38:52] local.INFO: select * from `school_infos` limit 1  
[2025-02-25 13:38:52] local.INFO: select * from `rooms`  
[2025-02-25 13:38:52] local.INFO: select * from `users` where `home_room` is not null  
[2025-02-25 13:38:52] local.INFO: select sum(`current_occupancy`) as aggregate from `rooms`  
[2025-02-25 13:38:52] local.INFO: select * from `rooms` where `room_number` = ? limit 1 ["102"] 
[2025-02-25 13:38:52] local.INFO: select count(*) as aggregate from `rooms` where `current_occupancy` > ? [0] 
[2025-02-25 13:39:04] local.INFO: select * from `users` where `id` = ? limit 1 [2] 
[2025-02-25 13:39:04] local.INFO: 🚨 Emergency Report Submission Started {"data":{"_token":"ef5zGXHiaDQcB0qrM1IUrBtTUwtqq72eraaFUvJS","emergency_type":"Active Shooter","reporting_phone":"12132228424","description":"ppp","room_occupancy":"5"}} 
[2025-02-25 13:39:04] local.INFO: ✔ Validation Passed {"validated":{"emergency_type":"Active Shooter","description":"ppp","reporting_phone":"12132228424","room_occupancy":"5"}} 
[2025-02-25 13:39:04] local.INFO: select sum(`current_occupancy`) as aggregate from `rooms`  
[2025-02-25 13:39:04] local.INFO: insert into `emergencies` (`emergency_type`, `description`, `reporting_phone`, `reporting_user_id`, `room_occupancy`, `school_occupancy`, `updated_at`, `created_at`) values (?, ?, ?, ?, ?, ?, ?, ?) ["Active Shooter","ppp","12132228424",2,"5","23","2025-02-25 13:39:04","2025-02-25 13:39:04"] 
[2025-02-25 13:39:04] local.INFO: ✅ Emergency Stored in DB {"emergency_id":15} 
[2025-02-25 13:39:04] local.INFO: select * from `rooms` where `room_number` = ? limit 1 ["102"] 
[2025-02-25 13:39:04] local.INFO: update `rooms` set `rooms`.`updated_at` = ? where `id` = ? ["2025-02-25 13:39:04",2] 
[2025-02-25 13:39:04] local.INFO: 🏠 Room Occupancy Updated {"room_id":"102","occupancy":"5"} 
[2025-02-25 13:39:04] local.INFO: 📲 Preparing to Send Emergency SMS  
[2025-02-25 13:39:04] local.INFO: 📡 Sending SMS to: 12132228424  
[2025-02-25 13:39:05] local.INFO: 📬 SMS API Response: HTTP 201 - {"id":"01JMYNA9A7YVC18V6Y90WPTV8Y","to":["12132228424"],"from":"19312230233","canceled":false,"body":"\uD83D\uDEA8 Emergency Alert: Active Shooter. Details: ppp.","type":"mt_text","created_at":"2025-02-25T13:39:05.159Z","modified_at":"2025-02-25T13:39:05.159Z","delivery_report":"none","expire_at":"2025-02-28T13:39:05.159Z","flash_message":false}  
[2025-02-25 13:39:05] local.INFO: 📩 Emergency SMS Sent Successfully!  
[2025-02-25 13:39:05] local.INFO: select * from `users` where `id` = ? limit 1 [2] 
[2025-02-25 13:39:05] local.INFO: select * from `users` where `id` = ? limit 1 [2] 
[2025-02-25 13:39:05] local.INFO: select * from `school_infos` limit 1  
[2025-02-25 13:39:05] local.INFO: select count(*) as aggregate from `rooms` where `current_occupancy` > ? [0] 
[2025-02-25 13:39:05] local.INFO: select sum(`current_occupancy`) as aggregate from `rooms`  
[2025-02-25 13:39:05] local.INFO: select * from `rooms` where `room_number` = ? limit 1 ["102"] 
[2025-02-25 13:54:43] local.INFO: select * from `users` where `id` = ? limit 1 [2] 
[2025-02-25 13:54:43] local.INFO: 📌 Emergency Report Page Loaded  
[2025-02-25 13:54:43] local.INFO: select * from `school_infos` limit 1  
[2025-02-25 13:54:43] local.INFO: select * from `rooms`  
[2025-02-25 13:54:43] local.INFO: select * from `users` where `home_room` is not null  
[2025-02-25 13:54:43] local.INFO: select sum(`current_occupancy`) as aggregate from `rooms`  
[2025-02-25 13:54:43] local.INFO: select * from `rooms` where `room_number` = ? limit 1 ["102"] 
[2025-02-25 13:54:43] local.INFO: select count(*) as aggregate from `rooms` where `current_occupancy` > ? [0] 
[2025-02-25 13:55:00] local.INFO: select * from `users` where `id` = ? limit 1 [2] 
[2025-02-25 13:55:00] local.INFO: 🚨 Emergency Report Submission Started {"data":{"_token":"ef5zGXHiaDQcB0qrM1IUrBtTUwtqq72eraaFUvJS","emergency_type":"Active Shooter","reporting_phone":"12132228424","description":"test 5554","room_occupancy":"5"}} 
[2025-02-25 13:55:00] local.INFO: ✔ Validation Passed {"validated":{"emergency_type":"Active Shooter","description":"test 5554","reporting_phone":"12132228424","room_occupancy":"5"}} 
[2025-02-25 13:55:00] local.INFO: select sum(`current_occupancy`) as aggregate from `rooms`  
[2025-02-25 13:55:00] local.INFO: insert into `emergencies` (`emergency_type`, `description`, `reporting_phone`, `reporting_user_id`, `room_occupancy`, `school_occupancy`, `updated_at`, `created_at`) values (?, ?, ?, ?, ?, ?, ?, ?) ["Active Shooter","test 5554","12132228424",2,"5","23","2025-02-25 13:55:00","2025-02-25 13:55:00"] 
[2025-02-25 13:55:00] local.INFO: ✅ Emergency Stored in DB {"emergency_id":16} 
[2025-02-25 13:55:00] local.INFO: select * from `rooms` where `room_number` = ? limit 1 ["102"] 
[2025-02-25 13:55:00] local.INFO: update `rooms` set `rooms`.`updated_at` = ? where `id` = ? ["2025-02-25 13:55:00",2] 
[2025-02-25 13:55:00] local.INFO: 🏠 Room Occupancy Updated {"room_id":"102","occupancy":"5"} 
[2025-02-25 13:55:00] local.INFO: 📲 Preparing to Send Emergency SMS  
[2025-02-25 13:55:00] local.INFO: 📡 Sending SMS to: 12132228424  
[2025-02-25 13:55:00] local.INFO: 📬 SMS API Response: HTTP 201 - {"id":"01JMYP7E9Z8V2NFSX8B2DJ1P5K","to":["12132228424"],"from":"19312230233","canceled":false,"body":"\uD83D\uDEA8 Emergency Alert: Active Shooter. Details: test 5554.","type":"mt_text","created_at":"2025-02-25T13:55:00.543Z","modified_at":"2025-02-25T13:55:00.543Z","delivery_report":"none","expire_at":"2025-02-28T13:55:00.543Z","flash_message":false}  
[2025-02-25 13:55:00] local.INFO: 📩 Emergency SMS Sent Successfully!  
[2025-02-25 13:55:00] local.INFO: select * from `users` where `id` = ? limit 1 [2] 
[2025-02-25 13:55:00] local.INFO: select * from `users` where `id` = ? limit 1 [2] 
[2025-02-25 13:55:00] local.INFO: select * from `school_infos` limit 1  
[2025-02-25 13:55:00] local.INFO: select count(*) as aggregate from `rooms` where `current_occupancy` > ? [0] 
[2025-02-25 13:55:00] local.INFO: select sum(`current_occupancy`) as aggregate from `rooms`  
[2025-02-25 13:55:00] local.INFO: select * from `rooms` where `room_number` = ? limit 1 ["102"] 
[2025-02-25 14:24:07] local.INFO: select * from `users` where `id` = ? limit 1 [2] 
[2025-02-25 14:24:07] local.INFO: 📌 Emergency Report Page Loaded  
[2025-02-25 14:24:07] local.INFO: select * from `school_infos` limit 1  
[2025-02-25 14:24:07] local.INFO: select * from `rooms`  
[2025-02-25 14:24:07] local.INFO: select * from `users` where `home_room` is not null  
[2025-02-25 14:24:07] local.INFO: select sum(`current_occupancy`) as aggregate from `rooms`  
[2025-02-25 14:24:07] local.INFO: select * from `rooms` where `room_number` = ? limit 1 ["102"] 
[2025-02-25 14:24:07] local.INFO: select count(*) as aggregate from `rooms` where `current_occupancy` > ? [0] 
[2025-02-25 14:24:27] local.INFO: select * from `users` where `id` = ? limit 1 [2] 
[2025-02-25 14:24:27] local.INFO: 🚨 Emergency Report Submission Started {"data":{"_token":"ef5zGXHiaDQcB0qrM1IUrBtTUwtqq72eraaFUvJS","emergency_type":"Active Shooter","reporting_phone":"12132228424","description":"test2233","room_occupancy":"5"}} 
[2025-02-25 14:24:27] local.INFO: ✔ Validation Passed {"validated":{"emergency_type":"Active Shooter","description":"test2233","reporting_phone":"12132228424","room_occupancy":"5"}} 
[2025-02-25 14:24:27] local.INFO: select sum(`current_occupancy`) as aggregate from `rooms`  
[2025-02-25 14:24:27] local.INFO: insert into `emergencies` (`emergency_type`, `description`, `reporting_phone`, `reporting_user_id`, `room_occupancy`, `school_occupancy`, `updated_at`, `created_at`) values (?, ?, ?, ?, ?, ?, ?, ?) ["Active Shooter","test2233","12132228424",2,"5","23","2025-02-25 14:24:27","2025-02-25 14:24:27"] 
[2025-02-25 14:24:27] local.INFO: ✅ Emergency Stored in DB {"emergency_id":17} 
[2025-02-25 14:24:27] local.INFO: select * from `rooms` where `room_number` = ? limit 1 ["102"] 
[2025-02-25 14:24:27] local.INFO: update `rooms` set `rooms`.`updated_at` = ? where `id` = ? ["2025-02-25 14:24:27",2] 
[2025-02-25 14:24:27] local.INFO: 🏠 Room Occupancy Updated {"room_id":"102","occupancy":"5"} 
[2025-02-25 14:24:27] local.INFO: 📲 Preparing to Send Emergency SMS  
[2025-02-25 14:24:27] local.INFO: 📡 Sending SMS to: 12132228424  
[2025-02-25 14:24:27] local.INFO: 📬 SMS API Response: HTTP 201 - {"id":"01JMYQXC58Z2FE9AS16PFX42S6","to":["12132228424"],"from":"19312230233","canceled":false,"body":"\uD83D\uDEA8 Emergency Alert: Active Shooter. Details: test2233.","type":"mt_text","created_at":"2025-02-25T14:24:27.816Z","modified_at":"2025-02-25T14:24:27.816Z","delivery_report":"none","expire_at":"2025-02-28T14:24:27.816Z","flash_message":false}  
[2025-02-25 14:24:27] local.INFO: 📩 Emergency SMS Sent Successfully!  
[2025-02-25 14:24:27] local.INFO: select * from `users` where `id` = ? limit 1 [2] 
[2025-02-25 14:24:27] local.INFO: select * from `users` where `id` = ? limit 1 [2] 
[2025-02-25 14:24:27] local.INFO: select * from `school_infos` limit 1  
[2025-02-25 14:24:27] local.INFO: select count(*) as aggregate from `rooms` where `current_occupancy` > ? [0] 
[2025-02-25 14:24:27] local.INFO: select sum(`current_occupancy`) as aggregate from `rooms`  
[2025-02-25 14:24:27] local.INFO: select * from `rooms` where `room_number` = ? limit 1 ["102"] 
