[2025-02-22 18:24:52] local.INFO: select * from `users` where `id` = ? limit 1 [1] 
[2025-02-22 18:24:52] local.INFO: Emergency Chat: Fetching messages  
[2025-02-22 18:24:52] local.INFO: select * from `chat_messages` order by `created_at` asc  
[2025-02-22 18:24:52] local.WARNING: Emergency Chat: No messages found  
[2025-02-22 18:24:52] local.INFO: select * from `users` where `id` = ? limit 1 [1] 
[2025-02-22 18:24:52] local.INFO: Emergency Chat: Fetching messages  
[2025-02-22 18:24:52] local.INFO: select * from `chat_messages` order by `created_at` asc  
[2025-02-22 18:24:52] local.WARNING: Emergency Chat: No messages found  
[2025-02-22 18:24:54] local.INFO: select * from `users` where `id` = ? limit 1 [1] 
[2025-02-22 18:24:54] local.INFO: Emergency Chat: Fetching messages  
[2025-02-22 18:24:54] local.INFO: select * from `chat_messages` order by `created_at` asc  
[2025-02-22 18:24:54] local.WARNING: Emergency Chat: No messages found  
[2025-02-22 18:24:54] local.INFO: select * from `users` where `id` = ? limit 1 [1] 
[2025-02-22 18:24:54] local.INFO: Emergency Chat: Fetching messages  
[2025-02-22 18:24:54] local.INFO: select * from `chat_messages` order by `created_at` asc  
[2025-02-22 18:24:54] local.WARNING: Emergency Chat: No messages found  
[2025-02-22 18:24:56] local.INFO: select * from `users` where `id` = ? limit 1 [1] 
[2025-02-22 18:24:56] local.INFO: Emergency Chat: Fetching messages  
[2025-02-22 18:24:56] local.INFO: select * from `chat_messages` order by `created_at` asc  
[2025-02-22 18:24:56] local.WARNING: Emergency Chat: No messages found  
[2025-02-22 18:24:56] local.INFO: select * from `users` where `id` = ? limit 1 [1] 
[2025-02-22 18:24:56] local.INFO: Emergency Chat: Fetching messages  
[2025-02-22 18:24:56] local.INFO: select * from `chat_messages` order by `created_at` asc  
[2025-02-22 18:24:56] local.WARNING: Emergency Chat: No messages found  
[2025-02-22 18:24:58] local.INFO: select * from `users` where `id` = ? limit 1 [1] 
[2025-02-22 18:24:58] local.INFO: Emergency Chat: Fetching messages  
[2025-02-22 18:24:58] local.INFO: select * from `chat_messages` order by `created_at` asc  
[2025-02-22 18:24:58] local.WARNING: Emergency Chat: No messages found  
[2025-02-22 18:24:58] local.INFO: select * from `users` where `id` = ? limit 1 [1] 
[2025-02-22 18:24:58] local.INFO: Emergency Chat: Fetching messages  
[2025-02-22 18:24:58] local.INFO: select * from `chat_messages` order by `created_at` asc  
[2025-02-22 18:24:58] local.WARNING: Emergency Chat: No messages found  
[2025-02-22 18:25:00] local.INFO: select * from `users` where `id` = ? limit 1 [1] 
[2025-02-22 18:25:00] local.INFO: Emergency Chat: Fetching messages  
[2025-02-22 18:25:00] local.INFO: select * from `chat_messages` order by `created_at` asc  
[2025-02-22 18:25:00] local.WARNING: Emergency Chat: No messages found  
[2025-02-22 18:25:00] local.INFO: select * from `users` where `id` = ? limit 1 [1] 
[2025-02-22 18:25:00] local.INFO: Emergency Chat: Fetching messages  
[2025-02-22 18:25:00] local.INFO: select * from `chat_messages` order by `created_at` asc  
[2025-02-22 18:25:00] local.WARNING: Emergency Chat: No messages found  
[2025-02-22 18:25:02] local.INFO: select * from `users` where `id` = ? limit 1 [1] 
[2025-02-22 18:25:02] local.INFO: Emergency Chat: Fetching messages  
[2025-02-22 18:25:02] local.INFO: select * from `chat_messages` order by `created_at` asc  
[2025-02-22 18:25:02] local.WARNING: Emergency Chat: No messages found  
[2025-02-22 18:25:02] local.INFO: select * from `users` where `id` = ? limit 1 [1] 
[2025-02-22 18:25:02] local.INFO: Emergency Chat: Fetching messages  
[2025-02-22 18:25:02] local.INFO: select * from `chat_messages` order by `created_at` asc  
[2025-02-22 18:25:02] local.WARNING: Emergency Chat: No messages found  
[2025-02-22 18:25:04] local.INFO: select * from `users` where `id` = ? limit 1 [1] 
[2025-02-22 18:25:04] local.INFO: Emergency Chat: Fetching messages  
[2025-02-22 18:25:04] local.INFO: select * from `chat_messages` order by `created_at` asc  
[2025-02-22 18:25:04] local.WARNING: Emergency Chat: No messages found  
[2025-02-22 18:25:04] local.INFO: select * from `users` where `id` = ? limit 1 [1] 
[2025-02-22 18:25:04] local.INFO: Emergency Chat: Fetching messages  
[2025-02-22 18:25:04] local.INFO: select * from `chat_messages` order by `created_at` asc  
[2025-02-22 18:25:04] local.WARNING: Emergency Chat: No messages found  
[2025-02-22 18:25:06] local.INFO: select * from `users` where `id` = ? limit 1 [1] 
[2025-02-22 18:25:06] local.INFO: Emergency Chat: Fetching messages  
[2025-02-22 18:25:06] local.INFO: select * from `chat_messages` order by `created_at` asc  
[2025-02-22 18:25:06] local.WARNING: Emergency Chat: No messages found  
[2025-02-22 18:25:06] local.INFO: select * from `users` where `id` = ? limit 1 [1] 
[2025-02-22 18:25:06] local.INFO: Emergency Chat: Fetching messages  
[2025-02-22 18:25:06] local.INFO: select * from `chat_messages` order by `created_at` asc  
[2025-02-22 18:25:06] local.WARNING: Emergency Chat: No messages found  
[2025-02-22 18:25:08] local.INFO: select * from `users` where `id` = ? limit 1 [1] 
[2025-02-22 18:25:08] local.INFO: Emergency Chat: Fetching messages  
[2025-02-22 18:25:08] local.INFO: select * from `chat_messages` order by `created_at` asc  
[2025-02-22 18:25:08] local.WARNING: Emergency Chat: No messages found  
[2025-02-22 18:25:08] local.INFO: select * from `users` where `id` = ? limit 1 [1] 
[2025-02-22 18:25:08] local.INFO: Emergency Chat: Fetching messages  
[2025-02-22 18:25:08] local.INFO: select * from `chat_messages` order by `created_at` asc  
[2025-02-22 18:25:08] local.WARNING: Emergency Chat: No messages found  
[2025-02-22 18:25:10] local.INFO: select * from `users` where `id` = ? limit 1 [1] 
[2025-02-22 18:25:10] local.INFO: Emergency Chat: Fetching messages  
[2025-02-22 18:25:10] local.INFO: select * from `chat_messages` order by `created_at` asc  
[2025-02-22 18:25:10] local.WARNING: Emergency Chat: No messages found  
[2025-02-22 18:25:10] local.INFO: select * from `users` where `id` = ? limit 1 [1] 
[2025-02-22 18:25:10] local.INFO: Emergency Chat: Fetching messages  
[2025-02-22 18:25:10] local.INFO: select * from `chat_messages` order by `created_at` asc  
[2025-02-22 18:25:10] local.WARNING: Emergency Chat: No messages found  
[2025-02-22 18:25:12] local.INFO: select * from `users` where `id` = ? limit 1 [1] 
[2025-02-22 18:25:12] local.INFO: Emergency Chat: Fetching messages  
[2025-02-22 18:25:12] local.INFO: select * from `chat_messages` order by `created_at` asc  
[2025-02-22 18:25:12] local.WARNING: Emergency Chat: No messages found  
[2025-02-22 18:25:12] local.INFO: select * from `users` where `id` = ? limit 1 [1] 
[2025-02-22 18:25:12] local.INFO: Emergency Chat: Fetching messages  
[2025-02-22 18:25:12] local.INFO: select * from `chat_messages` order by `created_at` asc  
[2025-02-22 18:25:12] local.WARNING: Emergency Chat: No messages found  
[2025-02-22 18:25:14] local.INFO: select * from `users` where `id` = ? limit 1 [1] 
[2025-02-22 18:25:14] local.INFO: Emergency Chat: Fetching messages  
[2025-02-22 18:25:14] local.INFO: select * from `chat_messages` order by `created_at` asc  
[2025-02-22 18:25:14] local.WARNING: Emergency Chat: No messages found  
[2025-02-22 18:25:14] local.INFO: select * from `users` where `id` = ? limit 1 [1] 
[2025-02-22 18:25:14] local.INFO: Emergency Chat: Fetching messages  
[2025-02-22 18:25:14] local.INFO: select * from `chat_messages` order by `created_at` asc  
[2025-02-22 18:25:14] local.WARNING: Emergency Chat: No messages found  
[2025-02-22 18:25:16] local.INFO: select * from `users` where `id` = ? limit 1 [1] 
[2025-02-22 18:25:16] local.INFO: Emergency Chat: Fetching messages  
[2025-02-22 18:25:16] local.INFO: select * from `chat_messages` order by `created_at` asc  
[2025-02-22 18:25:16] local.WARNING: Emergency Chat: No messages found  
[2025-02-22 18:25:16] local.INFO: select * from `users` where `id` = ? limit 1 [1] 
[2025-02-22 18:25:16] local.INFO: Emergency Chat: Fetching messages  
[2025-02-22 18:25:16] local.INFO: select * from `chat_messages` order by `created_at` asc  
[2025-02-22 18:25:16] local.WARNING: Emergency Chat: No messages found  
[2025-02-22 18:25:18] local.INFO: select * from `users` where `id` = ? limit 1 [1] 
[2025-02-22 18:25:18] local.INFO: Emergency Chat: Fetching messages  
[2025-02-22 18:25:18] local.INFO: select * from `chat_messages` order by `created_at` asc  
[2025-02-22 18:25:18] local.WARNING: Emergency Chat: No messages found  
[2025-02-22 18:25:18] local.INFO: select * from `users` where `id` = ? limit 1 [1] 
[2025-02-22 18:25:18] local.INFO: Emergency Chat: Fetching messages  
[2025-02-22 18:25:18] local.INFO: select * from `chat_messages` order by `created_at` asc  
[2025-02-22 18:25:18] local.WARNING: Emergency Chat: No messages found  
[2025-02-22 18:25:19] local.INFO: select * from `users` where `id` = ? limit 1 [1] 
[2025-02-22 18:25:19] local.INFO: Emergency Chat: Fetching messages  
[2025-02-22 18:25:19] local.INFO: select * from `chat_messages` order by `created_at` asc  
[2025-02-22 18:25:19] local.WARNING: Emergency Chat: No messages found  
[2025-02-22 18:25:20] local.INFO: select * from `users` where `id` = ? limit 1 [1] 
[2025-02-22 18:25:20] local.INFO: Emergency Chat: Fetching messages  
[2025-02-22 18:25:20] local.INFO: select * from `chat_messages` order by `created_at` asc  
[2025-02-22 18:25:20] local.WARNING: Emergency Chat: No messages found  
[2025-02-22 18:25:21] local.INFO: select * from `users` where `id` = ? limit 1 [1] 
[2025-02-22 18:25:21] local.INFO: Emergency Chat: Fetching messages  
[2025-02-22 18:25:21] local.INFO: select * from `chat_messages` order by `created_at` asc  
[2025-02-22 18:25:21] local.WARNING: Emergency Chat: No messages found  
[2025-02-22 18:25:22] local.INFO: select * from `users` where `id` = ? limit 1 [1] 
[2025-02-22 18:25:22] local.INFO: Emergency Chat: Fetching messages  
[2025-02-22 18:25:22] local.INFO: select * from `chat_messages` order by `created_at` asc  
[2025-02-22 18:25:22] local.WARNING: Emergency Chat: No messages found  
[2025-02-22 18:25:22] local.INFO: select * from `users` where `id` = ? limit 1 [1] 
[2025-02-22 18:25:22] local.INFO: Emergency Chat: Incoming message request {"data":{"message":"test"}} 
[2025-02-22 18:25:22] local.ERROR: Emergency Chat: Exception occurred {"error":"SQLSTATE[42S22]: Column not found: 1054 Unknown column 'message' in 'field list' (Connection: mysql, SQL: insert into `chat_messages` (`user_id`, `message`, `updated_at`, `created_at`) values (1, test, 2025-02-22 18:25:22, 2025-02-22 18:25:22))"} 
[2025-02-22 18:25:22] local.INFO: select * from `users` where `id` = ? limit 1 [1] 
[2025-02-22 18:25:22] local.INFO: Emergency Chat: Fetching messages  
[2025-02-22 18:25:22] local.INFO: select * from `chat_messages` order by `created_at` asc  
[2025-02-22 18:25:22] local.WARNING: Emergency Chat: No messages found  
[2025-02-22 18:25:23] local.INFO: select * from `users` where `id` = ? limit 1 [1] 
[2025-02-22 18:25:23] local.INFO: Emergency Chat: Fetching messages  
[2025-02-22 18:25:23] local.INFO: select * from `chat_messages` order by `created_at` asc  
[2025-02-22 18:25:23] local.WARNING: Emergency Chat: No messages found  
[2025-02-22 18:25:24] local.INFO: select * from `users` where `id` = ? limit 1 [1] 
[2025-02-22 18:25:24] local.INFO: Emergency Chat: Fetching messages  
[2025-02-22 18:25:24] local.INFO: select * from `chat_messages` order by `created_at` asc  
[2025-02-22 18:25:24] local.WARNING: Emergency Chat: No messages found  
[2025-02-22 18:25:25] local.INFO: select * from `users` where `id` = ? limit 1 [1] 
[2025-02-22 18:25:25] local.INFO: Emergency Chat: Fetching messages  
[2025-02-22 18:25:25] local.INFO: select * from `chat_messages` order by `created_at` asc  
[2025-02-22 18:25:25] local.WARNING: Emergency Chat: No messages found  
[2025-02-22 18:25:26] local.INFO: select * from `users` where `id` = ? limit 1 [1] 
[2025-02-22 18:25:26] local.INFO: Emergency Chat: Fetching messages  
[2025-02-22 18:25:26] local.INFO: select * from `chat_messages` order by `created_at` asc  
[2025-02-22 18:25:26] local.WARNING: Emergency Chat: No messages found  
[2025-02-22 18:25:27] local.INFO: select * from `users` where `id` = ? limit 1 [1] 
[2025-02-22 18:25:27] local.INFO: Emergency Chat: Fetching messages  
[2025-02-22 18:25:27] local.INFO: select * from `chat_messages` order by `created_at` asc  
[2025-02-22 18:25:27] local.WARNING: Emergency Chat: No messages found  
[2025-02-22 18:25:28] local.INFO: select * from `users` where `id` = ? limit 1 [1] 
[2025-02-22 18:25:28] local.INFO: Emergency Chat: Fetching messages  
[2025-02-22 18:25:28] local.INFO: select * from `chat_messages` order by `created_at` asc  
[2025-02-22 18:25:28] local.WARNING: Emergency Chat: No messages found  
[2025-02-22 18:25:29] local.INFO: select * from `users` where `id` = ? limit 1 [1] 
[2025-02-22 18:25:29] local.INFO: Emergency Chat: Fetching messages  
[2025-02-22 18:25:29] local.INFO: select * from `chat_messages` order by `created_at` asc  
[2025-02-22 18:25:29] local.WARNING: Emergency Chat: No messages found  
[2025-02-22 18:25:30] local.INFO: select * from `users` where `id` = ? limit 1 [1] 
[2025-02-22 18:25:30] local.INFO: Emergency Chat: Fetching messages  
[2025-02-22 18:25:30] local.INFO: select * from `chat_messages` order by `created_at` asc  
[2025-02-22 18:25:30] local.WARNING: Emergency Chat: No messages found  
[2025-02-22 18:25:31] local.INFO: select * from `users` where `id` = ? limit 1 [1] 
[2025-02-22 18:25:31] local.INFO: Emergency Chat: Fetching messages  
[2025-02-22 18:25:31] local.INFO: select * from `chat_messages` order by `created_at` asc  
[2025-02-22 18:25:31] local.WARNING: Emergency Chat: No messages found  
[2025-02-22 18:25:32] local.INFO: select * from `users` where `id` = ? limit 1 [1] 
[2025-02-22 18:25:32] local.INFO: Emergency Chat: Fetching messages  
[2025-02-22 18:25:32] local.INFO: select * from `chat_messages` order by `created_at` asc  
[2025-02-22 18:25:32] local.WARNING: Emergency Chat: No messages found  
[2025-02-22 18:25:33] local.INFO: select * from `users` where `id` = ? limit 1 [1] 
[2025-02-22 18:25:33] local.INFO: Emergency Chat: Fetching messages  
[2025-02-22 18:25:33] local.INFO: select * from `chat_messages` order by `created_at` asc  
[2025-02-22 18:25:33] local.WARNING: Emergency Chat: No messages found  
[2025-02-22 18:25:34] local.INFO: select * from `users` where `id` = ? limit 1 [1] 
[2025-02-22 18:25:34] local.INFO: Emergency Chat: Fetching messages  
[2025-02-22 18:25:34] local.INFO: select * from `chat_messages` order by `created_at` asc  
[2025-02-22 18:25:34] local.WARNING: Emergency Chat: No messages found  
[2025-02-22 18:25:35] local.INFO: select * from `users` where `id` = ? limit 1 [1] 
[2025-02-22 18:25:35] local.INFO: Emergency Chat: Fetching messages  
[2025-02-22 18:25:35] local.INFO: select * from `chat_messages` order by `created_at` asc  
[2025-02-22 18:25:35] local.WARNING: Emergency Chat: No messages found  
[2025-02-22 18:25:36] local.INFO: select * from `users` where `id` = ? limit 1 [1] 
[2025-02-22 18:25:36] local.INFO: Emergency Chat: Fetching messages  
[2025-02-22 18:25:36] local.INFO: select * from `chat_messages` order by `created_at` asc  
[2025-02-22 18:25:36] local.WARNING: Emergency Chat: No messages found  
[2025-02-22 18:25:37] local.INFO: select * from `users` where `id` = ? limit 1 [1] 
[2025-02-22 18:25:37] local.INFO: Emergency Chat: Fetching messages  
[2025-02-22 18:25:37] local.INFO: select * from `chat_messages` order by `created_at` asc  
[2025-02-22 18:25:37] local.WARNING: Emergency Chat: No messages found  
[2025-02-22 18:25:38] local.INFO: select * from `users` where `id` = ? limit 1 [1] 
[2025-02-22 18:25:38] local.INFO: Emergency Chat: Fetching messages  
[2025-02-22 18:25:38] local.INFO: select * from `chat_messages` order by `created_at` asc  
[2025-02-22 18:25:38] local.WARNING: Emergency Chat: No messages found  
[2025-02-22 18:25:39] local.INFO: select * from `users` where `id` = ? limit 1 [1] 
[2025-02-22 18:25:39] local.INFO: Emergency Chat: Fetching messages  
[2025-02-22 18:25:39] local.INFO: select * from `chat_messages` order by `created_at` asc  
[2025-02-22 18:25:39] local.WARNING: Emergency Chat: No messages found  
[2025-02-22 18:25:40] local.INFO: select * from `users` where `id` = ? limit 1 [1] 
[2025-02-22 18:25:40] local.INFO: Emergency Chat: Fetching messages  
[2025-02-22 18:25:40] local.INFO: select * from `chat_messages` order by `created_at` asc  
[2025-02-22 18:25:40] local.WARNING: Emergency Chat: No messages found  
[2025-02-22 18:25:41] local.INFO: select * from `users` where `id` = ? limit 1 [1] 
[2025-02-22 18:25:41] local.INFO: Emergency Chat: Fetching messages  
[2025-02-22 18:25:41] local.INFO: select * from `chat_messages` order by `created_at` asc  
[2025-02-22 18:25:41] local.WARNING: Emergency Chat: No messages found  
[2025-02-22 18:25:42] local.INFO: select * from `users` where `id` = ? limit 1 [1] 
[2025-02-22 18:25:42] local.INFO: Emergency Chat: Fetching messages  
[2025-02-22 18:25:42] local.INFO: select * from `chat_messages` order by `created_at` asc  
[2025-02-22 18:25:42] local.WARNING: Emergency Chat: No messages found  
[2025-02-22 18:25:43] local.INFO: select * from `users` where `id` = ? limit 1 [1] 
[2025-02-22 18:25:43] local.INFO: Emergency Chat: Fetching messages  
[2025-02-22 18:25:43] local.INFO: select * from `chat_messages` order by `created_at` asc  
[2025-02-22 18:25:43] local.WARNING: Emergency Chat: No messages found  
[2025-02-22 18:25:44] local.INFO: select * from `users` where `id` = ? limit 1 [1] 
[2025-02-22 18:25:44] local.INFO: Emergency Chat: Fetching messages  
[2025-02-22 18:25:44] local.INFO: select * from `chat_messages` order by `created_at` asc  
[2025-02-22 18:25:44] local.WARNING: Emergency Chat: No messages found  
[2025-02-22 18:25:45] local.INFO: select * from `users` where `id` = ? limit 1 [1] 
[2025-02-22 18:25:45] local.INFO: Emergency Chat: Fetching messages  
[2025-02-22 18:25:45] local.INFO: select * from `chat_messages` order by `created_at` asc  
[2025-02-22 18:25:45] local.WARNING: Emergency Chat: No messages found  
[2025-02-22 18:25:46] local.INFO: select * from `users` where `id` = ? limit 1 [1] 
[2025-02-22 18:25:46] local.INFO: Emergency Chat: Fetching messages  
[2025-02-22 18:25:46] local.INFO: select * from `chat_messages` order by `created_at` asc  
[2025-02-22 18:25:46] local.WARNING: Emergency Chat: No messages found  
[2025-02-22 18:25:47] local.INFO: select * from `users` where `id` = ? limit 1 [1] 
[2025-02-22 18:25:47] local.INFO: Emergency Chat: Fetching messages  
[2025-02-22 18:25:47] local.INFO: select * from `chat_messages` order by `created_at` asc  
[2025-02-22 18:25:47] local.WARNING: Emergency Chat: No messages found  
[2025-02-22 18:25:48] local.INFO: select * from `users` where `id` = ? limit 1 [1] 
[2025-02-22 18:25:48] local.INFO: Emergency Chat: Fetching messages  
[2025-02-22 18:25:48] local.INFO: select * from `chat_messages` order by `created_at` asc  
[2025-02-22 18:25:48] local.WARNING: Emergency Chat: No messages found  
[2025-02-22 18:25:49] local.INFO: select * from `users` where `id` = ? limit 1 [1] 
[2025-02-22 18:25:49] local.INFO: Emergency Chat: Fetching messages  
[2025-02-22 18:25:49] local.INFO: select * from `chat_messages` order by `created_at` asc  
[2025-02-22 18:25:49] local.WARNING: Emergency Chat: No messages found  
[2025-02-22 18:25:50] local.INFO: select * from `users` where `id` = ? limit 1 [1] 
[2025-02-22 18:25:50] local.INFO: Emergency Chat: Fetching messages  
[2025-02-22 18:25:50] local.INFO: select * from `chat_messages` order by `created_at` asc  
[2025-02-22 18:25:50] local.WARNING: Emergency Chat: No messages found  
[2025-02-22 18:25:51] local.INFO: select * from `users` where `id` = ? limit 1 [1] 
[2025-02-22 18:25:51] local.INFO: Emergency Chat: Fetching messages  
[2025-02-22 18:25:51] local.INFO: select * from `chat_messages` order by `created_at` asc  
[2025-02-22 18:25:51] local.WARNING: Emergency Chat: No messages found  
[2025-02-22 18:25:52] local.INFO: select * from `users` where `id` = ? limit 1 [1] 
[2025-02-22 18:25:52] local.INFO: Emergency Chat: Fetching messages  
[2025-02-22 18:25:52] local.INFO: select * from `chat_messages` order by `created_at` asc  
[2025-02-22 18:25:52] local.WARNING: Emergency Chat: No messages found  
[2025-02-22 18:25:54] local.INFO: select * from `users` where `id` = ? limit 1 [1] 
[2025-02-22 18:25:54] local.INFO: Emergency Chat: Fetching messages  
[2025-02-22 18:25:54] local.INFO: select * from `chat_messages` order by `created_at` asc  
[2025-02-22 18:25:54] local.WARNING: Emergency Chat: No messages found  
[2025-02-22 18:25:54] local.INFO: select * from `users` where `id` = ? limit 1 [1] 
[2025-02-22 18:25:54] local.INFO: Emergency Chat: Fetching messages  
[2025-02-22 18:25:54] local.INFO: select * from `chat_messages` order by `created_at` asc  
[2025-02-22 18:25:54] local.WARNING: Emergency Chat: No messages found  
[2025-02-22 18:25:56] local.INFO: select * from `users` where `id` = ? limit 1 [1] 
[2025-02-22 18:25:56] local.INFO: Emergency Chat: Fetching messages  
[2025-02-22 18:25:56] local.INFO: select * from `chat_messages` order by `created_at` asc  
[2025-02-22 18:25:56] local.WARNING: Emergency Chat: No messages found  
[2025-02-22 18:25:56] local.INFO: select * from `users` where `id` = ? limit 1 [1] 
[2025-02-22 18:25:56] local.INFO: Emergency Chat: Fetching messages  
[2025-02-22 18:25:56] local.INFO: select * from `chat_messages` order by `created_at` asc  
[2025-02-22 18:25:56] local.WARNING: Emergency Chat: No messages found  
[2025-02-22 18:25:58] local.INFO: select * from `users` where `id` = ? limit 1 [1] 
[2025-02-22 18:25:58] local.INFO: Emergency Chat: Fetching messages  
[2025-02-22 18:25:58] local.INFO: select * from `chat_messages` order by `created_at` asc  
[2025-02-22 18:25:58] local.WARNING: Emergency Chat: No messages found  
[2025-02-22 18:25:58] local.INFO: select * from `users` where `id` = ? limit 1 [1] 
[2025-02-22 18:25:58] local.INFO: Emergency Chat: Fetching messages  
[2025-02-22 18:25:58] local.INFO: select * from `chat_messages` order by `created_at` asc  
[2025-02-22 18:25:58] local.WARNING: Emergency Chat: No messages found  
[2025-02-22 18:26:00] local.INFO: select * from `users` where `id` = ? limit 1 [1] 
[2025-02-22 18:26:00] local.INFO: Emergency Chat: Fetching messages  
[2025-02-22 18:26:00] local.INFO: select * from `chat_messages` order by `created_at` asc  
[2025-02-22 18:26:00] local.WARNING: Emergency Chat: No messages found  
[2025-02-22 18:26:00] local.INFO: select * from `users` where `id` = ? limit 1 [1] 
[2025-02-22 18:26:00] local.INFO: Emergency Chat: Fetching messages  
[2025-02-22 18:26:00] local.INFO: select * from `chat_messages` order by `created_at` asc  
[2025-02-22 18:26:00] local.WARNING: Emergency Chat: No messages found  
[2025-02-22 18:26:02] local.INFO: select * from `users` where `id` = ? limit 1 [1] 
[2025-02-22 18:26:02] local.INFO: Emergency Chat: Fetching messages  
[2025-02-22 18:26:02] local.INFO: select * from `chat_messages` order by `created_at` asc  
[2025-02-22 18:26:02] local.WARNING: Emergency Chat: No messages found  
[2025-02-22 18:26:02] local.INFO: select * from `users` where `id` = ? limit 1 [1] 
[2025-02-22 18:26:02] local.INFO: Emergency Chat: Fetching messages  
[2025-02-22 18:26:02] local.INFO: select * from `chat_messages` order by `created_at` asc  
[2025-02-22 18:26:02] local.WARNING: Emergency Chat: No messages found  
[2025-02-22 18:26:04] local.INFO: select * from `users` where `id` = ? limit 1 [1] 
[2025-02-22 18:26:04] local.INFO: Emergency Chat: Fetching messages  
[2025-02-22 18:26:04] local.INFO: select * from `chat_messages` order by `created_at` asc  
[2025-02-22 18:26:04] local.WARNING: Emergency Chat: No messages found  
[2025-02-22 18:26:04] local.INFO: select * from `users` where `id` = ? limit 1 [1] 
[2025-02-22 18:26:04] local.INFO: Emergency Chat: Fetching messages  
[2025-02-22 18:26:04] local.INFO: select * from `chat_messages` order by `created_at` asc  
[2025-02-22 18:26:04] local.WARNING: Emergency Chat: No messages found  
[2025-02-22 18:26:06] local.INFO: select * from `users` where `id` = ? limit 1 [1] 
[2025-02-22 18:26:06] local.INFO: Emergency Chat: Fetching messages  
[2025-02-22 18:26:06] local.INFO: select * from `chat_messages` order by `created_at` asc  
[2025-02-22 18:26:06] local.WARNING: Emergency Chat: No messages found  
[2025-02-22 18:26:06] local.INFO: select * from `users` where `id` = ? limit 1 [1] 
[2025-02-22 18:26:06] local.INFO: Emergency Chat: Fetching messages  
[2025-02-22 18:26:06] local.INFO: select * from `chat_messages` order by `created_at` asc  
[2025-02-22 18:26:06] local.WARNING: Emergency Chat: No messages found  
[2025-02-22 18:26:08] local.INFO: select * from `users` where `id` = ? limit 1 [1] 
[2025-02-22 18:26:08] local.INFO: Emergency Chat: Fetching messages  
[2025-02-22 18:26:08] local.INFO: select * from `chat_messages` order by `created_at` asc  
[2025-02-22 18:26:08] local.WARNING: Emergency Chat: No messages found  
[2025-02-22 18:26:08] local.INFO: select * from `users` where `id` = ? limit 1 [1] 
[2025-02-22 18:26:08] local.INFO: Emergency Chat: Fetching messages  
[2025-02-22 18:26:08] local.INFO: select * from `chat_messages` order by `created_at` asc  
[2025-02-22 18:26:08] local.WARNING: Emergency Chat: No messages found  
[2025-02-22 18:26:10] local.INFO: select * from `users` where `id` = ? limit 1 [1] 
[2025-02-22 18:26:10] local.INFO: Emergency Chat: Fetching messages  
[2025-02-22 18:26:10] local.INFO: select * from `chat_messages` order by `created_at` asc  
[2025-02-22 18:26:10] local.WARNING: Emergency Chat: No messages found  
[2025-02-22 18:26:10] local.INFO: select * from `users` where `id` = ? limit 1 [1] 
[2025-02-22 18:26:10] local.INFO: Emergency Chat: Fetching messages  
[2025-02-22 18:26:10] local.INFO: select * from `chat_messages` order by `created_at` asc  
[2025-02-22 18:26:10] local.WARNING: Emergency Chat: No messages found  
[2025-02-22 18:26:12] local.INFO: select * from `users` where `id` = ? limit 1 [1] 
[2025-02-22 18:26:12] local.INFO: Emergency Chat: Fetching messages  
[2025-02-22 18:26:12] local.INFO: select * from `chat_messages` order by `created_at` asc  
[2025-02-22 18:26:12] local.WARNING: Emergency Chat: No messages found  
[2025-02-22 18:26:12] local.INFO: select * from `users` where `id` = ? limit 1 [1] 
[2025-02-22 18:26:12] local.INFO: Emergency Chat: Fetching messages  
[2025-02-22 18:26:12] local.INFO: select * from `chat_messages` order by `created_at` asc  
[2025-02-22 18:26:12] local.WARNING: Emergency Chat: No messages found  
[2025-02-22 18:26:14] local.INFO: select * from `users` where `id` = ? limit 1 [1] 
[2025-02-22 18:26:14] local.INFO: Emergency Chat: Fetching messages  
[2025-02-22 18:26:14] local.INFO: select * from `chat_messages` order by `created_at` asc  
[2025-02-22 18:26:14] local.WARNING: Emergency Chat: No messages found  
[2025-02-22 18:26:14] local.INFO: select * from `users` where `id` = ? limit 1 [1] 
[2025-02-22 18:26:14] local.INFO: Emergency Chat: Fetching messages  
[2025-02-22 18:26:14] local.INFO: select * from `chat_messages` order by `created_at` asc  
[2025-02-22 18:26:14] local.WARNING: Emergency Chat: No messages found  
[2025-02-22 18:26:16] local.INFO: select * from `users` where `id` = ? limit 1 [1] 
[2025-02-22 18:26:16] local.INFO: Emergency Chat: Fetching messages  
[2025-02-22 18:26:16] local.INFO: select * from `chat_messages` order by `created_at` asc  
[2025-02-22 18:26:16] local.WARNING: Emergency Chat: No messages found  
[2025-02-22 18:26:16] local.INFO: select * from `users` where `id` = ? limit 1 [1] 
[2025-02-22 18:26:16] local.INFO: Emergency Chat: Fetching messages  
[2025-02-22 18:26:16] local.INFO: select * from `chat_messages` order by `created_at` asc  
[2025-02-22 18:26:16] local.WARNING: Emergency Chat: No messages found  
[2025-02-22 18:26:18] local.INFO: select * from `users` where `id` = ? limit 1 [1] 
[2025-02-22 18:26:18] local.INFO: Emergency Chat: Fetching messages  
[2025-02-22 18:26:18] local.INFO: select * from `chat_messages` order by `created_at` asc  
[2025-02-22 18:26:18] local.WARNING: Emergency Chat: No messages found  
[2025-02-22 18:26:18] local.INFO: select * from `users` where `id` = ? limit 1 [1] 
[2025-02-22 18:26:18] local.INFO: Emergency Chat: Fetching messages  
[2025-02-22 18:26:18] local.INFO: select * from `chat_messages` order by `created_at` asc  
[2025-02-22 18:26:18] local.WARNING: Emergency Chat: No messages found  
[2025-02-22 18:26:20] local.INFO: select * from `users` where `id` = ? limit 1 [1] 
[2025-02-22 18:26:20] local.INFO: Emergency Chat: Fetching messages  
[2025-02-22 18:26:20] local.INFO: select * from `chat_messages` order by `created_at` asc  
[2025-02-22 18:26:20] local.WARNING: Emergency Chat: No messages found  
[2025-02-22 18:26:20] local.INFO: select * from `users` where `id` = ? limit 1 [1] 
[2025-02-22 18:26:20] local.INFO: Emergency Chat: Fetching messages  
[2025-02-22 18:26:20] local.INFO: select * from `chat_messages` order by `created_at` asc  
[2025-02-22 18:26:20] local.WARNING: Emergency Chat: No messages found  
[2025-02-22 18:26:22] local.INFO: select * from `users` where `id` = ? limit 1 [1] 
[2025-02-22 18:26:22] local.INFO: Emergency Chat: Fetching messages  
[2025-02-22 18:26:22] local.INFO: select * from `chat_messages` order by `created_at` asc  
[2025-02-22 18:26:22] local.WARNING: Emergency Chat: No messages found  
[2025-02-22 18:26:22] local.INFO: select * from `users` where `id` = ? limit 1 [1] 
[2025-02-22 18:26:22] local.INFO: Emergency Chat: Fetching messages  
[2025-02-22 18:26:22] local.INFO: select * from `chat_messages` order by `created_at` asc  
[2025-02-22 18:26:22] local.WARNING: Emergency Chat: No messages found  
[2025-02-22 18:26:24] local.INFO: select * from `users` where `id` = ? limit 1 [1] 
[2025-02-22 18:26:24] local.INFO: Emergency Chat: Fetching messages  
[2025-02-22 18:26:24] local.INFO: select * from `chat_messages` order by `created_at` asc  
[2025-02-22 18:26:24] local.WARNING: Emergency Chat: No messages found  
[2025-02-22 18:26:24] local.INFO: select * from `users` where `id` = ? limit 1 [1] 
[2025-02-22 18:26:24] local.INFO: Emergency Chat: Fetching messages  
[2025-02-22 18:26:24] local.INFO: select * from `chat_messages` order by `created_at` asc  
[2025-02-22 18:26:24] local.WARNING: Emergency Chat: No messages found  
[2025-02-22 18:26:26] local.INFO: select * from `users` where `id` = ? limit 1 [1] 
[2025-02-22 18:26:26] local.INFO: Emergency Chat: Fetching messages  
[2025-02-22 18:26:26] local.INFO: select * from `chat_messages` order by `created_at` asc  
[2025-02-22 18:26:26] local.WARNING: Emergency Chat: No messages found  
[2025-02-22 18:26:26] local.INFO: select * from `users` where `id` = ? limit 1 [1] 
[2025-02-22 18:26:26] local.INFO: Emergency Chat: Fetching messages  
[2025-02-22 18:26:26] local.INFO: select * from `chat_messages` order by `created_at` asc  
[2025-02-22 18:26:26] local.WARNING: Emergency Chat: No messages found  
[2025-02-22 18:26:28] local.INFO: select * from `users` where `id` = ? limit 1 [1] 
[2025-02-22 18:26:28] local.INFO: Emergency Chat: Fetching messages  
[2025-02-22 18:26:28] local.INFO: select * from `chat_messages` order by `created_at` asc  
[2025-02-22 18:26:28] local.WARNING: Emergency Chat: No messages found  
[2025-02-22 18:26:28] local.INFO: select * from `users` where `id` = ? limit 1 [1] 
[2025-02-22 18:26:28] local.INFO: Emergency Chat: Fetching messages  
[2025-02-22 18:26:28] local.INFO: select * from `chat_messages` order by `created_at` asc  
[2025-02-22 18:26:28] local.WARNING: Emergency Chat: No messages found  
[2025-02-22 18:26:30] local.INFO: select * from `users` where `id` = ? limit 1 [1] 
[2025-02-22 18:26:30] local.INFO: Emergency Chat: Fetching messages  
[2025-02-22 18:26:30] local.INFO: select * from `chat_messages` order by `created_at` asc  
[2025-02-22 18:26:30] local.WARNING: Emergency Chat: No messages found  
[2025-02-22 18:26:30] local.INFO: select * from `users` where `id` = ? limit 1 [1] 
[2025-02-22 18:26:30] local.INFO: Emergency Chat: Fetching messages  
[2025-02-22 18:26:30] local.INFO: select * from `chat_messages` order by `created_at` asc  
[2025-02-22 18:26:30] local.WARNING: Emergency Chat: No messages found  
[2025-02-22 18:26:32] local.INFO: select * from `users` where `id` = ? limit 1 [1] 
[2025-02-22 18:26:32] local.INFO: Emergency Chat: Fetching messages  
[2025-02-22 18:26:32] local.INFO: select * from `chat_messages` order by `created_at` asc  
[2025-02-22 18:26:32] local.WARNING: Emergency Chat: No messages found  
[2025-02-22 18:26:32] local.INFO: select * from `users` where `id` = ? limit 1 [1] 
[2025-02-22 18:26:32] local.INFO: Emergency Chat: Fetching messages  
[2025-02-22 18:26:32] local.INFO: select * from `chat_messages` order by `created_at` asc  
[2025-02-22 18:26:32] local.WARNING: Emergency Chat: No messages found  
[2025-02-22 18:26:34] local.INFO: select * from `users` where `id` = ? limit 1 [1] 
[2025-02-22 18:26:34] local.INFO: Emergency Chat: Fetching messages  
[2025-02-22 18:26:34] local.INFO: select * from `chat_messages` order by `created_at` asc  
[2025-02-22 18:26:34] local.WARNING: Emergency Chat: No messages found  
[2025-02-22 18:26:34] local.INFO: select * from `users` where `id` = ? limit 1 [1] 
[2025-02-22 18:26:34] local.INFO: Emergency Chat: Fetching messages  
[2025-02-22 18:26:34] local.INFO: select * from `chat_messages` order by `created_at` asc  
[2025-02-22 18:26:34] local.WARNING: Emergency Chat: No messages found  
[2025-02-22 18:26:36] local.INFO: select * from `users` where `id` = ? limit 1 [1] 
[2025-02-22 18:26:36] local.INFO: Emergency Chat: Fetching messages  
[2025-02-22 18:26:36] local.INFO: select * from `chat_messages` order by `created_at` asc  
[2025-02-22 18:26:36] local.WARNING: Emergency Chat: No messages found  
[2025-02-22 18:26:36] local.INFO: select * from `users` where `id` = ? limit 1 [1] 
[2025-02-22 18:26:36] local.INFO: Emergency Chat: Fetching messages  
[2025-02-22 18:26:36] local.INFO: select * from `chat_messages` order by `created_at` asc  
[2025-02-22 18:26:36] local.WARNING: Emergency Chat: No messages found  
[2025-02-22 18:26:38] local.INFO: select * from `users` where `id` = ? limit 1 [1] 
[2025-02-22 18:26:38] local.INFO: Emergency Chat: Fetching messages  
[2025-02-22 18:26:38] local.INFO: select * from `chat_messages` order by `created_at` asc  
[2025-02-22 18:26:38] local.WARNING: Emergency Chat: No messages found  
[2025-02-22 18:26:38] local.INFO: select * from `users` where `id` = ? limit 1 [1] 
[2025-02-22 18:26:38] local.INFO: Emergency Chat: Fetching messages  
[2025-02-22 18:26:38] local.INFO: select * from `chat_messages` order by `created_at` asc  
[2025-02-22 18:26:38] local.WARNING: Emergency Chat: No messages found  
[2025-02-22 18:26:40] local.INFO: select * from `users` where `id` = ? limit 1 [1] 
[2025-02-22 18:26:40] local.INFO: Emergency Chat: Fetching messages  
[2025-02-22 18:26:40] local.INFO: select * from `chat_messages` order by `created_at` asc  
[2025-02-22 18:26:40] local.WARNING: Emergency Chat: No messages found  
[2025-02-22 18:26:40] local.INFO: select * from `users` where `id` = ? limit 1 [1] 
[2025-02-22 18:26:40] local.INFO: Emergency Chat: Fetching messages  
[2025-02-22 18:26:40] local.INFO: select * from `chat_messages` order by `created_at` asc  
[2025-02-22 18:26:40] local.WARNING: Emergency Chat: No messages found  
[2025-02-22 18:26:42] local.INFO: select * from `users` where `id` = ? limit 1 [1] 
[2025-02-22 18:26:42] local.INFO: Emergency Chat: Fetching messages  
[2025-02-22 18:26:42] local.INFO: select * from `chat_messages` order by `created_at` asc  
[2025-02-22 18:26:42] local.WARNING: Emergency Chat: No messages found  
[2025-02-22 18:26:42] local.INFO: select * from `users` where `id` = ? limit 1 [1] 
[2025-02-22 18:26:42] local.INFO: Emergency Chat: Fetching messages  
[2025-02-22 18:26:42] local.INFO: select * from `chat_messages` order by `created_at` asc  
[2025-02-22 18:26:42] local.WARNING: Emergency Chat: No messages found  
[2025-02-22 18:26:44] local.INFO: select * from `users` where `id` = ? limit 1 [1] 
[2025-02-22 18:26:44] local.INFO: Emergency Chat: Fetching messages  
[2025-02-22 18:26:44] local.INFO: select * from `chat_messages` order by `created_at` asc  
[2025-02-22 18:26:44] local.WARNING: Emergency Chat: No messages found  
[2025-02-22 18:26:44] local.INFO: select * from `users` where `id` = ? limit 1 [1] 
[2025-02-22 18:26:44] local.INFO: Emergency Chat: Fetching messages  
[2025-02-22 18:26:44] local.INFO: select * from `chat_messages` order by `created_at` asc  
[2025-02-22 18:26:44] local.WARNING: Emergency Chat: No messages found  
[2025-02-22 18:26:46] local.INFO: select * from `users` where `id` = ? limit 1 [1] 
[2025-02-22 18:26:46] local.INFO: Emergency Chat: Fetching messages  
[2025-02-22 18:26:46] local.INFO: select * from `chat_messages` order by `created_at` asc  
[2025-02-22 18:26:46] local.WARNING: Emergency Chat: No messages found  
[2025-02-22 18:26:46] local.INFO: select * from `users` where `id` = ? limit 1 [1] 
[2025-02-22 18:26:46] local.INFO: Emergency Chat: Fetching messages  
[2025-02-22 18:26:46] local.INFO: select * from `chat_messages` order by `created_at` asc  
[2025-02-22 18:26:46] local.WARNING: Emergency Chat: No messages found  
[2025-02-22 18:26:48] local.INFO: select * from `users` where `id` = ? limit 1 [1] 
[2025-02-22 18:26:48] local.INFO: Emergency Chat: Fetching messages  
[2025-02-22 18:26:48] local.INFO: select * from `chat_messages` order by `created_at` asc  
[2025-02-22 18:26:48] local.WARNING: Emergency Chat: No messages found  
[2025-02-22 18:26:48] local.INFO: select * from `users` where `id` = ? limit 1 [1] 
[2025-02-22 18:26:48] local.INFO: Emergency Chat: Fetching messages  
[2025-02-22 18:26:48] local.INFO: select * from `chat_messages` order by `created_at` asc  
[2025-02-22 18:26:48] local.WARNING: Emergency Chat: No messages found  
[2025-02-22 18:26:50] local.INFO: select * from `users` where `id` = ? limit 1 [1] 
[2025-02-22 18:26:50] local.INFO: Emergency Chat: Fetching messages  
[2025-02-22 18:26:50] local.INFO: select * from `chat_messages` order by `created_at` asc  
[2025-02-22 18:26:50] local.WARNING: Emergency Chat: No messages found  
[2025-02-22 18:26:50] local.INFO: select * from `users` where `id` = ? limit 1 [1] 
[2025-02-22 18:26:50] local.INFO: Emergency Chat: Fetching messages  
[2025-02-22 18:26:50] local.INFO: select * from `chat_messages` order by `created_at` asc  
[2025-02-22 18:26:50] local.WARNING: Emergency Chat: No messages found  
[2025-02-22 18:26:52] local.INFO: select * from `users` where `id` = ? limit 1 [1] 
[2025-02-22 18:26:52] local.INFO: Emergency Chat: Fetching messages  
[2025-02-22 18:26:52] local.INFO: select * from `chat_messages` order by `created_at` asc  
[2025-02-22 18:26:52] local.WARNING: Emergency Chat: No messages found  
[2025-02-22 18:26:52] local.INFO: select * from `users` where `id` = ? limit 1 [1] 
[2025-02-22 18:26:52] local.INFO: Emergency Chat: Fetching messages  
[2025-02-22 18:26:52] local.INFO: select * from `chat_messages` order by `created_at` asc  
[2025-02-22 18:26:52] local.WARNING: Emergency Chat: No messages found  
[2025-02-22 18:26:54] local.INFO: select * from `users` where `id` = ? limit 1 [1] 
[2025-02-22 18:26:54] local.INFO: Emergency Chat: Fetching messages  
[2025-02-22 18:26:54] local.INFO: select * from `chat_messages` order by `created_at` asc  
[2025-02-22 18:26:54] local.WARNING: Emergency Chat: No messages found  
[2025-02-22 18:26:56] local.INFO: select * from `users` where `id` = ? limit 1 [1] 
[2025-02-22 18:26:56] local.INFO: Emergency Chat: Fetching messages  
[2025-02-22 18:26:56] local.INFO: select * from `chat_messages` order by `created_at` asc  
[2025-02-22 18:26:56] local.WARNING: Emergency Chat: No messages found  
[2025-02-22 18:26:58] local.INFO: select * from `users` where `id` = ? limit 1 [1] 
[2025-02-22 18:26:58] local.INFO: Emergency Chat: Fetching messages  
[2025-02-22 18:26:58] local.INFO: select * from `chat_messages` order by `created_at` asc  
[2025-02-22 18:26:58] local.WARNING: Emergency Chat: No messages found  
[2025-02-22 18:27:00] local.INFO: select * from `users` where `id` = ? limit 1 [1] 
[2025-02-22 18:27:00] local.INFO: Emergency Chat: Fetching messages  
[2025-02-22 18:27:00] local.INFO: select * from `chat_messages` order by `created_at` asc  
[2025-02-22 18:27:00] local.WARNING: Emergency Chat: No messages found  
[2025-02-22 18:27:02] local.INFO: select * from `users` where `id` = ? limit 1 [1] 
[2025-02-22 18:27:02] local.INFO: Emergency Chat: Fetching messages  
[2025-02-22 18:27:02] local.INFO: select * from `chat_messages` order by `created_at` asc  
[2025-02-22 18:27:02] local.WARNING: Emergency Chat: No messages found  
[2025-02-22 18:27:04] local.INFO: select * from `users` where `id` = ? limit 1 [1] 
[2025-02-22 18:27:04] local.INFO: Emergency Chat: Fetching messages  
[2025-02-22 18:27:04] local.INFO: select * from `chat_messages` order by `created_at` asc  
[2025-02-22 18:27:04] local.WARNING: Emergency Chat: No messages found  
[2025-02-22 18:27:06] local.INFO: select * from `users` where `id` = ? limit 1 [1] 
[2025-02-22 18:27:06] local.INFO: Emergency Chat: Fetching messages  
[2025-02-22 18:27:06] local.INFO: select * from `chat_messages` order by `created_at` asc  
[2025-02-22 18:27:06] local.WARNING: Emergency Chat: No messages found  
[2025-02-22 18:27:08] local.INFO: select * from `users` where `id` = ? limit 1 [1] 
[2025-02-22 18:27:08] local.INFO: Emergency Chat: Fetching messages  
[2025-02-22 18:27:08] local.INFO: select * from `chat_messages` order by `created_at` asc  
[2025-02-22 18:27:08] local.WARNING: Emergency Chat: No messages found  
[2025-02-22 18:27:10] local.INFO: select * from `users` where `id` = ? limit 1 [1] 
[2025-02-22 18:27:10] local.INFO: Emergency Chat: Fetching messages  
[2025-02-22 18:27:10] local.INFO: select * from `chat_messages` order by `created_at` asc  
[2025-02-22 18:27:10] local.WARNING: Emergency Chat: No messages found  
[2025-02-22 18:27:12] local.INFO: select * from `users` where `id` = ? limit 1 [1] 
[2025-02-22 18:27:12] local.INFO: Emergency Chat: Fetching messages  
[2025-02-22 18:27:12] local.INFO: select * from `chat_messages` order by `created_at` asc  
[2025-02-22 18:27:12] local.WARNING: Emergency Chat: No messages found  
[2025-02-22 18:27:14] local.INFO: select * from `users` where `id` = ? limit 1 [1] 
[2025-02-22 18:27:14] local.INFO: Emergency Chat: Fetching messages  
[2025-02-22 18:27:14] local.INFO: select * from `chat_messages` order by `created_at` asc  
[2025-02-22 18:27:14] local.WARNING: Emergency Chat: No messages found  
[2025-02-22 18:27:16] local.INFO: select * from `users` where `id` = ? limit 1 [1] 
[2025-02-22 18:27:16] local.INFO: Emergency Chat: Fetching messages  
[2025-02-22 18:27:16] local.INFO: select * from `chat_messages` order by `created_at` asc  
[2025-02-22 18:27:16] local.WARNING: Emergency Chat: No messages found  
[2025-02-22 18:27:18] local.INFO: select * from `users` where `id` = ? limit 1 [1] 
[2025-02-22 18:27:18] local.INFO: Emergency Chat: Fetching messages  
[2025-02-22 18:27:18] local.INFO: select * from `chat_messages` order by `created_at` asc  
[2025-02-22 18:27:18] local.WARNING: Emergency Chat: No messages found  
[2025-02-22 18:27:20] local.INFO: select * from `users` where `id` = ? limit 1 [1] 
[2025-02-22 18:27:20] local.INFO: Emergency Chat: Fetching messages  
[2025-02-22 18:27:20] local.INFO: select * from `chat_messages` order by `created_at` asc  
[2025-02-22 18:27:20] local.WARNING: Emergency Chat: No messages found  
[2025-02-22 18:27:22] local.INFO: select * from `users` where `id` = ? limit 1 [1] 
[2025-02-22 18:27:22] local.INFO: Emergency Chat: Fetching messages  
[2025-02-22 18:27:22] local.INFO: select * from `chat_messages` order by `created_at` asc  
[2025-02-22 18:27:22] local.WARNING: Emergency Chat: No messages found  
[2025-02-22 18:27:24] local.INFO: select * from `users` where `id` = ? limit 1 [1] 
[2025-02-22 18:27:24] local.INFO: Emergency Chat: Fetching messages  
[2025-02-22 18:27:24] local.INFO: select * from `chat_messages` order by `created_at` asc  
[2025-02-22 18:27:24] local.WARNING: Emergency Chat: No messages found  
[2025-02-22 18:27:26] local.INFO: select * from `users` where `id` = ? limit 1 [1] 
[2025-02-22 18:27:26] local.INFO: Emergency Chat: Fetching messages  
[2025-02-22 18:27:26] local.INFO: select * from `chat_messages` order by `created_at` asc  
[2025-02-22 18:27:26] local.WARNING: Emergency Chat: No messages found  
[2025-02-22 18:27:28] local.INFO: select * from `users` where `id` = ? limit 1 [1] 
[2025-02-22 18:27:28] local.INFO: Emergency Chat: Fetching messages  
[2025-02-22 18:27:28] local.INFO: select * from `chat_messages` order by `created_at` asc  
[2025-02-22 18:27:28] local.WARNING: Emergency Chat: No messages found  
[2025-02-22 18:27:30] local.INFO: select * from `users` where `id` = ? limit 1 [1] 
[2025-02-22 18:27:30] local.INFO: Emergency Chat: Fetching messages  
[2025-02-22 18:27:30] local.INFO: select * from `chat_messages` order by `created_at` asc  
[2025-02-22 18:27:30] local.WARNING: Emergency Chat: No messages found  
[2025-02-22 18:27:32] local.INFO: select * from `users` where `id` = ? limit 1 [1] 
[2025-02-22 18:27:32] local.INFO: Emergency Chat: Fetching messages  
[2025-02-22 18:27:32] local.INFO: select * from `chat_messages` order by `created_at` asc  
[2025-02-22 18:27:32] local.WARNING: Emergency Chat: No messages found  
[2025-02-22 18:27:32] local.INFO: select * from `users` where `id` = ? limit 1 [1] 
[2025-02-22 18:27:32] local.INFO: Emergency Chat: Fetching messages  
[2025-02-22 18:27:32] local.INFO: select * from `chat_messages` order by `created_at` asc  
[2025-02-22 18:27:32] local.WARNING: Emergency Chat: No messages found  
[2025-02-22 18:27:34] local.INFO: select * from `users` where `id` = ? limit 1 [1] 
[2025-02-22 18:27:34] local.INFO: Emergency Chat: Fetching messages  
[2025-02-22 18:27:34] local.INFO: select * from `chat_messages` order by `created_at` asc  
[2025-02-22 18:27:34] local.WARNING: Emergency Chat: No messages found  
[2025-02-22 18:27:36] local.INFO: select * from `users` where `id` = ? limit 1 [1] 
[2025-02-22 18:27:36] local.INFO: Emergency Chat: Fetching messages  
[2025-02-22 18:27:36] local.INFO: select * from `chat_messages` order by `created_at` asc  
[2025-02-22 18:27:36] local.WARNING: Emergency Chat: No messages found  
[2025-02-22 18:27:38] local.INFO: select * from `users` where `id` = ? limit 1 [1] 
[2025-02-22 18:27:38] local.INFO: Emergency Chat: Fetching messages  
[2025-02-22 18:27:38] local.INFO: select * from `chat_messages` order by `created_at` asc  
[2025-02-22 18:27:38] local.WARNING: Emergency Chat: No messages found  
[2025-02-22 18:27:40] local.INFO: select * from `users` where `id` = ? limit 1 [1] 
[2025-02-22 18:27:40] local.INFO: Emergency Chat: Fetching messages  
[2025-02-22 18:27:40] local.INFO: select * from `chat_messages` order by `created_at` asc  
[2025-02-22 18:27:40] local.WARNING: Emergency Chat: No messages found  
[2025-02-22 18:27:42] local.INFO: select * from `users` where `id` = ? limit 1 [1] 
[2025-02-22 18:27:42] local.INFO: Emergency Chat: Fetching messages  
[2025-02-22 18:27:42] local.INFO: select * from `chat_messages` order by `created_at` asc  
[2025-02-22 18:27:42] local.WARNING: Emergency Chat: No messages found  
[2025-02-22 18:27:44] local.INFO: select * from `users` where `id` = ? limit 1 [1] 
[2025-02-22 18:27:44] local.INFO: Emergency Chat: Fetching messages  
[2025-02-22 18:27:44] local.INFO: select * from `chat_messages` order by `created_at` asc  
[2025-02-22 18:27:44] local.WARNING: Emergency Chat: No messages found  
[2025-02-22 18:27:46] local.INFO: select * from `users` where `id` = ? limit 1 [1] 
[2025-02-22 18:27:46] local.INFO: Emergency Chat: Fetching messages  
[2025-02-22 18:27:46] local.INFO: select * from `chat_messages` order by `created_at` asc  
[2025-02-22 18:27:46] local.WARNING: Emergency Chat: No messages found  
[2025-02-22 18:27:48] local.INFO: select * from `users` where `id` = ? limit 1 [1] 
[2025-02-22 18:27:48] local.INFO: Emergency Chat: Fetching messages  
[2025-02-22 18:27:48] local.INFO: select * from `chat_messages` order by `created_at` asc  
[2025-02-22 18:27:48] local.WARNING: Emergency Chat: No messages found  
[2025-02-22 18:27:50] local.INFO: select * from `users` where `id` = ? limit 1 [1] 
[2025-02-22 18:27:50] local.INFO: Emergency Chat: Fetching messages  
[2025-02-22 18:27:50] local.INFO: select * from `chat_messages` order by `created_at` asc  
[2025-02-22 18:27:50] local.WARNING: Emergency Chat: No messages found  
[2025-02-22 18:27:52] local.INFO: select * from `users` where `id` = ? limit 1 [1] 
[2025-02-22 18:27:52] local.INFO: Emergency Chat: Fetching messages  
[2025-02-22 18:27:52] local.INFO: select * from `chat_messages` order by `created_at` asc  
[2025-02-22 18:27:52] local.WARNING: Emergency Chat: No messages found  
[2025-02-22 18:27:54] local.INFO: select * from `users` where `id` = ? limit 1 [1] 
[2025-02-22 18:27:54] local.INFO: Emergency Chat: Fetching messages  
[2025-02-22 18:27:54] local.INFO: select * from `chat_messages` order by `created_at` asc  
[2025-02-22 18:27:54] local.WARNING: Emergency Chat: No messages found  
[2025-02-22 18:27:56] local.INFO: select * from `users` where `id` = ? limit 1 [1] 
[2025-02-22 18:27:56] local.INFO: Emergency Chat: Fetching messages  
[2025-02-22 18:27:56] local.INFO: select * from `chat_messages` order by `created_at` asc  
[2025-02-22 18:27:56] local.WARNING: Emergency Chat: No messages found  
[2025-02-22 18:27:58] local.INFO: select * from `users` where `id` = ? limit 1 [1] 
[2025-02-22 18:27:58] local.INFO: Emergency Chat: Fetching messages  
[2025-02-22 18:27:58] local.INFO: select * from `chat_messages` order by `created_at` asc  
[2025-02-22 18:27:58] local.WARNING: Emergency Chat: No messages found  
[2025-02-22 18:28:00] local.INFO: select * from `users` where `id` = ? limit 1 [1] 
[2025-02-22 18:28:00] local.INFO: Emergency Chat: Fetching messages  
[2025-02-22 18:28:00] local.INFO: select * from `chat_messages` order by `created_at` asc  
[2025-02-22 18:28:00] local.WARNING: Emergency Chat: No messages found  
[2025-02-22 18:28:02] local.INFO: select * from `users` where `id` = ? limit 1 [1] 
[2025-02-22 18:28:02] local.INFO: Emergency Chat: Fetching messages  
[2025-02-22 18:28:02] local.INFO: select * from `chat_messages` order by `created_at` asc  
[2025-02-22 18:28:02] local.WARNING: Emergency Chat: No messages found  
[2025-02-22 18:28:04] local.INFO: select * from `users` where `id` = ? limit 1 [1] 
[2025-02-22 18:28:04] local.INFO: Emergency Chat: Fetching messages  
[2025-02-22 18:28:04] local.INFO: select * from `chat_messages` order by `created_at` asc  
[2025-02-22 18:28:04] local.WARNING: Emergency Chat: No messages found  
[2025-02-22 18:28:06] local.INFO: select * from `users` where `id` = ? limit 1 [1] 
[2025-02-22 18:28:06] local.INFO: Emergency Chat: Fetching messages  
[2025-02-22 18:28:06] local.INFO: select * from `chat_messages` order by `created_at` asc  
[2025-02-22 18:28:06] local.WARNING: Emergency Chat: No messages found  
[2025-02-22 18:28:08] local.INFO: select * from `users` where `id` = ? limit 1 [1] 
[2025-02-22 18:28:08] local.INFO: Emergency Chat: Fetching messages  
[2025-02-22 18:28:08] local.INFO: select * from `chat_messages` order by `created_at` asc  
[2025-02-22 18:28:08] local.WARNING: Emergency Chat: No messages found  
[2025-02-22 18:28:10] local.INFO: select * from `users` where `id` = ? limit 1 [1] 
[2025-02-22 18:28:10] local.INFO: Emergency Chat: Fetching messages  
[2025-02-22 18:28:10] local.INFO: select * from `chat_messages` order by `created_at` asc  
[2025-02-22 18:28:10] local.WARNING: Emergency Chat: No messages found  
[2025-02-22 18:28:12] local.INFO: select * from `users` where `id` = ? limit 1 [1] 
[2025-02-22 18:28:12] local.INFO: Emergency Chat: Fetching messages  
[2025-02-22 18:28:12] local.INFO: select * from `chat_messages` order by `created_at` asc  
[2025-02-22 18:28:12] local.WARNING: Emergency Chat: No messages found  
[2025-02-22 18:28:14] local.INFO: select * from `users` where `id` = ? limit 1 [1] 
[2025-02-22 18:28:14] local.INFO: Emergency Chat: Fetching messages  
[2025-02-22 18:28:14] local.INFO: select * from `chat_messages` order by `created_at` asc  
[2025-02-22 18:28:14] local.WARNING: Emergency Chat: No messages found  
[2025-02-22 18:28:16] local.INFO: select * from `users` where `id` = ? limit 1 [1] 
[2025-02-22 18:28:16] local.INFO: Emergency Chat: Fetching messages  
[2025-02-22 18:28:16] local.INFO: select * from `chat_messages` order by `created_at` asc  
[2025-02-22 18:28:16] local.WARNING: Emergency Chat: No messages found  
[2025-02-22 18:28:18] local.INFO: select * from `users` where `id` = ? limit 1 [1] 
[2025-02-22 18:28:18] local.INFO: Emergency Chat: Fetching messages  
[2025-02-22 18:28:18] local.INFO: select * from `chat_messages` order by `created_at` asc  
[2025-02-22 18:28:18] local.WARNING: Emergency Chat: No messages found  
[2025-02-22 18:28:20] local.INFO: select * from `users` where `id` = ? limit 1 [1] 
[2025-02-22 18:28:20] local.INFO: Emergency Chat: Fetching messages  
[2025-02-22 18:28:20] local.INFO: select * from `chat_messages` order by `created_at` asc  
[2025-02-22 18:28:20] local.WARNING: Emergency Chat: No messages found  
[2025-02-22 18:28:22] local.INFO: select * from `users` where `id` = ? limit 1 [1] 
[2025-02-22 18:28:22] local.INFO: Emergency Chat: Fetching messages  
[2025-02-22 18:28:22] local.INFO: select * from `chat_messages` order by `created_at` asc  
[2025-02-22 18:28:22] local.WARNING: Emergency Chat: No messages found  
[2025-02-22 18:28:24] local.INFO: select * from `users` where `id` = ? limit 1 [1] 
[2025-02-22 18:28:24] local.INFO: Emergency Chat: Fetching messages  
[2025-02-22 18:28:24] local.INFO: select * from `chat_messages` order by `created_at` asc  
[2025-02-22 18:28:24] local.WARNING: Emergency Chat: No messages found  
[2025-02-22 18:28:26] local.INFO: select * from `users` where `id` = ? limit 1 [1] 
[2025-02-22 18:28:26] local.INFO: Emergency Chat: Fetching messages  
[2025-02-22 18:28:26] local.INFO: select * from `chat_messages` order by `created_at` asc  
[2025-02-22 18:28:26] local.WARNING: Emergency Chat: No messages found  
[2025-02-22 18:28:28] local.INFO: select * from `users` where `id` = ? limit 1 [1] 
[2025-02-22 18:28:28] local.INFO: Emergency Chat: Fetching messages  
[2025-02-22 18:28:28] local.INFO: select * from `chat_messages` order by `created_at` asc  
[2025-02-22 18:28:28] local.WARNING: Emergency Chat: No messages found  
[2025-02-22 18:28:30] local.INFO: select * from `users` where `id` = ? limit 1 [1] 
[2025-02-22 18:28:30] local.INFO: Emergency Chat: Fetching messages  
[2025-02-22 18:28:30] local.INFO: select * from `chat_messages` order by `created_at` asc  
[2025-02-22 18:28:30] local.WARNING: Emergency Chat: No messages found  
[2025-02-22 18:28:32] local.INFO: select * from `users` where `id` = ? limit 1 [1] 
[2025-02-22 18:28:32] local.INFO: Emergency Chat: Fetching messages  
[2025-02-22 18:28:32] local.INFO: select * from `chat_messages` order by `created_at` asc  
[2025-02-22 18:28:32] local.WARNING: Emergency Chat: No messages found  
[2025-02-22 18:28:32] local.INFO: select * from `users` where `id` = ? limit 1 [1] 
[2025-02-22 18:28:32] local.INFO: Emergency Chat: Fetching messages  
[2025-02-22 18:28:32] local.INFO: select * from `chat_messages` order by `created_at` asc  
[2025-02-22 18:28:32] local.WARNING: Emergency Chat: No messages found  
[2025-02-22 18:28:34] local.INFO: select * from `users` where `id` = ? limit 1 [1] 
[2025-02-22 18:28:34] local.INFO: Emergency Chat: Fetching messages  
[2025-02-22 18:28:34] local.INFO: select * from `chat_messages` order by `created_at` asc  
[2025-02-22 18:28:34] local.WARNING: Emergency Chat: No messages found  
[2025-02-22 18:28:36] local.INFO: select * from `users` where `id` = ? limit 1 [1] 
[2025-02-22 18:28:36] local.INFO: Emergency Chat: Fetching messages  
[2025-02-22 18:28:36] local.INFO: select * from `chat_messages` order by `created_at` asc  
[2025-02-22 18:28:36] local.WARNING: Emergency Chat: No messages found  
[2025-02-22 18:28:38] local.INFO: select * from `users` where `id` = ? limit 1 [1] 
[2025-02-22 18:28:38] local.INFO: Emergency Chat: Fetching messages  
[2025-02-22 18:28:38] local.INFO: select * from `chat_messages` order by `created_at` asc  
[2025-02-22 18:28:38] local.WARNING: Emergency Chat: No messages found  
[2025-02-22 18:28:40] local.INFO: select * from `users` where `id` = ? limit 1 [1] 
[2025-02-22 18:28:40] local.INFO: Emergency Chat: Fetching messages  
[2025-02-22 18:28:40] local.INFO: select * from `chat_messages` order by `created_at` asc  
[2025-02-22 18:28:40] local.WARNING: Emergency Chat: No messages found  
[2025-02-22 18:28:42] local.INFO: select * from `users` where `id` = ? limit 1 [1] 
[2025-02-22 18:28:42] local.INFO: Emergency Chat: Fetching messages  
[2025-02-22 18:28:42] local.INFO: select * from `chat_messages` order by `created_at` asc  
[2025-02-22 18:28:42] local.WARNING: Emergency Chat: No messages found  
[2025-02-22 18:28:44] local.INFO: select * from `users` where `id` = ? limit 1 [1] 
[2025-02-22 18:28:44] local.INFO: Emergency Chat: Fetching messages  
[2025-02-22 18:28:44] local.INFO: select * from `chat_messages` order by `created_at` asc  
[2025-02-22 18:28:44] local.WARNING: Emergency Chat: No messages found  
[2025-02-22 18:28:46] local.INFO: select * from `users` where `id` = ? limit 1 [1] 
[2025-02-22 18:28:46] local.INFO: Emergency Chat: Fetching messages  
[2025-02-22 18:28:46] local.INFO: select * from `chat_messages` order by `created_at` asc  
[2025-02-22 18:28:46] local.WARNING: Emergency Chat: No messages found  
[2025-02-22 18:28:48] local.INFO: select * from `users` where `id` = ? limit 1 [1] 
[2025-02-22 18:28:48] local.INFO: Emergency Chat: Fetching messages  
[2025-02-22 18:28:48] local.INFO: select * from `chat_messages` order by `created_at` asc  
[2025-02-22 18:28:48] local.WARNING: Emergency Chat: No messages found  
[2025-02-22 18:28:50] local.INFO: select * from `users` where `id` = ? limit 1 [1] 
[2025-02-22 18:28:50] local.INFO: Emergency Chat: Fetching messages  
[2025-02-22 18:28:50] local.INFO: select * from `chat_messages` order by `created_at` asc  
[2025-02-22 18:28:50] local.WARNING: Emergency Chat: No messages found  
[2025-02-22 18:28:52] local.INFO: select * from `users` where `id` = ? limit 1 [1] 
[2025-02-22 18:28:52] local.INFO: Emergency Chat: Fetching messages  
[2025-02-22 18:28:52] local.INFO: select * from `chat_messages` order by `created_at` asc  
[2025-02-22 18:28:52] local.WARNING: Emergency Chat: No messages found  
[2025-02-22 18:28:54] local.INFO: select * from `users` where `id` = ? limit 1 [1] 
[2025-02-22 18:28:54] local.INFO: Emergency Chat: Fetching messages  
[2025-02-22 18:28:54] local.INFO: select * from `chat_messages` order by `created_at` asc  
[2025-02-22 18:28:54] local.WARNING: Emergency Chat: No messages found  
[2025-02-22 18:28:56] local.INFO: select * from `users` where `id` = ? limit 1 [1] 
[2025-02-22 18:28:56] local.INFO: Emergency Chat: Fetching messages  
[2025-02-22 18:28:56] local.INFO: select * from `chat_messages` order by `created_at` asc  
[2025-02-22 18:28:56] local.WARNING: Emergency Chat: No messages found  
[2025-02-22 18:28:58] local.INFO: select * from `users` where `id` = ? limit 1 [1] 
[2025-02-22 18:28:58] local.INFO: Emergency Chat: Fetching messages  
[2025-02-22 18:28:58] local.INFO: select * from `chat_messages` order by `created_at` asc  
[2025-02-22 18:28:58] local.WARNING: Emergency Chat: No messages found  
[2025-02-22 18:29:00] local.INFO: select * from `users` where `id` = ? limit 1 [1] 
[2025-02-22 18:29:00] local.INFO: Emergency Chat: Fetching messages  
[2025-02-22 18:29:00] local.INFO: select * from `chat_messages` order by `created_at` asc  
[2025-02-22 18:29:00] local.WARNING: Emergency Chat: No messages found  
[2025-02-22 18:29:02] local.INFO: select * from `users` where `id` = ? limit 1 [1] 
[2025-02-22 18:29:02] local.INFO: Emergency Chat: Fetching messages  
[2025-02-22 18:29:02] local.INFO: select * from `chat_messages` order by `created_at` asc  
[2025-02-22 18:29:02] local.WARNING: Emergency Chat: No messages found  
[2025-02-22 18:29:04] local.INFO: select * from `users` where `id` = ? limit 1 [1] 
[2025-02-22 18:29:04] local.INFO: Emergency Chat: Fetching messages  
[2025-02-22 18:29:04] local.INFO: select * from `chat_messages` order by `created_at` asc  
[2025-02-22 18:29:04] local.WARNING: Emergency Chat: No messages found  
[2025-02-22 18:29:06] local.INFO: select * from `users` where `id` = ? limit 1 [1] 
[2025-02-22 18:29:06] local.INFO: Emergency Chat: Fetching messages  
[2025-02-22 18:29:06] local.INFO: select * from `chat_messages` order by `created_at` asc  
[2025-02-22 18:29:06] local.WARNING: Emergency Chat: No messages found  
[2025-02-22 18:29:08] local.INFO: select * from `users` where `id` = ? limit 1 [1] 
[2025-02-22 18:29:08] local.INFO: Emergency Chat: Fetching messages  
[2025-02-22 18:29:08] local.INFO: select * from `chat_messages` order by `created_at` asc  
[2025-02-22 18:29:08] local.WARNING: Emergency Chat: No messages found  
[2025-02-22 18:29:10] local.INFO: select * from `users` where `id` = ? limit 1 [1] 
[2025-02-22 18:29:10] local.INFO: Emergency Chat: Fetching messages  
[2025-02-22 18:29:10] local.INFO: select * from `chat_messages` order by `created_at` asc  
[2025-02-22 18:29:10] local.WARNING: Emergency Chat: No messages found  
[2025-02-22 18:29:12] local.INFO: select * from `users` where `id` = ? limit 1 [1] 
[2025-02-22 18:29:12] local.INFO: Emergency Chat: Fetching messages  
[2025-02-22 18:29:12] local.INFO: select * from `chat_messages` order by `created_at` asc  
[2025-02-22 18:29:12] local.WARNING: Emergency Chat: No messages found  
[2025-02-22 18:29:14] local.INFO: select * from `users` where `id` = ? limit 1 [1] 
[2025-02-22 18:29:14] local.INFO: Emergency Chat: Fetching messages  
[2025-02-22 18:29:14] local.INFO: select * from `chat_messages` order by `created_at` asc  
[2025-02-22 18:29:14] local.WARNING: Emergency Chat: No messages found  
[2025-02-22 18:29:16] local.INFO: select * from `users` where `id` = ? limit 1 [1] 
[2025-02-22 18:29:16] local.INFO: Emergency Chat: Fetching messages  
[2025-02-22 18:29:16] local.INFO: select * from `chat_messages` order by `created_at` asc  
[2025-02-22 18:29:16] local.WARNING: Emergency Chat: No messages found  
[2025-02-22 18:29:18] local.INFO: select * from `users` where `id` = ? limit 1 [1] 
[2025-02-22 18:29:18] local.INFO: Emergency Chat: Fetching messages  
[2025-02-22 18:29:18] local.INFO: select * from `chat_messages` order by `created_at` asc  
[2025-02-22 18:29:18] local.WARNING: Emergency Chat: No messages found  
[2025-02-22 18:29:20] local.INFO: select * from `users` where `id` = ? limit 1 [1] 
[2025-02-22 18:29:20] local.INFO: Emergency Chat: Fetching messages  
[2025-02-22 18:29:20] local.INFO: select * from `chat_messages` order by `created_at` asc  
[2025-02-22 18:29:20] local.WARNING: Emergency Chat: No messages found  
[2025-02-22 18:29:22] local.INFO: select * from `users` where `id` = ? limit 1 [1] 
[2025-02-22 18:29:22] local.INFO: Emergency Chat: Fetching messages  
[2025-02-22 18:29:22] local.INFO: select * from `chat_messages` order by `created_at` asc  
[2025-02-22 18:29:22] local.WARNING: Emergency Chat: No messages found  
[2025-02-22 18:29:24] local.INFO: select * from `users` where `id` = ? limit 1 [1] 
[2025-02-22 18:29:24] local.INFO: Emergency Chat: Fetching messages  
[2025-02-22 18:29:24] local.INFO: select * from `chat_messages` order by `created_at` asc  
[2025-02-22 18:29:24] local.WARNING: Emergency Chat: No messages found  
[2025-02-22 18:29:26] local.INFO: select * from `users` where `id` = ? limit 1 [1] 
[2025-02-22 18:29:26] local.INFO: Emergency Chat: Fetching messages  
[2025-02-22 18:29:26] local.INFO: select * from `chat_messages` order by `created_at` asc  
[2025-02-22 18:29:26] local.WARNING: Emergency Chat: No messages found  
[2025-02-22 18:29:28] local.INFO: select * from `users` where `id` = ? limit 1 [1] 
[2025-02-22 18:29:28] local.INFO: Emergency Chat: Fetching messages  
[2025-02-22 18:29:28] local.INFO: select * from `chat_messages` order by `created_at` asc  
[2025-02-22 18:29:28] local.WARNING: Emergency Chat: No messages found  
[2025-02-22 18:29:30] local.INFO: select * from `users` where `id` = ? limit 1 [1] 
[2025-02-22 18:29:30] local.INFO: Emergency Chat: Fetching messages  
[2025-02-22 18:29:30] local.INFO: select * from `chat_messages` order by `created_at` asc  
[2025-02-22 18:29:30] local.WARNING: Emergency Chat: No messages found  
[2025-02-22 18:29:32] local.INFO: select * from `users` where `id` = ? limit 1 [1] 
[2025-02-22 18:29:32] local.INFO: Emergency Chat: Fetching messages  
[2025-02-22 18:29:32] local.INFO: select * from `chat_messages` order by `created_at` asc  
[2025-02-22 18:29:32] local.WARNING: Emergency Chat: No messages found  
[2025-02-22 18:29:32] local.INFO: select * from `users` where `id` = ? limit 1 [1] 
[2025-02-22 18:29:32] local.INFO: Emergency Chat: Fetching messages  
[2025-02-22 18:29:32] local.INFO: select * from `chat_messages` order by `created_at` asc  
[2025-02-22 18:29:32] local.WARNING: Emergency Chat: No messages found  
[2025-02-22 18:29:34] local.INFO: select * from `users` where `id` = ? limit 1 [1] 
[2025-02-22 18:29:34] local.INFO: Emergency Chat: Fetching messages  
[2025-02-22 18:29:34] local.INFO: select * from `chat_messages` order by `created_at` asc  
[2025-02-22 18:29:34] local.WARNING: Emergency Chat: No messages found  
[2025-02-22 18:29:36] local.INFO: select * from `users` where `id` = ? limit 1 [1] 
[2025-02-22 18:29:36] local.INFO: Emergency Chat: Fetching messages  
[2025-02-22 18:29:36] local.INFO: select * from `chat_messages` order by `created_at` asc  
[2025-02-22 18:29:36] local.WARNING: Emergency Chat: No messages found  
[2025-02-22 18:29:38] local.INFO: select * from `users` where `id` = ? limit 1 [1] 
[2025-02-22 18:29:38] local.INFO: Emergency Chat: Fetching messages  
[2025-02-22 18:29:38] local.INFO: select * from `chat_messages` order by `created_at` asc  
[2025-02-22 18:29:38] local.WARNING: Emergency Chat: No messages found  
[2025-02-22 18:29:40] local.INFO: select * from `users` where `id` = ? limit 1 [1] 
[2025-02-22 18:29:40] local.INFO: Emergency Chat: Fetching messages  
[2025-02-22 18:29:40] local.INFO: select * from `chat_messages` order by `created_at` asc  
[2025-02-22 18:29:40] local.WARNING: Emergency Chat: No messages found  
[2025-02-22 18:29:42] local.INFO: select * from `users` where `id` = ? limit 1 [1] 
[2025-02-22 18:29:42] local.INFO: Emergency Chat: Fetching messages  
[2025-02-22 18:29:42] local.INFO: select * from `chat_messages` order by `created_at` asc  
[2025-02-22 18:29:42] local.WARNING: Emergency Chat: No messages found  
[2025-02-22 18:29:44] local.INFO: select * from `users` where `id` = ? limit 1 [1] 
[2025-02-22 18:29:44] local.INFO: Emergency Chat: Fetching messages  
[2025-02-22 18:29:44] local.INFO: select * from `chat_messages` order by `created_at` asc  
[2025-02-22 18:29:44] local.WARNING: Emergency Chat: No messages found  
[2025-02-22 18:29:46] local.INFO: select * from `users` where `id` = ? limit 1 [1] 
[2025-02-22 18:29:46] local.INFO: Emergency Chat: Fetching messages  
[2025-02-22 18:29:46] local.INFO: select * from `chat_messages` order by `created_at` asc  
[2025-02-22 18:29:46] local.WARNING: Emergency Chat: No messages found  
[2025-02-22 18:29:48] local.INFO: select * from `users` where `id` = ? limit 1 [1] 
[2025-02-22 18:29:48] local.INFO: Emergency Chat: Fetching messages  
[2025-02-22 18:29:48] local.INFO: select * from `chat_messages` order by `created_at` asc  
[2025-02-22 18:29:48] local.WARNING: Emergency Chat: No messages found  
[2025-02-22 18:29:50] local.INFO: select * from `users` where `id` = ? limit 1 [1] 
[2025-02-22 18:29:50] local.INFO: Emergency Chat: Fetching messages  
[2025-02-22 18:29:50] local.INFO: select * from `chat_messages` order by `created_at` asc  
[2025-02-22 18:29:50] local.WARNING: Emergency Chat: No messages found  
[2025-02-22 18:29:52] local.INFO: select * from `users` where `id` = ? limit 1 [1] 
[2025-02-22 18:29:52] local.INFO: Emergency Chat: Fetching messages  
[2025-02-22 18:29:52] local.INFO: select * from `chat_messages` order by `created_at` asc  
[2025-02-22 18:29:52] local.WARNING: Emergency Chat: No messages found  
[2025-02-22 18:29:54] local.INFO: select * from `users` where `id` = ? limit 1 [1] 
[2025-02-22 18:29:54] local.INFO: Emergency Chat: Fetching messages  
[2025-02-22 18:29:54] local.INFO: select * from `chat_messages` order by `created_at` asc  
[2025-02-22 18:29:54] local.WARNING: Emergency Chat: No messages found  
[2025-02-22 18:29:56] local.INFO: select * from `users` where `id` = ? limit 1 [1] 
[2025-02-22 18:29:56] local.INFO: Emergency Chat: Fetching messages  
[2025-02-22 18:29:56] local.INFO: select * from `chat_messages` order by `created_at` asc  
[2025-02-22 18:29:56] local.WARNING: Emergency Chat: No messages found  
[2025-02-22 18:29:58] local.INFO: select * from `users` where `id` = ? limit 1 [1] 
[2025-02-22 18:29:58] local.INFO: Emergency Chat: Fetching messages  
[2025-02-22 18:29:58] local.INFO: select * from `chat_messages` order by `created_at` asc  
[2025-02-22 18:29:58] local.WARNING: Emergency Chat: No messages found  
[2025-02-22 18:30:00] local.INFO: select * from `users` where `id` = ? limit 1 [1] 
[2025-02-22 18:30:00] local.INFO: Emergency Chat: Fetching messages  
[2025-02-22 18:30:00] local.INFO: select * from `chat_messages` order by `created_at` asc  
[2025-02-22 18:30:00] local.WARNING: Emergency Chat: No messages found  
[2025-02-22 18:30:02] local.INFO: select * from `users` where `id` = ? limit 1 [1] 
[2025-02-22 18:30:02] local.INFO: Emergency Chat: Fetching messages  
[2025-02-22 18:30:02] local.INFO: select * from `chat_messages` order by `created_at` asc  
[2025-02-22 18:30:02] local.WARNING: Emergency Chat: No messages found  
[2025-02-22 18:30:04] local.INFO: select * from `users` where `id` = ? limit 1 [1] 
[2025-02-22 18:30:04] local.INFO: Emergency Chat: Fetching messages  
[2025-02-22 18:30:04] local.INFO: select * from `chat_messages` order by `created_at` asc  
[2025-02-22 18:30:04] local.WARNING: Emergency Chat: No messages found  
[2025-02-22 18:30:06] local.INFO: select * from `users` where `id` = ? limit 1 [1] 
[2025-02-22 18:30:06] local.INFO: Emergency Chat: Fetching messages  
[2025-02-22 18:30:06] local.INFO: select * from `chat_messages` order by `created_at` asc  
[2025-02-22 18:30:06] local.WARNING: Emergency Chat: No messages found  
[2025-02-22 18:30:08] local.INFO: select * from `users` where `id` = ? limit 1 [1] 
[2025-02-22 18:30:08] local.INFO: Emergency Chat: Fetching messages  
[2025-02-22 18:30:08] local.INFO: select * from `chat_messages` order by `created_at` asc  
[2025-02-22 18:30:08] local.WARNING: Emergency Chat: No messages found  
[2025-02-22 18:30:10] local.INFO: select * from `users` where `id` = ? limit 1 [1] 
[2025-02-22 18:30:10] local.INFO: Emergency Chat: Fetching messages  
[2025-02-22 18:30:10] local.INFO: select * from `chat_messages` order by `created_at` asc  
[2025-02-22 18:30:10] local.WARNING: Emergency Chat: No messages found  
[2025-02-22 18:30:12] local.INFO: select * from `users` where `id` = ? limit 1 [1] 
[2025-02-22 18:30:12] local.INFO: Emergency Chat: Fetching messages  
[2025-02-22 18:30:12] local.INFO: select * from `chat_messages` order by `created_at` asc  
[2025-02-22 18:30:12] local.WARNING: Emergency Chat: No messages found  
[2025-02-22 18:30:14] local.INFO: select * from `users` where `id` = ? limit 1 [1] 
[2025-02-22 18:30:14] local.INFO: Emergency Chat: Fetching messages  
[2025-02-22 18:30:14] local.INFO: select * from `chat_messages` order by `created_at` asc  
[2025-02-22 18:30:14] local.WARNING: Emergency Chat: No messages found  
[2025-02-22 18:30:16] local.INFO: select * from `users` where `id` = ? limit 1 [1] 
[2025-02-22 18:30:16] local.INFO: Emergency Chat: Fetching messages  
[2025-02-22 18:30:16] local.INFO: select * from `chat_messages` order by `created_at` asc  
[2025-02-22 18:30:16] local.WARNING: Emergency Chat: No messages found  
[2025-02-22 18:30:18] local.INFO: select * from `users` where `id` = ? limit 1 [1] 
[2025-02-22 18:30:18] local.INFO: Emergency Chat: Fetching messages  
[2025-02-22 18:30:18] local.INFO: select * from `chat_messages` order by `created_at` asc  
[2025-02-22 18:30:18] local.WARNING: Emergency Chat: No messages found  
[2025-02-22 18:30:20] local.INFO: select * from `users` where `id` = ? limit 1 [1] 
[2025-02-22 18:30:20] local.INFO: Emergency Chat: Fetching messages  
[2025-02-22 18:30:20] local.INFO: select * from `chat_messages` order by `created_at` asc  
[2025-02-22 18:30:20] local.WARNING: Emergency Chat: No messages found  
[2025-02-22 18:30:22] local.INFO: select * from `users` where `id` = ? limit 1 [1] 
[2025-02-22 18:30:22] local.INFO: Emergency Chat: Fetching messages  
[2025-02-22 18:30:22] local.INFO: select * from `chat_messages` order by `created_at` asc  
[2025-02-22 18:30:22] local.WARNING: Emergency Chat: No messages found  
[2025-02-22 18:30:24] local.INFO: select * from `users` where `id` = ? limit 1 [1] 
[2025-02-22 18:30:24] local.INFO: Emergency Chat: Fetching messages  
[2025-02-22 18:30:24] local.INFO: select * from `chat_messages` order by `created_at` asc  
[2025-02-22 18:30:24] local.WARNING: Emergency Chat: No messages found  
[2025-02-22 18:30:26] local.INFO: select * from `users` where `id` = ? limit 1 [1] 
[2025-02-22 18:30:26] local.INFO: Emergency Chat: Fetching messages  
[2025-02-22 18:30:26] local.INFO: select * from `chat_messages` order by `created_at` asc  
[2025-02-22 18:30:26] local.WARNING: Emergency Chat: No messages found  
[2025-02-22 18:30:28] local.INFO: select * from `users` where `id` = ? limit 1 [1] 
[2025-02-22 18:30:28] local.INFO: Emergency Chat: Fetching messages  
[2025-02-22 18:30:28] local.INFO: select * from `chat_messages` order by `created_at` asc  
[2025-02-22 18:30:28] local.WARNING: Emergency Chat: No messages found  
[2025-02-22 18:30:30] local.INFO: select * from `users` where `id` = ? limit 1 [1] 
[2025-02-22 18:30:30] local.INFO: Emergency Chat: Fetching messages  
[2025-02-22 18:30:30] local.INFO: select * from `chat_messages` order by `created_at` asc  
[2025-02-22 18:30:30] local.WARNING: Emergency Chat: No messages found  
[2025-02-22 18:30:32] local.INFO: select * from `users` where `id` = ? limit 1 [1] 
[2025-02-22 18:30:32] local.INFO: Emergency Chat: Fetching messages  
[2025-02-22 18:30:32] local.INFO: select * from `chat_messages` order by `created_at` asc  
[2025-02-22 18:30:32] local.WARNING: Emergency Chat: No messages found  
[2025-02-22 18:30:32] local.INFO: select * from `users` where `id` = ? limit 1 [1] 
[2025-02-22 18:30:32] local.INFO: Emergency Chat: Fetching messages  
[2025-02-22 18:30:32] local.INFO: select * from `chat_messages` order by `created_at` asc  
[2025-02-22 18:30:32] local.WARNING: Emergency Chat: No messages found  
[2025-02-22 18:30:34] local.INFO: select * from `users` where `id` = ? limit 1 [1] 
[2025-02-22 18:30:34] local.INFO: Emergency Chat: Fetching messages  
[2025-02-22 18:30:34] local.INFO: select * from `chat_messages` order by `created_at` asc  
[2025-02-22 18:30:34] local.WARNING: Emergency Chat: No messages found  
[2025-02-22 18:30:36] local.INFO: select * from `users` where `id` = ? limit 1 [1] 
[2025-02-22 18:30:36] local.INFO: Emergency Chat: Fetching messages  
[2025-02-22 18:30:36] local.INFO: select * from `chat_messages` order by `created_at` asc  
[2025-02-22 18:30:36] local.WARNING: Emergency Chat: No messages found  
[2025-02-22 18:30:38] local.INFO: select * from `users` where `id` = ? limit 1 [1] 
[2025-02-22 18:30:38] local.INFO: Emergency Chat: Fetching messages  
[2025-02-22 18:30:38] local.INFO: select * from `chat_messages` order by `created_at` asc  
[2025-02-22 18:30:38] local.WARNING: Emergency Chat: No messages found  
[2025-02-22 18:30:40] local.INFO: select * from `users` where `id` = ? limit 1 [1] 
[2025-02-22 18:30:40] local.INFO: Emergency Chat: Fetching messages  
[2025-02-22 18:30:40] local.INFO: select * from `chat_messages` order by `created_at` asc  
[2025-02-22 18:30:40] local.WARNING: Emergency Chat: No messages found  
[2025-02-22 18:30:42] local.INFO: select * from `users` where `id` = ? limit 1 [1] 
[2025-02-22 18:30:42] local.INFO: Emergency Chat: Fetching messages  
[2025-02-22 18:30:42] local.INFO: select * from `chat_messages` order by `created_at` asc  
[2025-02-22 18:30:42] local.WARNING: Emergency Chat: No messages found  
[2025-02-22 18:30:44] local.INFO: select * from `users` where `id` = ? limit 1 [1] 
[2025-02-22 18:30:44] local.INFO: Emergency Chat: Fetching messages  
[2025-02-22 18:30:44] local.INFO: select * from `chat_messages` order by `created_at` asc  
[2025-02-22 18:30:44] local.WARNING: Emergency Chat: No messages found  
[2025-02-22 18:30:46] local.INFO: select * from `users` where `id` = ? limit 1 [1] 
[2025-02-22 18:30:46] local.INFO: Emergency Chat: Fetching messages  
[2025-02-22 18:30:46] local.INFO: select * from `chat_messages` order by `created_at` asc  
[2025-02-22 18:30:46] local.WARNING: Emergency Chat: No messages found  
[2025-02-22 18:30:48] local.INFO: select * from `users` where `id` = ? limit 1 [1] 
[2025-02-22 18:30:48] local.INFO: Emergency Chat: Fetching messages  
[2025-02-22 18:30:48] local.INFO: select * from `chat_messages` order by `created_at` asc  
[2025-02-22 18:30:48] local.WARNING: Emergency Chat: No messages found  
[2025-02-22 18:30:50] local.INFO: select * from `users` where `id` = ? limit 1 [1] 
[2025-02-22 18:30:50] local.INFO: Emergency Chat: Fetching messages  
[2025-02-22 18:30:50] local.INFO: select * from `chat_messages` order by `created_at` asc  
[2025-02-22 18:30:50] local.WARNING: Emergency Chat: No messages found  
[2025-02-22 18:30:52] local.INFO: select * from `users` where `id` = ? limit 1 [1] 
[2025-02-22 18:30:52] local.INFO: Emergency Chat: Fetching messages  
[2025-02-22 18:30:52] local.INFO: select * from `chat_messages` order by `created_at` asc  
[2025-02-22 18:30:52] local.WARNING: Emergency Chat: No messages found  
[2025-02-22 18:30:54] local.INFO: select * from `users` where `id` = ? limit 1 [1] 
[2025-02-22 18:30:54] local.INFO: Emergency Chat: Fetching messages  
[2025-02-22 18:30:54] local.INFO: select * from `chat_messages` order by `created_at` asc  
[2025-02-22 18:30:54] local.WARNING: Emergency Chat: No messages found  
[2025-02-22 18:30:56] local.INFO: select * from `users` where `id` = ? limit 1 [1] 
[2025-02-22 18:30:56] local.INFO: Emergency Chat: Fetching messages  
[2025-02-22 18:30:56] local.INFO: select * from `chat_messages` order by `created_at` asc  
[2025-02-22 18:30:56] local.WARNING: Emergency Chat: No messages found  
[2025-02-22 18:30:58] local.INFO: select * from `users` where `id` = ? limit 1 [1] 
[2025-02-22 18:30:58] local.INFO: Emergency Chat: Fetching messages  
[2025-02-22 18:30:58] local.INFO: select * from `chat_messages` order by `created_at` asc  
[2025-02-22 18:30:58] local.WARNING: Emergency Chat: No messages found  
[2025-02-22 18:31:00] local.INFO: select * from `users` where `id` = ? limit 1 [1] 
[2025-02-22 18:31:00] local.INFO: Emergency Chat: Fetching messages  
[2025-02-22 18:31:00] local.INFO: select * from `chat_messages` order by `created_at` asc  
[2025-02-22 18:31:00] local.WARNING: Emergency Chat: No messages found  
[2025-02-22 18:31:02] local.INFO: select * from `users` where `id` = ? limit 1 [1] 
[2025-02-22 18:31:02] local.INFO: Emergency Chat: Fetching messages  
[2025-02-22 18:31:02] local.INFO: select * from `chat_messages` order by `created_at` asc  
[2025-02-22 18:31:02] local.WARNING: Emergency Chat: No messages found  
[2025-02-22 18:31:04] local.INFO: select * from `users` where `id` = ? limit 1 [1] 
[2025-02-22 18:31:04] local.INFO: Emergency Chat: Fetching messages  
[2025-02-22 18:31:04] local.INFO: select * from `chat_messages` order by `created_at` asc  
[2025-02-22 18:31:04] local.WARNING: Emergency Chat: No messages found  
[2025-02-22 18:31:06] local.INFO: select * from `users` where `id` = ? limit 1 [1] 
[2025-02-22 18:31:06] local.INFO: Emergency Chat: Fetching messages  
[2025-02-22 18:31:06] local.INFO: select * from `chat_messages` order by `created_at` asc  
[2025-02-22 18:31:06] local.WARNING: Emergency Chat: No messages found  
[2025-02-22 18:31:08] local.INFO: select * from `users` where `id` = ? limit 1 [1] 
[2025-02-22 18:31:08] local.INFO: Emergency Chat: Fetching messages  
[2025-02-22 18:31:08] local.INFO: select * from `chat_messages` order by `created_at` asc  
[2025-02-22 18:31:08] local.WARNING: Emergency Chat: No messages found  
[2025-02-22 18:31:10] local.INFO: select * from `users` where `id` = ? limit 1 [1] 
[2025-02-22 18:31:10] local.INFO: Emergency Chat: Fetching messages  
[2025-02-22 18:31:10] local.INFO: select * from `chat_messages` order by `created_at` asc  
[2025-02-22 18:31:10] local.WARNING: Emergency Chat: No messages found  
[2025-02-22 18:31:12] local.INFO: select * from `users` where `id` = ? limit 1 [1] 
[2025-02-22 18:31:12] local.INFO: Emergency Chat: Fetching messages  
[2025-02-22 18:31:12] local.INFO: select * from `chat_messages` order by `created_at` asc  
[2025-02-22 18:31:12] local.WARNING: Emergency Chat: No messages found  
[2025-02-22 18:31:14] local.INFO: select * from `users` where `id` = ? limit 1 [1] 
[2025-02-22 18:31:14] local.INFO: Emergency Chat: Fetching messages  
[2025-02-22 18:31:14] local.INFO: select * from `chat_messages` order by `created_at` asc  
[2025-02-22 18:31:14] local.WARNING: Emergency Chat: No messages found  
[2025-02-22 18:31:16] local.INFO: select * from `users` where `id` = ? limit 1 [1] 
[2025-02-22 18:31:16] local.INFO: Emergency Chat: Fetching messages  
[2025-02-22 18:31:16] local.INFO: select * from `chat_messages` order by `created_at` asc  
[2025-02-22 18:31:16] local.WARNING: Emergency Chat: No messages found  
[2025-02-22 18:31:18] local.INFO: select * from `users` where `id` = ? limit 1 [1] 
[2025-02-22 18:31:18] local.INFO: Emergency Chat: Fetching messages  
[2025-02-22 18:31:18] local.INFO: select * from `chat_messages` order by `created_at` asc  
[2025-02-22 18:31:18] local.WARNING: Emergency Chat: No messages found  
[2025-02-22 18:31:20] local.INFO: select * from `users` where `id` = ? limit 1 [1] 
[2025-02-22 18:31:20] local.INFO: Emergency Chat: Fetching messages  
[2025-02-22 18:31:20] local.INFO: select * from `chat_messages` order by `created_at` asc  
[2025-02-22 18:31:20] local.WARNING: Emergency Chat: No messages found  
[2025-02-22 18:31:22] local.INFO: select * from `users` where `id` = ? limit 1 [1] 
[2025-02-22 18:31:22] local.INFO: Emergency Chat: Fetching messages  
[2025-02-22 18:31:22] local.INFO: select * from `chat_messages` order by `created_at` asc  
[2025-02-22 18:31:22] local.WARNING: Emergency Chat: No messages found  
[2025-02-22 18:31:24] local.INFO: select * from `users` where `id` = ? limit 1 [1] 
[2025-02-22 18:31:24] local.INFO: Emergency Chat: Fetching messages  
[2025-02-22 18:31:24] local.INFO: select * from `chat_messages` order by `created_at` asc  
[2025-02-22 18:31:24] local.WARNING: Emergency Chat: No messages found  
[2025-02-22 18:31:26] local.INFO: select * from `users` where `id` = ? limit 1 [1] 
[2025-02-22 18:31:26] local.INFO: Emergency Chat: Fetching messages  
[2025-02-22 18:31:26] local.INFO: select * from `chat_messages` order by `created_at` asc  
[2025-02-22 18:31:26] local.WARNING: Emergency Chat: No messages found  
[2025-02-22 18:31:28] local.INFO: select * from `users` where `id` = ? limit 1 [1] 
[2025-02-22 18:31:28] local.INFO: Emergency Chat: Fetching messages  
[2025-02-22 18:31:28] local.INFO: select * from `chat_messages` order by `created_at` asc  
[2025-02-22 18:31:28] local.WARNING: Emergency Chat: No messages found  
[2025-02-22 18:31:30] local.INFO: select * from `users` where `id` = ? limit 1 [1] 
[2025-02-22 18:31:30] local.INFO: Emergency Chat: Fetching messages  
[2025-02-22 18:31:30] local.INFO: select * from `chat_messages` order by `created_at` asc  
[2025-02-22 18:31:30] local.WARNING: Emergency Chat: No messages found  
[2025-02-22 18:31:32] local.INFO: select * from `users` where `id` = ? limit 1 [1] 
[2025-02-22 18:31:32] local.INFO: Emergency Chat: Fetching messages  
[2025-02-22 18:31:32] local.INFO: select * from `chat_messages` order by `created_at` asc  
[2025-02-22 18:31:32] local.WARNING: Emergency Chat: No messages found  
[2025-02-22 18:31:32] local.INFO: select * from `users` where `id` = ? limit 1 [1] 
[2025-02-22 18:31:32] local.INFO: Emergency Chat: Fetching messages  
[2025-02-22 18:31:32] local.INFO: select * from `chat_messages` order by `created_at` asc  
[2025-02-22 18:31:32] local.WARNING: Emergency Chat: No messages found  
[2025-02-22 18:31:34] local.INFO: select * from `users` where `id` = ? limit 1 [1] 
[2025-02-22 18:31:34] local.INFO: Emergency Chat: Fetching messages  
[2025-02-22 18:31:34] local.INFO: select * from `chat_messages` order by `created_at` asc  
[2025-02-22 18:31:34] local.WARNING: Emergency Chat: No messages found  
[2025-02-22 18:31:36] local.INFO: select * from `users` where `id` = ? limit 1 [1] 
[2025-02-22 18:31:36] local.INFO: Emergency Chat: Fetching messages  
[2025-02-22 18:31:36] local.INFO: select * from `chat_messages` order by `created_at` asc  
[2025-02-22 18:31:36] local.WARNING: Emergency Chat: No messages found  
[2025-02-22 18:31:38] local.INFO: select * from `users` where `id` = ? limit 1 [1] 
[2025-02-22 18:31:38] local.INFO: Emergency Chat: Fetching messages  
[2025-02-22 18:31:38] local.INFO: select * from `chat_messages` order by `created_at` asc  
[2025-02-22 18:31:38] local.WARNING: Emergency Chat: No messages found  
[2025-02-22 18:31:40] local.INFO: select * from `users` where `id` = ? limit 1 [1] 
[2025-02-22 18:31:40] local.INFO: Emergency Chat: Fetching messages  
[2025-02-22 18:31:40] local.INFO: select * from `chat_messages` order by `created_at` asc  
[2025-02-22 18:31:40] local.WARNING: Emergency Chat: No messages found  
[2025-02-22 18:31:42] local.INFO: select * from `users` where `id` = ? limit 1 [1] 
[2025-02-22 18:31:42] local.INFO: Emergency Chat: Fetching messages  
[2025-02-22 18:31:42] local.INFO: select * from `chat_messages` order by `created_at` asc  
[2025-02-22 18:31:42] local.WARNING: Emergency Chat: No messages found  
[2025-02-22 18:31:44] local.INFO: select * from `users` where `id` = ? limit 1 [1] 
[2025-02-22 18:31:44] local.INFO: Emergency Chat: Fetching messages  
[2025-02-22 18:31:44] local.INFO: select * from `chat_messages` order by `created_at` asc  
[2025-02-22 18:31:44] local.WARNING: Emergency Chat: No messages found  
[2025-02-22 18:31:46] local.INFO: select * from `users` where `id` = ? limit 1 [1] 
[2025-02-22 18:31:46] local.INFO: Emergency Chat: Fetching messages  
[2025-02-22 18:31:46] local.INFO: select * from `chat_messages` order by `created_at` asc  
[2025-02-22 18:31:46] local.WARNING: Emergency Chat: No messages found  
[2025-02-22 18:31:48] local.INFO: select * from `users` where `id` = ? limit 1 [1] 
[2025-02-22 18:31:48] local.INFO: Emergency Chat: Fetching messages  
[2025-02-22 18:31:48] local.INFO: select * from `chat_messages` order by `created_at` asc  
[2025-02-22 18:31:48] local.WARNING: Emergency Chat: No messages found  
[2025-02-22 18:31:50] local.INFO: select * from `users` where `id` = ? limit 1 [1] 
[2025-02-22 18:31:50] local.INFO: Emergency Chat: Fetching messages  
[2025-02-22 18:31:50] local.INFO: select * from `chat_messages` order by `created_at` asc  
[2025-02-22 18:31:50] local.WARNING: Emergency Chat: No messages found  
[2025-02-22 18:31:52] local.INFO: select * from `users` where `id` = ? limit 1 [1] 
[2025-02-22 18:31:52] local.INFO: Emergency Chat: Fetching messages  
[2025-02-22 18:31:52] local.INFO: select * from `chat_messages` order by `created_at` asc  
[2025-02-22 18:31:52] local.WARNING: Emergency Chat: No messages found  
[2025-02-22 18:31:54] local.INFO: select * from `users` where `id` = ? limit 1 [1] 
[2025-02-22 18:31:54] local.INFO: Emergency Chat: Fetching messages  
[2025-02-22 18:31:54] local.INFO: select * from `chat_messages` order by `created_at` asc  
[2025-02-22 18:31:54] local.WARNING: Emergency Chat: No messages found  
[2025-02-22 18:31:56] local.INFO: select * from `users` where `id` = ? limit 1 [1] 
[2025-02-22 18:31:56] local.INFO: Emergency Chat: Fetching messages  
[2025-02-22 18:31:56] local.INFO: select * from `chat_messages` order by `created_at` asc  
[2025-02-22 18:31:56] local.WARNING: Emergency Chat: No messages found  
[2025-02-22 18:31:58] local.INFO: select * from `users` where `id` = ? limit 1 [1] 
[2025-02-22 18:31:58] local.INFO: Emergency Chat: Fetching messages  
[2025-02-22 18:31:58] local.INFO: select * from `chat_messages` order by `created_at` asc  
[2025-02-22 18:31:58] local.WARNING: Emergency Chat: No messages found  
[2025-02-22 18:32:00] local.INFO: select * from `users` where `id` = ? limit 1 [1] 
[2025-02-22 18:32:00] local.INFO: Emergency Chat: Fetching messages  
[2025-02-22 18:32:00] local.INFO: select * from `chat_messages` order by `created_at` asc  
[2025-02-22 18:32:00] local.WARNING: Emergency Chat: No messages found  
[2025-02-22 18:32:02] local.INFO: select * from `users` where `id` = ? limit 1 [1] 
[2025-02-22 18:32:02] local.INFO: Emergency Chat: Fetching messages  
[2025-02-22 18:32:02] local.INFO: select * from `chat_messages` order by `created_at` asc  
[2025-02-22 18:32:02] local.WARNING: Emergency Chat: No messages found  
[2025-02-22 18:32:04] local.INFO: select * from `users` where `id` = ? limit 1 [1] 
[2025-02-22 18:32:04] local.INFO: Emergency Chat: Fetching messages  
[2025-02-22 18:32:04] local.INFO: select * from `chat_messages` order by `created_at` asc  
[2025-02-22 18:32:04] local.WARNING: Emergency Chat: No messages found  
[2025-02-22 18:32:06] local.INFO: select * from `users` where `id` = ? limit 1 [1] 
[2025-02-22 18:32:06] local.INFO: Emergency Chat: Fetching messages  
[2025-02-22 18:32:06] local.INFO: select * from `chat_messages` order by `created_at` asc  
[2025-02-22 18:32:06] local.WARNING: Emergency Chat: No messages found  
[2025-02-22 18:32:08] local.INFO: select * from `users` where `id` = ? limit 1 [1] 
[2025-02-22 18:32:08] local.INFO: Emergency Chat: Fetching messages  
[2025-02-22 18:32:08] local.INFO: select * from `chat_messages` order by `created_at` asc  
[2025-02-22 18:32:08] local.WARNING: Emergency Chat: No messages found  
[2025-02-22 18:32:10] local.INFO: select * from `users` where `id` = ? limit 1 [1] 
[2025-02-22 18:32:10] local.INFO: Emergency Chat: Fetching messages  
[2025-02-22 18:32:10] local.INFO: select * from `chat_messages` order by `created_at` asc  
[2025-02-22 18:32:10] local.WARNING: Emergency Chat: No messages found  
[2025-02-22 18:32:12] local.INFO: select * from `users` where `id` = ? limit 1 [1] 
[2025-02-22 18:32:12] local.INFO: Emergency Chat: Fetching messages  
[2025-02-22 18:32:12] local.INFO: select * from `chat_messages` order by `created_at` asc  
[2025-02-22 18:32:12] local.WARNING: Emergency Chat: No messages found  
[2025-02-22 18:32:14] local.INFO: select * from `users` where `id` = ? limit 1 [1] 
[2025-02-22 18:32:14] local.INFO: Emergency Chat: Fetching messages  
[2025-02-22 18:32:14] local.INFO: select * from `chat_messages` order by `created_at` asc  
[2025-02-22 18:32:14] local.WARNING: Emergency Chat: No messages found  
[2025-02-22 18:32:16] local.INFO: select * from `users` where `id` = ? limit 1 [1] 
[2025-02-22 18:32:16] local.INFO: Emergency Chat: Fetching messages  
[2025-02-22 18:32:16] local.INFO: select * from `chat_messages` order by `created_at` asc  
[2025-02-22 18:32:16] local.WARNING: Emergency Chat: No messages found  
[2025-02-22 18:32:18] local.INFO: select * from `users` where `id` = ? limit 1 [1] 
[2025-02-22 18:32:18] local.INFO: Emergency Chat: Fetching messages  
[2025-02-22 18:32:18] local.INFO: select * from `chat_messages` order by `created_at` asc  
[2025-02-22 18:32:18] local.WARNING: Emergency Chat: No messages found  
[2025-02-22 18:32:20] local.INFO: select * from `users` where `id` = ? limit 1 [1] 
[2025-02-22 18:32:20] local.INFO: Emergency Chat: Fetching messages  
[2025-02-22 18:32:20] local.INFO: select * from `chat_messages` order by `created_at` asc  
[2025-02-22 18:32:20] local.WARNING: Emergency Chat: No messages found  
[2025-02-22 18:32:22] local.INFO: select * from `users` where `id` = ? limit 1 [1] 
[2025-02-22 18:32:22] local.INFO: Emergency Chat: Fetching messages  
[2025-02-22 18:32:22] local.INFO: select * from `chat_messages` order by `created_at` asc  
[2025-02-22 18:32:22] local.WARNING: Emergency Chat: No messages found  
[2025-02-22 18:32:24] local.INFO: select * from `users` where `id` = ? limit 1 [1] 
[2025-02-22 18:32:24] local.INFO: Emergency Chat: Fetching messages  
[2025-02-22 18:32:24] local.INFO: select * from `chat_messages` order by `created_at` asc  
[2025-02-22 18:32:24] local.WARNING: Emergency Chat: No messages found  
[2025-02-22 18:32:26] local.INFO: select * from `users` where `id` = ? limit 1 [1] 
[2025-02-22 18:32:26] local.INFO: Emergency Chat: Fetching messages  
[2025-02-22 18:32:26] local.INFO: select * from `chat_messages` order by `created_at` asc  
[2025-02-22 18:32:26] local.WARNING: Emergency Chat: No messages found  
[2025-02-22 18:32:28] local.INFO: select * from `users` where `id` = ? limit 1 [1] 
[2025-02-22 18:32:28] local.INFO: Emergency Chat: Fetching messages  
[2025-02-22 18:32:28] local.INFO: select * from `chat_messages` order by `created_at` asc  
[2025-02-22 18:32:28] local.WARNING: Emergency Chat: No messages found  
[2025-02-22 18:32:30] local.INFO: select * from `users` where `id` = ? limit 1 [1] 
[2025-02-22 18:32:30] local.INFO: Emergency Chat: Fetching messages  
[2025-02-22 18:32:30] local.INFO: select * from `chat_messages` order by `created_at` asc  
[2025-02-22 18:32:30] local.WARNING: Emergency Chat: No messages found  
[2025-02-22 18:32:32] local.INFO: select * from `users` where `id` = ? limit 1 [1] 
[2025-02-22 18:32:32] local.INFO: Emergency Chat: Fetching messages  
[2025-02-22 18:32:32] local.INFO: select * from `chat_messages` order by `created_at` asc  
[2025-02-22 18:32:32] local.WARNING: Emergency Chat: No messages found  
[2025-02-22 18:32:32] local.INFO: select * from `users` where `id` = ? limit 1 [1] 
[2025-02-22 18:32:32] local.INFO: Emergency Chat: Fetching messages  
[2025-02-22 18:32:32] local.INFO: select * from `chat_messages` order by `created_at` asc  
[2025-02-22 18:32:32] local.WARNING: Emergency Chat: No messages found  
[2025-02-22 18:32:34] local.INFO: select * from `users` where `id` = ? limit 1 [1] 
[2025-02-22 18:32:34] local.INFO: Emergency Chat: Fetching messages  
[2025-02-22 18:32:34] local.INFO: select * from `chat_messages` order by `created_at` asc  
[2025-02-22 18:32:34] local.WARNING: Emergency Chat: No messages found  
[2025-02-22 18:32:36] local.INFO: select * from `users` where `id` = ? limit 1 [1] 
[2025-02-22 18:32:36] local.INFO: Emergency Chat: Fetching messages  
[2025-02-22 18:32:36] local.INFO: select * from `chat_messages` order by `created_at` asc  
[2025-02-22 18:32:36] local.WARNING: Emergency Chat: No messages found  
[2025-02-22 18:32:38] local.INFO: select * from `users` where `id` = ? limit 1 [1] 
[2025-02-22 18:32:38] local.INFO: Emergency Chat: Fetching messages  
[2025-02-22 18:32:38] local.INFO: select * from `chat_messages` order by `created_at` asc  
[2025-02-22 18:32:38] local.WARNING: Emergency Chat: No messages found  
[2025-02-22 18:32:40] local.INFO: select * from `users` where `id` = ? limit 1 [1] 
[2025-02-22 18:32:40] local.INFO: Emergency Chat: Fetching messages  
[2025-02-22 18:32:40] local.INFO: select * from `chat_messages` order by `created_at` asc  
[2025-02-22 18:32:40] local.WARNING: Emergency Chat: No messages found  
[2025-02-22 18:32:42] local.INFO: select * from `users` where `id` = ? limit 1 [1] 
[2025-02-22 18:32:42] local.INFO: Emergency Chat: Fetching messages  
[2025-02-22 18:32:42] local.INFO: select * from `chat_messages` order by `created_at` asc  
[2025-02-22 18:32:42] local.WARNING: Emergency Chat: No messages found  
[2025-02-22 18:32:44] local.INFO: select * from `users` where `id` = ? limit 1 [1] 
[2025-02-22 18:32:44] local.INFO: Emergency Chat: Fetching messages  
[2025-02-22 18:32:44] local.INFO: select * from `chat_messages` order by `created_at` asc  
[2025-02-22 18:32:44] local.WARNING: Emergency Chat: No messages found  
[2025-02-22 18:32:46] local.INFO: select * from `users` where `id` = ? limit 1 [1] 
[2025-02-22 18:32:46] local.INFO: Emergency Chat: Fetching messages  
[2025-02-22 18:32:46] local.INFO: select * from `chat_messages` order by `created_at` asc  
[2025-02-22 18:32:46] local.WARNING: Emergency Chat: No messages found  
[2025-02-22 18:32:48] local.INFO: select * from `users` where `id` = ? limit 1 [1] 
[2025-02-22 18:32:48] local.INFO: Emergency Chat: Fetching messages  
[2025-02-22 18:32:48] local.INFO: select * from `chat_messages` order by `created_at` asc  
[2025-02-22 18:32:48] local.WARNING: Emergency Chat: No messages found  
[2025-02-22 18:32:50] local.INFO: select * from `users` where `id` = ? limit 1 [1] 
[2025-02-22 18:32:50] local.INFO: Emergency Chat: Fetching messages  
[2025-02-22 18:32:50] local.INFO: select * from `chat_messages` order by `created_at` asc  
[2025-02-22 18:32:50] local.WARNING: Emergency Chat: No messages found  
[2025-02-22 18:32:52] local.INFO: select * from `users` where `id` = ? limit 1 [1] 
[2025-02-22 18:32:52] local.INFO: Emergency Chat: Fetching messages  
[2025-02-22 18:32:52] local.INFO: select * from `chat_messages` order by `created_at` asc  
[2025-02-22 18:32:52] local.WARNING: Emergency Chat: No messages found  
[2025-02-22 18:32:54] local.INFO: select * from `users` where `id` = ? limit 1 [1] 
[2025-02-22 18:32:54] local.INFO: Emergency Chat: Fetching messages  
[2025-02-22 18:32:54] local.INFO: select * from `chat_messages` order by `created_at` asc  
[2025-02-22 18:32:54] local.WARNING: Emergency Chat: No messages found  
[2025-02-22 18:32:56] local.INFO: select * from `users` where `id` = ? limit 1 [1] 
[2025-02-22 18:32:56] local.INFO: Emergency Chat: Fetching messages  
[2025-02-22 18:32:56] local.INFO: select * from `chat_messages` order by `created_at` asc  
[2025-02-22 18:32:56] local.WARNING: Emergency Chat: No messages found  
[2025-02-22 18:32:58] local.INFO: select * from `users` where `id` = ? limit 1 [1] 
[2025-02-22 18:32:58] local.INFO: Emergency Chat: Fetching messages  
[2025-02-22 18:32:58] local.INFO: select * from `chat_messages` order by `created_at` asc  
[2025-02-22 18:32:58] local.WARNING: Emergency Chat: No messages found  
[2025-02-22 18:33:00] local.INFO: select * from `users` where `id` = ? limit 1 [1] 
[2025-02-22 18:33:00] local.INFO: Emergency Chat: Fetching messages  
[2025-02-22 18:33:00] local.INFO: select * from `chat_messages` order by `created_at` asc  
[2025-02-22 18:33:00] local.WARNING: Emergency Chat: No messages found  
[2025-02-22 18:33:02] local.INFO: select * from `users` where `id` = ? limit 1 [1] 
[2025-02-22 18:33:02] local.INFO: Emergency Chat: Fetching messages  
[2025-02-22 18:33:02] local.INFO: select * from `chat_messages` order by `created_at` asc  
[2025-02-22 18:33:02] local.WARNING: Emergency Chat: No messages found  
[2025-02-22 18:33:04] local.INFO: select * from `users` where `id` = ? limit 1 [1] 
[2025-02-22 18:33:04] local.INFO: Emergency Chat: Fetching messages  
[2025-02-22 18:33:04] local.INFO: select * from `chat_messages` order by `created_at` asc  
[2025-02-22 18:33:04] local.WARNING: Emergency Chat: No messages found  
[2025-02-22 18:33:06] local.INFO: select * from `users` where `id` = ? limit 1 [1] 
[2025-02-22 18:33:06] local.INFO: Emergency Chat: Fetching messages  
[2025-02-22 18:33:06] local.INFO: select * from `chat_messages` order by `created_at` asc  
[2025-02-22 18:33:06] local.WARNING: Emergency Chat: No messages found  
[2025-02-22 18:33:08] local.INFO: select * from `users` where `id` = ? limit 1 [1] 
[2025-02-22 18:33:08] local.INFO: Emergency Chat: Fetching messages  
[2025-02-22 18:33:08] local.INFO: select * from `chat_messages` order by `created_at` asc  
[2025-02-22 18:33:08] local.WARNING: Emergency Chat: No messages found  
[2025-02-22 18:33:10] local.INFO: select * from `users` where `id` = ? limit 1 [1] 
[2025-02-22 18:33:10] local.INFO: Emergency Chat: Fetching messages  
[2025-02-22 18:33:10] local.INFO: select * from `chat_messages` order by `created_at` asc  
[2025-02-22 18:33:10] local.WARNING: Emergency Chat: No messages found  
[2025-02-22 18:33:12] local.INFO: select * from `users` where `id` = ? limit 1 [1] 
[2025-02-22 18:33:12] local.INFO: Emergency Chat: Fetching messages  
[2025-02-22 18:33:12] local.INFO: select * from `chat_messages` order by `created_at` asc  
[2025-02-22 18:33:12] local.WARNING: Emergency Chat: No messages found  
[2025-02-22 18:33:14] local.INFO: select * from `users` where `id` = ? limit 1 [1] 
[2025-02-22 18:33:14] local.INFO: Emergency Chat: Fetching messages  
[2025-02-22 18:33:14] local.INFO: select * from `chat_messages` order by `created_at` asc  
[2025-02-22 18:33:14] local.WARNING: Emergency Chat: No messages found  
[2025-02-22 18:33:16] local.INFO: select * from `users` where `id` = ? limit 1 [1] 
[2025-02-22 18:33:16] local.INFO: Emergency Chat: Fetching messages  
[2025-02-22 18:33:16] local.INFO: select * from `chat_messages` order by `created_at` asc  
[2025-02-22 18:33:16] local.WARNING: Emergency Chat: No messages found  
[2025-02-22 18:33:18] local.INFO: select * from `users` where `id` = ? limit 1 [1] 
[2025-02-22 18:33:18] local.INFO: Emergency Chat: Fetching messages  
[2025-02-22 18:33:18] local.INFO: select * from `chat_messages` order by `created_at` asc  
[2025-02-22 18:33:18] local.WARNING: Emergency Chat: No messages found  
[2025-02-22 18:33:20] local.INFO: select * from `users` where `id` = ? limit 1 [1] 
[2025-02-22 18:33:20] local.INFO: Emergency Chat: Fetching messages  
[2025-02-22 18:33:20] local.INFO: select * from `chat_messages` order by `created_at` asc  
[2025-02-22 18:33:20] local.WARNING: Emergency Chat: No messages found  
[2025-02-22 18:33:22] local.INFO: select * from `users` where `id` = ? limit 1 [1] 
[2025-02-22 18:33:22] local.INFO: Emergency Chat: Fetching messages  
[2025-02-22 18:33:22] local.INFO: select * from `chat_messages` order by `created_at` asc  
[2025-02-22 18:33:22] local.WARNING: Emergency Chat: No messages found  
[2025-02-22 18:33:24] local.INFO: select * from `users` where `id` = ? limit 1 [1] 
[2025-02-22 18:33:24] local.INFO: Emergency Chat: Fetching messages  
[2025-02-22 18:33:24] local.INFO: select * from `chat_messages` order by `created_at` asc  
[2025-02-22 18:33:24] local.WARNING: Emergency Chat: No messages found  
[2025-02-22 18:33:26] local.INFO: select * from `users` where `id` = ? limit 1 [1] 
[2025-02-22 18:33:26] local.INFO: Emergency Chat: Fetching messages  
[2025-02-22 18:33:26] local.INFO: select * from `chat_messages` order by `created_at` asc  
[2025-02-22 18:33:26] local.WARNING: Emergency Chat: No messages found  
[2025-02-22 18:33:28] local.INFO: select * from `users` where `id` = ? limit 1 [1] 
[2025-02-22 18:33:28] local.INFO: Emergency Chat: Fetching messages  
[2025-02-22 18:33:28] local.INFO: select * from `chat_messages` order by `created_at` asc  
[2025-02-22 18:33:28] local.WARNING: Emergency Chat: No messages found  
[2025-02-22 18:33:30] local.INFO: select * from `users` where `id` = ? limit 1 [1] 
[2025-02-22 18:33:30] local.INFO: Emergency Chat: Fetching messages  
[2025-02-22 18:33:30] local.INFO: select * from `chat_messages` order by `created_at` asc  
[2025-02-22 18:33:30] local.WARNING: Emergency Chat: No messages found  
[2025-02-22 18:33:32] local.INFO: select * from `users` where `id` = ? limit 1 [1] 
[2025-02-22 18:33:32] local.INFO: Emergency Chat: Fetching messages  
[2025-02-22 18:33:32] local.INFO: select * from `chat_messages` order by `created_at` asc  
[2025-02-22 18:33:32] local.WARNING: Emergency Chat: No messages found  
[2025-02-22 18:33:32] local.INFO: select * from `users` where `id` = ? limit 1 [1] 
[2025-02-22 18:33:32] local.INFO: Emergency Chat: Fetching messages  
[2025-02-22 18:33:32] local.INFO: select * from `chat_messages` order by `created_at` asc  
[2025-02-22 18:33:32] local.WARNING: Emergency Chat: No messages found  
[2025-02-22 18:33:34] local.INFO: select * from `users` where `id` = ? limit 1 [1] 
[2025-02-22 18:33:34] local.INFO: Emergency Chat: Fetching messages  
[2025-02-22 18:33:34] local.INFO: select * from `chat_messages` order by `created_at` asc  
[2025-02-22 18:33:34] local.WARNING: Emergency Chat: No messages found  
[2025-02-22 18:33:36] local.INFO: select * from `users` where `id` = ? limit 1 [1] 
[2025-02-22 18:33:36] local.INFO: Emergency Chat: Fetching messages  
[2025-02-22 18:33:36] local.INFO: select * from `chat_messages` order by `created_at` asc  
[2025-02-22 18:33:36] local.WARNING: Emergency Chat: No messages found  
[2025-02-22 18:33:38] local.INFO: select * from `users` where `id` = ? limit 1 [1] 
[2025-02-22 18:33:38] local.INFO: Emergency Chat: Fetching messages  
[2025-02-22 18:33:38] local.INFO: select * from `chat_messages` order by `created_at` asc  
[2025-02-22 18:33:38] local.WARNING: Emergency Chat: No messages found  
[2025-02-22 18:33:40] local.INFO: select * from `users` where `id` = ? limit 1 [1] 
[2025-02-22 18:33:40] local.INFO: Emergency Chat: Fetching messages  
[2025-02-22 18:33:40] local.INFO: select * from `chat_messages` order by `created_at` asc  
[2025-02-22 18:33:40] local.WARNING: Emergency Chat: No messages found  
[2025-02-22 18:33:42] local.INFO: select * from `users` where `id` = ? limit 1 [1] 
[2025-02-22 18:33:42] local.INFO: Emergency Chat: Fetching messages  
[2025-02-22 18:33:42] local.INFO: select * from `chat_messages` order by `created_at` asc  
[2025-02-22 18:33:42] local.WARNING: Emergency Chat: No messages found  
[2025-02-22 18:33:44] local.INFO: select * from `users` where `id` = ? limit 1 [1] 
[2025-02-22 18:33:44] local.INFO: Emergency Chat: Fetching messages  
[2025-02-22 18:33:44] local.INFO: select * from `chat_messages` order by `created_at` asc  
[2025-02-22 18:33:44] local.WARNING: Emergency Chat: No messages found  
[2025-02-22 18:33:46] local.INFO: select * from `users` where `id` = ? limit 1 [1] 
[2025-02-22 18:33:46] local.INFO: Emergency Chat: Fetching messages  
[2025-02-22 18:33:46] local.INFO: select * from `chat_messages` order by `created_at` asc  
[2025-02-22 18:33:46] local.WARNING: Emergency Chat: No messages found  
[2025-02-22 18:33:48] local.INFO: select * from `users` where `id` = ? limit 1 [1] 
[2025-02-22 18:33:48] local.INFO: Emergency Chat: Fetching messages  
[2025-02-22 18:33:48] local.INFO: select * from `chat_messages` order by `created_at` asc  
[2025-02-22 18:33:48] local.WARNING: Emergency Chat: No messages found  
[2025-02-22 18:33:50] local.INFO: select * from `users` where `id` = ? limit 1 [1] 
[2025-02-22 18:33:50] local.INFO: Emergency Chat: Fetching messages  
[2025-02-22 18:33:50] local.INFO: select * from `chat_messages` order by `created_at` asc  
[2025-02-22 18:33:50] local.WARNING: Emergency Chat: No messages found  
[2025-02-22 18:33:52] local.INFO: select * from `users` where `id` = ? limit 1 [1] 
[2025-02-22 18:33:52] local.INFO: Emergency Chat: Fetching messages  
[2025-02-22 18:33:52] local.INFO: select * from `chat_messages` order by `created_at` asc  
[2025-02-22 18:33:52] local.WARNING: Emergency Chat: No messages found  
[2025-02-22 18:33:54] local.INFO: select * from `users` where `id` = ? limit 1 [1] 
[2025-02-22 18:33:54] local.INFO: Emergency Chat: Fetching messages  
[2025-02-22 18:33:54] local.INFO: select * from `chat_messages` order by `created_at` asc  
[2025-02-22 18:33:54] local.WARNING: Emergency Chat: No messages found  
[2025-02-22 18:33:56] local.INFO: select * from `users` where `id` = ? limit 1 [1] 
[2025-02-22 18:33:56] local.INFO: Emergency Chat: Fetching messages  
[2025-02-22 18:33:56] local.INFO: select * from `chat_messages` order by `created_at` asc  
[2025-02-22 18:33:56] local.WARNING: Emergency Chat: No messages found  
[2025-02-22 18:33:58] local.INFO: select * from `users` where `id` = ? limit 1 [1] 
[2025-02-22 18:33:58] local.INFO: Emergency Chat: Fetching messages  
[2025-02-22 18:33:58] local.INFO: select * from `chat_messages` order by `created_at` asc  
[2025-02-22 18:33:58] local.WARNING: Emergency Chat: No messages found  
[2025-02-22 18:34:00] local.INFO: select * from `users` where `id` = ? limit 1 [1] 
[2025-02-22 18:34:00] local.INFO: Emergency Chat: Fetching messages  
[2025-02-22 18:34:00] local.INFO: select * from `chat_messages` order by `created_at` asc  
[2025-02-22 18:34:00] local.WARNING: Emergency Chat: No messages found  
[2025-02-22 18:34:02] local.INFO: select * from `users` where `id` = ? limit 1 [1] 
[2025-02-22 18:34:02] local.INFO: Emergency Chat: Fetching messages  
[2025-02-22 18:34:02] local.INFO: select * from `chat_messages` order by `created_at` asc  
[2025-02-22 18:34:02] local.WARNING: Emergency Chat: No messages found  
[2025-02-22 18:34:04] local.INFO: select * from `users` where `id` = ? limit 1 [1] 
[2025-02-22 18:34:04] local.INFO: Emergency Chat: Fetching messages  
[2025-02-22 18:34:04] local.INFO: select * from `chat_messages` order by `created_at` asc  
[2025-02-22 18:34:04] local.WARNING: Emergency Chat: No messages found  
[2025-02-22 18:34:06] local.INFO: select * from `users` where `id` = ? limit 1 [1] 
[2025-02-22 18:34:06] local.INFO: Emergency Chat: Fetching messages  
[2025-02-22 18:34:06] local.INFO: select * from `chat_messages` order by `created_at` asc  
[2025-02-22 18:34:06] local.WARNING: Emergency Chat: No messages found  
[2025-02-22 18:34:08] local.INFO: select * from `users` where `id` = ? limit 1 [1] 
[2025-02-22 18:34:08] local.INFO: Emergency Chat: Fetching messages  
[2025-02-22 18:34:08] local.INFO: select * from `chat_messages` order by `created_at` asc  
[2025-02-22 18:34:08] local.WARNING: Emergency Chat: No messages found  
[2025-02-22 18:34:10] local.INFO: select * from `users` where `id` = ? limit 1 [1] 
[2025-02-22 18:34:10] local.INFO: Emergency Chat: Fetching messages  
[2025-02-22 18:34:10] local.INFO: select * from `chat_messages` order by `created_at` asc  
[2025-02-22 18:34:10] local.WARNING: Emergency Chat: No messages found  
[2025-02-22 18:34:12] local.INFO: select * from `users` where `id` = ? limit 1 [1] 
[2025-02-22 18:34:12] local.INFO: Emergency Chat: Fetching messages  
[2025-02-22 18:34:12] local.INFO: select * from `chat_messages` order by `created_at` asc  
[2025-02-22 18:34:12] local.WARNING: Emergency Chat: No messages found  
[2025-02-22 18:34:14] local.INFO: select * from `users` where `id` = ? limit 1 [1] 
[2025-02-22 18:34:14] local.INFO: Emergency Chat: Fetching messages  
[2025-02-22 18:34:14] local.INFO: select * from `chat_messages` order by `created_at` asc  
[2025-02-22 18:34:14] local.WARNING: Emergency Chat: No messages found  
[2025-02-22 18:34:16] local.INFO: select * from `users` where `id` = ? limit 1 [1] 
[2025-02-22 18:34:16] local.INFO: Emergency Chat: Fetching messages  
[2025-02-22 18:34:16] local.INFO: select * from `chat_messages` order by `created_at` asc  
[2025-02-22 18:34:16] local.WARNING: Emergency Chat: No messages found  
[2025-02-22 18:34:18] local.INFO: select * from `users` where `id` = ? limit 1 [1] 
[2025-02-22 18:34:18] local.INFO: Emergency Chat: Fetching messages  
[2025-02-22 18:34:18] local.INFO: select * from `chat_messages` order by `created_at` asc  
[2025-02-22 18:34:18] local.WARNING: Emergency Chat: No messages found  
[2025-02-22 18:34:20] local.INFO: select * from `users` where `id` = ? limit 1 [1] 
[2025-02-22 18:34:20] local.INFO: Emergency Chat: Fetching messages  
[2025-02-22 18:34:20] local.INFO: select * from `chat_messages` order by `created_at` asc  
[2025-02-22 18:34:20] local.WARNING: Emergency Chat: No messages found  
[2025-02-22 18:34:22] local.INFO: select * from `users` where `id` = ? limit 1 [1] 
[2025-02-22 18:34:22] local.INFO: Emergency Chat: Fetching messages  
[2025-02-22 18:34:22] local.INFO: select * from `chat_messages` order by `created_at` asc  
[2025-02-22 18:34:22] local.WARNING: Emergency Chat: No messages found  
[2025-02-22 18:34:24] local.INFO: select * from `users` where `id` = ? limit 1 [1] 
[2025-02-22 18:34:24] local.INFO: Emergency Chat: Fetching messages  
[2025-02-22 18:34:24] local.INFO: select * from `chat_messages` order by `created_at` asc  
[2025-02-22 18:34:24] local.WARNING: Emergency Chat: No messages found  
[2025-02-22 18:34:26] local.INFO: select * from `users` where `id` = ? limit 1 [1] 
[2025-02-22 18:34:26] local.INFO: Emergency Chat: Fetching messages  
[2025-02-22 18:34:26] local.INFO: select * from `chat_messages` order by `created_at` asc  
[2025-02-22 18:34:26] local.WARNING: Emergency Chat: No messages found  
[2025-02-22 18:34:28] local.INFO: select * from `users` where `id` = ? limit 1 [1] 
[2025-02-22 18:34:28] local.INFO: Emergency Chat: Fetching messages  
[2025-02-22 18:34:28] local.INFO: select * from `chat_messages` order by `created_at` asc  
[2025-02-22 18:34:28] local.WARNING: Emergency Chat: No messages found  
[2025-02-22 18:34:30] local.INFO: select * from `users` where `id` = ? limit 1 [1] 
[2025-02-22 18:34:30] local.INFO: Emergency Chat: Fetching messages  
[2025-02-22 18:34:30] local.INFO: select * from `chat_messages` order by `created_at` asc  
[2025-02-22 18:34:30] local.WARNING: Emergency Chat: No messages found  
[2025-02-22 18:34:32] local.INFO: select * from `users` where `id` = ? limit 1 [1] 
[2025-02-22 18:34:32] local.INFO: Emergency Chat: Fetching messages  
[2025-02-22 18:34:32] local.INFO: select * from `chat_messages` order by `created_at` asc  
[2025-02-22 18:34:32] local.WARNING: Emergency Chat: No messages found  
[2025-02-22 18:34:32] local.INFO: select * from `users` where `id` = ? limit 1 [1] 
[2025-02-22 18:34:32] local.INFO: Emergency Chat: Fetching messages  
[2025-02-22 18:34:32] local.INFO: select * from `chat_messages` order by `created_at` asc  
[2025-02-22 18:34:32] local.WARNING: Emergency Chat: No messages found  
[2025-02-22 18:34:34] local.INFO: select * from `users` where `id` = ? limit 1 [1] 
[2025-02-22 18:34:34] local.INFO: Emergency Chat: Fetching messages  
[2025-02-22 18:34:34] local.INFO: select * from `chat_messages` order by `created_at` asc  
[2025-02-22 18:34:34] local.WARNING: Emergency Chat: No messages found  
[2025-02-22 18:34:36] local.INFO: select * from `users` where `id` = ? limit 1 [1] 
[2025-02-22 18:34:36] local.INFO: Emergency Chat: Fetching messages  
[2025-02-22 18:34:36] local.INFO: select * from `chat_messages` order by `created_at` asc  
[2025-02-22 18:34:36] local.WARNING: Emergency Chat: No messages found  
[2025-02-22 18:34:38] local.INFO: select * from `users` where `id` = ? limit 1 [1] 
[2025-02-22 18:34:38] local.INFO: Emergency Chat: Fetching messages  
[2025-02-22 18:34:38] local.INFO: select * from `chat_messages` order by `created_at` asc  
[2025-02-22 18:34:38] local.WARNING: Emergency Chat: No messages found  
[2025-02-22 18:34:40] local.INFO: select * from `users` where `id` = ? limit 1 [1] 
[2025-02-22 18:34:40] local.INFO: Emergency Chat: Fetching messages  
[2025-02-22 18:34:40] local.INFO: select * from `chat_messages` order by `created_at` asc  
[2025-02-22 18:34:40] local.WARNING: Emergency Chat: No messages found  
[2025-02-22 18:34:42] local.INFO: select * from `users` where `id` = ? limit 1 [1] 
[2025-02-22 18:34:42] local.INFO: Emergency Chat: Fetching messages  
[2025-02-22 18:34:42] local.INFO: select * from `chat_messages` order by `created_at` asc  
[2025-02-22 18:34:42] local.WARNING: Emergency Chat: No messages found  
[2025-02-22 18:34:44] local.INFO: select * from `users` where `id` = ? limit 1 [1] 
[2025-02-22 18:34:44] local.INFO: Emergency Chat: Fetching messages  
[2025-02-22 18:34:44] local.INFO: select * from `chat_messages` order by `created_at` asc  
[2025-02-22 18:34:44] local.WARNING: Emergency Chat: No messages found  
[2025-02-22 18:34:46] local.INFO: select * from `users` where `id` = ? limit 1 [1] 
[2025-02-22 18:34:46] local.INFO: Emergency Chat: Fetching messages  
[2025-02-22 18:34:46] local.INFO: select * from `chat_messages` order by `created_at` asc  
[2025-02-22 18:34:46] local.WARNING: Emergency Chat: No messages found  
[2025-02-22 18:34:48] local.INFO: select * from `users` where `id` = ? limit 1 [1] 
[2025-02-22 18:34:48] local.INFO: Emergency Chat: Fetching messages  
[2025-02-22 18:34:48] local.INFO: select * from `chat_messages` order by `created_at` asc  
[2025-02-22 18:34:48] local.WARNING: Emergency Chat: No messages found  
[2025-02-22 18:34:50] local.INFO: select * from `users` where `id` = ? limit 1 [1] 
[2025-02-22 18:34:50] local.INFO: Emergency Chat: Fetching messages  
[2025-02-22 18:34:50] local.INFO: select * from `chat_messages` order by `created_at` asc  
[2025-02-22 18:34:50] local.WARNING: Emergency Chat: No messages found  
[2025-02-22 18:34:52] local.INFO: select * from `users` where `id` = ? limit 1 [1] 
[2025-02-22 18:34:52] local.INFO: Emergency Chat: Fetching messages  
[2025-02-22 18:34:52] local.INFO: select * from `chat_messages` order by `created_at` asc  
[2025-02-22 18:34:52] local.WARNING: Emergency Chat: No messages found  
[2025-02-22 18:34:54] local.INFO: select * from `users` where `id` = ? limit 1 [1] 
[2025-02-22 18:34:54] local.INFO: Emergency Chat: Fetching messages  
[2025-02-22 18:34:54] local.INFO: select * from `chat_messages` order by `created_at` asc  
[2025-02-22 18:34:54] local.WARNING: Emergency Chat: No messages found  
[2025-02-22 18:34:56] local.INFO: select * from `users` where `id` = ? limit 1 [1] 
[2025-02-22 18:34:56] local.INFO: Emergency Chat: Fetching messages  
[2025-02-22 18:34:56] local.INFO: select * from `chat_messages` order by `created_at` asc  
[2025-02-22 18:34:56] local.WARNING: Emergency Chat: No messages found  
[2025-02-22 18:34:58] local.INFO: select * from `users` where `id` = ? limit 1 [1] 
[2025-02-22 18:34:58] local.INFO: Emergency Chat: Fetching messages  
[2025-02-22 18:34:58] local.INFO: select * from `chat_messages` order by `created_at` asc  
[2025-02-22 18:34:58] local.WARNING: Emergency Chat: No messages found  
[2025-02-22 18:35:00] local.INFO: select * from `users` where `id` = ? limit 1 [1] 
[2025-02-22 18:35:00] local.INFO: Emergency Chat: Fetching messages  
[2025-02-22 18:35:00] local.INFO: select * from `chat_messages` order by `created_at` asc  
[2025-02-22 18:35:00] local.WARNING: Emergency Chat: No messages found  
[2025-02-22 18:35:02] local.INFO: select * from `users` where `id` = ? limit 1 [1] 
[2025-02-22 18:35:02] local.INFO: Emergency Chat: Fetching messages  
[2025-02-22 18:35:02] local.INFO: select * from `chat_messages` order by `created_at` asc  
[2025-02-22 18:35:02] local.WARNING: Emergency Chat: No messages found  
[2025-02-22 18:35:04] local.INFO: select * from `users` where `id` = ? limit 1 [1] 
[2025-02-22 18:35:04] local.INFO: Emergency Chat: Fetching messages  
[2025-02-22 18:35:04] local.INFO: select * from `chat_messages` order by `created_at` asc  
[2025-02-22 18:35:04] local.WARNING: Emergency Chat: No messages found  
[2025-02-22 18:35:06] local.INFO: select * from `users` where `id` = ? limit 1 [1] 
[2025-02-22 18:35:06] local.INFO: Emergency Chat: Fetching messages  
[2025-02-22 18:35:06] local.INFO: select * from `chat_messages` order by `created_at` asc  
[2025-02-22 18:35:06] local.WARNING: Emergency Chat: No messages found  
[2025-02-22 18:35:08] local.INFO: select * from `users` where `id` = ? limit 1 [1] 
[2025-02-22 18:35:08] local.INFO: Emergency Chat: Fetching messages  
[2025-02-22 18:35:08] local.INFO: select * from `chat_messages` order by `created_at` asc  
[2025-02-22 18:35:08] local.WARNING: Emergency Chat: No messages found  
[2025-02-22 18:35:10] local.INFO: select * from `users` where `id` = ? limit 1 [1] 
[2025-02-22 18:35:10] local.INFO: Emergency Chat: Fetching messages  
[2025-02-22 18:35:10] local.INFO: select * from `chat_messages` order by `created_at` asc  
[2025-02-22 18:35:10] local.WARNING: Emergency Chat: No messages found  
[2025-02-22 18:35:12] local.INFO: select * from `users` where `id` = ? limit 1 [1] 
[2025-02-22 18:35:12] local.INFO: Emergency Chat: Fetching messages  
[2025-02-22 18:35:12] local.INFO: select * from `chat_messages` order by `created_at` asc  
[2025-02-22 18:35:12] local.WARNING: Emergency Chat: No messages found  
[2025-02-22 18:35:14] local.INFO: select * from `users` where `id` = ? limit 1 [1] 
[2025-02-22 18:35:14] local.INFO: Emergency Chat: Fetching messages  
[2025-02-22 18:35:14] local.INFO: select * from `chat_messages` order by `created_at` asc  
[2025-02-22 18:35:14] local.WARNING: Emergency Chat: No messages found  
[2025-02-22 18:35:16] local.INFO: select * from `users` where `id` = ? limit 1 [1] 
[2025-02-22 18:35:16] local.INFO: Emergency Chat: Fetching messages  
[2025-02-22 18:35:16] local.INFO: select * from `chat_messages` order by `created_at` asc  
[2025-02-22 18:35:16] local.WARNING: Emergency Chat: No messages found  
[2025-02-22 18:35:18] local.INFO: select * from `users` where `id` = ? limit 1 [1] 
[2025-02-22 18:35:18] local.INFO: Emergency Chat: Fetching messages  
[2025-02-22 18:35:18] local.INFO: select * from `chat_messages` order by `created_at` asc  
[2025-02-22 18:35:18] local.WARNING: Emergency Chat: No messages found  
[2025-02-22 18:35:20] local.INFO: select * from `users` where `id` = ? limit 1 [1] 
[2025-02-22 18:35:20] local.INFO: Emergency Chat: Fetching messages  
[2025-02-22 18:35:20] local.INFO: select * from `chat_messages` order by `created_at` asc  
[2025-02-22 18:35:20] local.WARNING: Emergency Chat: No messages found  
[2025-02-22 18:35:22] local.INFO: select * from `users` where `id` = ? limit 1 [1] 
[2025-02-22 18:35:22] local.INFO: Emergency Chat: Fetching messages  
[2025-02-22 18:35:22] local.INFO: select * from `chat_messages` order by `created_at` asc  
[2025-02-22 18:35:22] local.WARNING: Emergency Chat: No messages found  
[2025-02-22 18:35:24] local.INFO: select * from `users` where `id` = ? limit 1 [1] 
[2025-02-22 18:35:24] local.INFO: Emergency Chat: Fetching messages  
[2025-02-22 18:35:24] local.INFO: select * from `chat_messages` order by `created_at` asc  
[2025-02-22 18:35:24] local.WARNING: Emergency Chat: No messages found  
[2025-02-22 18:35:26] local.INFO: select * from `users` where `id` = ? limit 1 [1] 
[2025-02-22 18:35:26] local.INFO: Emergency Chat: Fetching messages  
[2025-02-22 18:35:26] local.INFO: select * from `chat_messages` order by `created_at` asc  
[2025-02-22 18:35:26] local.WARNING: Emergency Chat: No messages found  
[2025-02-22 18:35:28] local.INFO: select * from `users` where `id` = ? limit 1 [1] 
[2025-02-22 18:35:28] local.INFO: Emergency Chat: Fetching messages  
[2025-02-22 18:35:28] local.INFO: select * from `chat_messages` order by `created_at` asc  
[2025-02-22 18:35:28] local.WARNING: Emergency Chat: No messages found  
[2025-02-22 18:35:30] local.INFO: select * from `users` where `id` = ? limit 1 [1] 
[2025-02-22 18:35:30] local.INFO: Emergency Chat: Fetching messages  
[2025-02-22 18:35:30] local.INFO: select * from `chat_messages` order by `created_at` asc  
[2025-02-22 18:35:30] local.WARNING: Emergency Chat: No messages found  
[2025-02-22 18:35:32] local.INFO: select * from `users` where `id` = ? limit 1 [1] 
[2025-02-22 18:35:32] local.INFO: Emergency Chat: Fetching messages  
[2025-02-22 18:35:32] local.INFO: select * from `chat_messages` order by `created_at` asc  
[2025-02-22 18:35:32] local.WARNING: Emergency Chat: No messages found  
[2025-02-22 18:35:32] local.INFO: select * from `users` where `id` = ? limit 1 [1] 
[2025-02-22 18:35:32] local.INFO: Emergency Chat: Fetching messages  
[2025-02-22 18:35:32] local.INFO: select * from `chat_messages` order by `created_at` asc  
[2025-02-22 18:35:32] local.WARNING: Emergency Chat: No messages found  
[2025-02-22 18:35:34] local.INFO: select * from `users` where `id` = ? limit 1 [1] 
[2025-02-22 18:35:34] local.INFO: Emergency Chat: Fetching messages  
[2025-02-22 18:35:34] local.INFO: select * from `chat_messages` order by `created_at` asc  
[2025-02-22 18:35:34] local.WARNING: Emergency Chat: No messages found  
[2025-02-22 18:35:36] local.INFO: select * from `users` where `id` = ? limit 1 [1] 
[2025-02-22 18:35:36] local.INFO: Emergency Chat: Fetching messages  
[2025-02-22 18:35:36] local.INFO: select * from `chat_messages` order by `created_at` asc  
[2025-02-22 18:35:36] local.WARNING: Emergency Chat: No messages found  
[2025-02-22 18:35:38] local.INFO: select * from `users` where `id` = ? limit 1 [1] 
[2025-02-22 18:35:38] local.INFO: Emergency Chat: Fetching messages  
[2025-02-22 18:35:38] local.INFO: select * from `chat_messages` order by `created_at` asc  
[2025-02-22 18:35:38] local.WARNING: Emergency Chat: No messages found  
[2025-02-22 18:35:40] local.INFO: select * from `users` where `id` = ? limit 1 [1] 
[2025-02-22 18:35:40] local.INFO: Emergency Chat: Fetching messages  
[2025-02-22 18:35:40] local.INFO: select * from `chat_messages` order by `created_at` asc  
[2025-02-22 18:35:40] local.WARNING: Emergency Chat: No messages found  
[2025-02-22 18:35:42] local.INFO: select * from `users` where `id` = ? limit 1 [1] 
[2025-02-22 18:35:42] local.INFO: Emergency Chat: Fetching messages  
[2025-02-22 18:35:42] local.INFO: select * from `chat_messages` order by `created_at` asc  
[2025-02-22 18:35:42] local.WARNING: Emergency Chat: No messages found  
[2025-02-22 18:35:44] local.INFO: select * from `users` where `id` = ? limit 1 [1] 
[2025-02-22 18:35:44] local.INFO: Emergency Chat: Fetching messages  
[2025-02-22 18:35:44] local.INFO: select * from `chat_messages` order by `created_at` asc  
[2025-02-22 18:35:44] local.WARNING: Emergency Chat: No messages found  
[2025-02-22 18:35:46] local.INFO: select * from `users` where `id` = ? limit 1 [1] 
[2025-02-22 18:35:46] local.INFO: Emergency Chat: Fetching messages  
[2025-02-22 18:35:46] local.INFO: select * from `chat_messages` order by `created_at` asc  
[2025-02-22 18:35:46] local.WARNING: Emergency Chat: No messages found  
[2025-02-22 18:35:48] local.INFO: select * from `users` where `id` = ? limit 1 [1] 
[2025-02-22 18:35:48] local.INFO: Emergency Chat: Fetching messages  
[2025-02-22 18:35:48] local.INFO: select * from `chat_messages` order by `created_at` asc  
[2025-02-22 18:35:48] local.WARNING: Emergency Chat: No messages found  
[2025-02-22 18:35:50] local.INFO: select * from `users` where `id` = ? limit 1 [1] 
[2025-02-22 18:35:50] local.INFO: Emergency Chat: Fetching messages  
[2025-02-22 18:35:50] local.INFO: select * from `chat_messages` order by `created_at` asc  
[2025-02-22 18:35:50] local.WARNING: Emergency Chat: No messages found  
[2025-02-22 18:35:52] local.INFO: select * from `users` where `id` = ? limit 1 [1] 
[2025-02-22 18:35:52] local.INFO: Emergency Chat: Fetching messages  
[2025-02-22 18:35:52] local.INFO: select * from `chat_messages` order by `created_at` asc  
[2025-02-22 18:35:52] local.WARNING: Emergency Chat: No messages found  
[2025-02-22 18:35:54] local.INFO: select * from `users` where `id` = ? limit 1 [1] 
[2025-02-22 18:35:54] local.INFO: Emergency Chat: Fetching messages  
[2025-02-22 18:35:54] local.INFO: select * from `chat_messages` order by `created_at` asc  
[2025-02-22 18:35:54] local.WARNING: Emergency Chat: No messages found  
[2025-02-22 18:35:56] local.INFO: select * from `users` where `id` = ? limit 1 [1] 
[2025-02-22 18:35:56] local.INFO: Emergency Chat: Fetching messages  
[2025-02-22 18:35:56] local.INFO: select * from `chat_messages` order by `created_at` asc  
[2025-02-22 18:35:56] local.WARNING: Emergency Chat: No messages found  
[2025-02-22 18:35:58] local.INFO: select * from `users` where `id` = ? limit 1 [1] 
[2025-02-22 18:35:58] local.INFO: Emergency Chat: Fetching messages  
[2025-02-22 18:35:58] local.INFO: select * from `chat_messages` order by `created_at` asc  
[2025-02-22 18:35:58] local.WARNING: Emergency Chat: No messages found  
[2025-02-22 18:36:00] local.INFO: select * from `users` where `id` = ? limit 1 [1] 
[2025-02-22 18:36:00] local.INFO: Emergency Chat: Fetching messages  
[2025-02-22 18:36:00] local.INFO: select * from `chat_messages` order by `created_at` asc  
[2025-02-22 18:36:00] local.WARNING: Emergency Chat: No messages found  
[2025-02-22 18:36:02] local.INFO: select * from `users` where `id` = ? limit 1 [1] 
[2025-02-22 18:36:02] local.INFO: Emergency Chat: Fetching messages  
[2025-02-22 18:36:02] local.INFO: select * from `chat_messages` order by `created_at` asc  
[2025-02-22 18:36:02] local.WARNING: Emergency Chat: No messages found  
[2025-02-22 18:36:04] local.INFO: select * from `users` where `id` = ? limit 1 [1] 
[2025-02-22 18:36:04] local.INFO: Emergency Chat: Fetching messages  
[2025-02-22 18:36:04] local.INFO: select * from `chat_messages` order by `created_at` asc  
[2025-02-22 18:36:04] local.WARNING: Emergency Chat: No messages found  
[2025-02-22 18:36:06] local.INFO: select * from `users` where `id` = ? limit 1 [1] 
[2025-02-22 18:36:06] local.INFO: Emergency Chat: Fetching messages  
[2025-02-22 18:36:06] local.INFO: select * from `chat_messages` order by `created_at` asc  
[2025-02-22 18:36:06] local.WARNING: Emergency Chat: No messages found  
[2025-02-22 18:36:08] local.INFO: select * from `users` where `id` = ? limit 1 [1] 
[2025-02-22 18:36:08] local.INFO: Emergency Chat: Fetching messages  
[2025-02-22 18:36:08] local.INFO: select * from `chat_messages` order by `created_at` asc  
[2025-02-22 18:36:08] local.WARNING: Emergency Chat: No messages found  
[2025-02-22 18:36:10] local.INFO: select * from `users` where `id` = ? limit 1 [1] 
[2025-02-22 18:36:10] local.INFO: Emergency Chat: Fetching messages  
[2025-02-22 18:36:10] local.INFO: select * from `chat_messages` order by `created_at` asc  
[2025-02-22 18:36:10] local.WARNING: Emergency Chat: No messages found  
[2025-02-22 18:36:12] local.INFO: select * from `users` where `id` = ? limit 1 [1] 
[2025-02-22 18:36:12] local.INFO: Emergency Chat: Fetching messages  
[2025-02-22 18:36:12] local.INFO: select * from `chat_messages` order by `created_at` asc  
[2025-02-22 18:36:12] local.WARNING: Emergency Chat: No messages found  
[2025-02-22 18:36:14] local.INFO: select * from `users` where `id` = ? limit 1 [1] 
[2025-02-22 18:36:14] local.INFO: Emergency Chat: Fetching messages  
[2025-02-22 18:36:14] local.INFO: select * from `chat_messages` order by `created_at` asc  
[2025-02-22 18:36:14] local.WARNING: Emergency Chat: No messages found  
[2025-02-22 18:36:16] local.INFO: select * from `users` where `id` = ? limit 1 [1] 
[2025-02-22 18:36:16] local.INFO: Emergency Chat: Fetching messages  
[2025-02-22 18:36:16] local.INFO: select * from `chat_messages` order by `created_at` asc  
[2025-02-22 18:36:16] local.WARNING: Emergency Chat: No messages found  
[2025-02-22 18:36:18] local.INFO: select * from `users` where `id` = ? limit 1 [1] 
[2025-02-22 18:36:18] local.INFO: Emergency Chat: Fetching messages  
[2025-02-22 18:36:18] local.INFO: select * from `chat_messages` order by `created_at` asc  
[2025-02-22 18:36:18] local.WARNING: Emergency Chat: No messages found  
[2025-02-22 18:36:20] local.INFO: select * from `users` where `id` = ? limit 1 [1] 
[2025-02-22 18:36:20] local.INFO: Emergency Chat: Fetching messages  
[2025-02-22 18:36:20] local.INFO: select * from `chat_messages` order by `created_at` asc  
[2025-02-22 18:36:20] local.WARNING: Emergency Chat: No messages found  
[2025-02-22 18:36:22] local.INFO: select * from `users` where `id` = ? limit 1 [1] 
[2025-02-22 18:36:22] local.INFO: Emergency Chat: Fetching messages  
[2025-02-22 18:36:22] local.INFO: select * from `chat_messages` order by `created_at` asc  
[2025-02-22 18:36:22] local.WARNING: Emergency Chat: No messages found  
[2025-02-22 18:36:24] local.INFO: select * from `users` where `id` = ? limit 1 [1] 
[2025-02-22 18:36:24] local.INFO: Emergency Chat: Fetching messages  
[2025-02-22 18:36:24] local.INFO: select * from `chat_messages` order by `created_at` asc  
[2025-02-22 18:36:24] local.WARNING: Emergency Chat: No messages found  
[2025-02-22 18:36:26] local.INFO: select * from `users` where `id` = ? limit 1 [1] 
[2025-02-22 18:36:26] local.INFO: Emergency Chat: Fetching messages  
[2025-02-22 18:36:26] local.INFO: select * from `chat_messages` order by `created_at` asc  
[2025-02-22 18:36:26] local.WARNING: Emergency Chat: No messages found  
[2025-02-22 18:36:28] local.INFO: select * from `users` where `id` = ? limit 1 [1] 
[2025-02-22 18:36:28] local.INFO: Emergency Chat: Fetching messages  
[2025-02-22 18:36:28] local.INFO: select * from `chat_messages` order by `created_at` asc  
[2025-02-22 18:36:28] local.WARNING: Emergency Chat: No messages found  
[2025-02-22 18:36:30] local.INFO: select * from `users` where `id` = ? limit 1 [1] 
[2025-02-22 18:36:30] local.INFO: Emergency Chat: Fetching messages  
[2025-02-22 18:36:30] local.INFO: select * from `chat_messages` order by `created_at` asc  
[2025-02-22 18:36:30] local.WARNING: Emergency Chat: No messages found  
[2025-02-22 18:36:32] local.INFO: select * from `users` where `id` = ? limit 1 [1] 
[2025-02-22 18:36:32] local.INFO: Emergency Chat: Fetching messages  
[2025-02-22 18:36:32] local.INFO: select * from `chat_messages` order by `created_at` asc  
[2025-02-22 18:36:32] local.WARNING: Emergency Chat: No messages found  
[2025-02-22 18:36:32] local.INFO: select * from `users` where `id` = ? limit 1 [1] 
[2025-02-22 18:36:32] local.INFO: Emergency Chat: Fetching messages  
[2025-02-22 18:36:32] local.INFO: select * from `chat_messages` order by `created_at` asc  
[2025-02-22 18:36:32] local.WARNING: Emergency Chat: No messages found  
[2025-02-22 18:36:34] local.INFO: select * from `users` where `id` = ? limit 1 [1] 
[2025-02-22 18:36:34] local.INFO: Emergency Chat: Fetching messages  
[2025-02-22 18:36:34] local.INFO: select * from `chat_messages` order by `created_at` asc  
[2025-02-22 18:36:34] local.WARNING: Emergency Chat: No messages found  
[2025-02-22 18:36:36] local.INFO: select * from `users` where `id` = ? limit 1 [1] 
[2025-02-22 18:36:36] local.INFO: Emergency Chat: Fetching messages  
[2025-02-22 18:36:36] local.INFO: select * from `chat_messages` order by `created_at` asc  
[2025-02-22 18:36:36] local.WARNING: Emergency Chat: No messages found  
[2025-02-22 18:36:38] local.INFO: select * from `users` where `id` = ? limit 1 [1] 
[2025-02-22 18:36:38] local.INFO: Emergency Chat: Fetching messages  
[2025-02-22 18:36:38] local.INFO: select * from `chat_messages` order by `created_at` asc  
[2025-02-22 18:36:38] local.WARNING: Emergency Chat: No messages found  
[2025-02-22 18:36:40] local.INFO: select * from `users` where `id` = ? limit 1 [1] 
[2025-02-22 18:36:40] local.INFO: Emergency Chat: Fetching messages  
[2025-02-22 18:36:40] local.INFO: select * from `chat_messages` order by `created_at` asc  
[2025-02-22 18:36:40] local.WARNING: Emergency Chat: No messages found  
[2025-02-22 18:36:42] local.INFO: select * from `users` where `id` = ? limit 1 [1] 
[2025-02-22 18:36:42] local.INFO: Emergency Chat: Fetching messages  
[2025-02-22 18:36:42] local.INFO: select * from `chat_messages` order by `created_at` asc  
[2025-02-22 18:36:42] local.WARNING: Emergency Chat: No messages found  
[2025-02-22 18:36:44] local.INFO: select * from `users` where `id` = ? limit 1 [1] 
[2025-02-22 18:36:44] local.INFO: Emergency Chat: Fetching messages  
[2025-02-22 18:36:44] local.INFO: select * from `chat_messages` order by `created_at` asc  
[2025-02-22 18:36:44] local.WARNING: Emergency Chat: No messages found  
[2025-02-22 18:36:46] local.INFO: select * from `users` where `id` = ? limit 1 [1] 
[2025-02-22 18:36:46] local.INFO: Emergency Chat: Fetching messages  
[2025-02-22 18:36:46] local.INFO: select * from `chat_messages` order by `created_at` asc  
[2025-02-22 18:36:46] local.WARNING: Emergency Chat: No messages found  
[2025-02-22 18:36:48] local.INFO: select * from `users` where `id` = ? limit 1 [1] 
[2025-02-22 18:36:48] local.INFO: Emergency Chat: Fetching messages  
[2025-02-22 18:36:48] local.INFO: select * from `chat_messages` order by `created_at` asc  
[2025-02-22 18:36:48] local.WARNING: Emergency Chat: No messages found  
[2025-02-22 18:36:50] local.INFO: select * from `users` where `id` = ? limit 1 [1] 
[2025-02-22 18:36:50] local.INFO: Emergency Chat: Fetching messages  
[2025-02-22 18:36:50] local.INFO: select * from `chat_messages` order by `created_at` asc  
[2025-02-22 18:36:50] local.WARNING: Emergency Chat: No messages found  
[2025-02-22 18:36:52] local.INFO: select * from `users` where `id` = ? limit 1 [1] 
[2025-02-22 18:36:52] local.INFO: Emergency Chat: Fetching messages  
[2025-02-22 18:36:52] local.INFO: select * from `chat_messages` order by `created_at` asc  
[2025-02-22 18:36:52] local.WARNING: Emergency Chat: No messages found  
[2025-02-22 18:36:54] local.INFO: select * from `users` where `id` = ? limit 1 [1] 
[2025-02-22 18:36:54] local.INFO: Emergency Chat: Fetching messages  
[2025-02-22 18:36:54] local.INFO: select * from `chat_messages` order by `created_at` asc  
[2025-02-22 18:36:54] local.WARNING: Emergency Chat: No messages found  
[2025-02-22 18:36:56] local.INFO: select * from `users` where `id` = ? limit 1 [1] 
[2025-02-22 18:36:56] local.INFO: Emergency Chat: Fetching messages  
[2025-02-22 18:36:56] local.INFO: select * from `chat_messages` order by `created_at` asc  
[2025-02-22 18:36:56] local.WARNING: Emergency Chat: No messages found  
[2025-02-22 18:36:58] local.INFO: select * from `users` where `id` = ? limit 1 [1] 
[2025-02-22 18:36:58] local.INFO: Emergency Chat: Fetching messages  
[2025-02-22 18:36:58] local.INFO: select * from `chat_messages` order by `created_at` asc  
[2025-02-22 18:36:58] local.WARNING: Emergency Chat: No messages found  
[2025-02-22 18:37:00] local.INFO: select * from `users` where `id` = ? limit 1 [1] 
[2025-02-22 18:37:00] local.INFO: Emergency Chat: Fetching messages  
[2025-02-22 18:37:00] local.INFO: select * from `chat_messages` order by `created_at` asc  
[2025-02-22 18:37:00] local.WARNING: Emergency Chat: No messages found  
[2025-02-22 18:37:02] local.INFO: select * from `users` where `id` = ? limit 1 [1] 
[2025-02-22 18:37:02] local.INFO: Emergency Chat: Fetching messages  
[2025-02-22 18:37:02] local.INFO: select * from `chat_messages` order by `created_at` asc  
[2025-02-22 18:37:02] local.WARNING: Emergency Chat: No messages found  
[2025-02-22 18:37:04] local.INFO: select * from `users` where `id` = ? limit 1 [1] 
[2025-02-22 18:37:04] local.INFO: Emergency Chat: Fetching messages  
[2025-02-22 18:37:04] local.INFO: select * from `chat_messages` order by `created_at` asc  
[2025-02-22 18:37:04] local.WARNING: Emergency Chat: No messages found  
[2025-02-22 18:37:06] local.INFO: select * from `users` where `id` = ? limit 1 [1] 
[2025-02-22 18:37:06] local.INFO: Emergency Chat: Fetching messages  
[2025-02-22 18:37:06] local.INFO: select * from `chat_messages` order by `created_at` asc  
[2025-02-22 18:37:06] local.WARNING: Emergency Chat: No messages found  
[2025-02-22 18:37:08] local.INFO: select * from `users` where `id` = ? limit 1 [1] 
[2025-02-22 18:37:08] local.INFO: Emergency Chat: Fetching messages  
[2025-02-22 18:37:08] local.INFO: select * from `chat_messages` order by `created_at` asc  
[2025-02-22 18:37:08] local.WARNING: Emergency Chat: No messages found  
[2025-02-22 18:37:10] local.INFO: select * from `users` where `id` = ? limit 1 [1] 
[2025-02-22 18:37:10] local.INFO: Emergency Chat: Fetching messages  
[2025-02-22 18:37:10] local.INFO: select * from `chat_messages` order by `created_at` asc  
[2025-02-22 18:37:10] local.WARNING: Emergency Chat: No messages found  
[2025-02-22 18:37:12] local.INFO: select * from `users` where `id` = ? limit 1 [1] 
[2025-02-22 18:37:12] local.INFO: Emergency Chat: Fetching messages  
[2025-02-22 18:37:12] local.INFO: select * from `chat_messages` order by `created_at` asc  
[2025-02-22 18:37:12] local.WARNING: Emergency Chat: No messages found  
[2025-02-22 18:37:14] local.INFO: select * from `users` where `id` = ? limit 1 [1] 
[2025-02-22 18:37:14] local.INFO: Emergency Chat: Fetching messages  
[2025-02-22 18:37:14] local.INFO: select * from `chat_messages` order by `created_at` asc  
[2025-02-22 18:37:14] local.WARNING: Emergency Chat: No messages found  
[2025-02-22 18:37:16] local.INFO: select * from `users` where `id` = ? limit 1 [1] 
[2025-02-22 18:37:16] local.INFO: Emergency Chat: Fetching messages  
[2025-02-22 18:37:16] local.INFO: select * from `chat_messages` order by `created_at` asc  
[2025-02-22 18:37:16] local.WARNING: Emergency Chat: No messages found  
[2025-02-22 18:37:18] local.INFO: select * from `users` where `id` = ? limit 1 [1] 
[2025-02-22 18:37:18] local.INFO: Emergency Chat: Fetching messages  
[2025-02-22 18:37:18] local.INFO: select * from `chat_messages` order by `created_at` asc  
[2025-02-22 18:37:18] local.WARNING: Emergency Chat: No messages found  
[2025-02-22 18:37:20] local.INFO: select * from `users` where `id` = ? limit 1 [1] 
[2025-02-22 18:37:20] local.INFO: Emergency Chat: Fetching messages  
[2025-02-22 18:37:20] local.INFO: select * from `chat_messages` order by `created_at` asc  
[2025-02-22 18:37:20] local.WARNING: Emergency Chat: No messages found  
[2025-02-22 18:37:20] local.INFO: select * from `users` where `id` = ? limit 1 [1] 
[2025-02-22 18:37:20] local.INFO: Emergency Chat: Fetching messages  
[2025-02-22 18:37:20] local.INFO: select * from `chat_messages` order by `created_at` asc  
[2025-02-22 18:37:20] local.WARNING: Emergency Chat: No messages found  
[2025-02-22 18:37:22] local.INFO: select * from `users` where `id` = ? limit 1 [1] 
[2025-02-22 18:37:22] local.INFO: Emergency Chat: Fetching messages  
[2025-02-22 18:37:22] local.INFO: select * from `chat_messages` order by `created_at` asc  
[2025-02-22 18:37:22] local.WARNING: Emergency Chat: No messages found  
[2025-02-22 18:37:22] local.INFO: select * from `users` where `id` = ? limit 1 [1] 
[2025-02-22 18:37:22] local.INFO: Emergency Chat: Fetching messages  
[2025-02-22 18:37:22] local.INFO: select * from `chat_messages` order by `created_at` asc  
[2025-02-22 18:37:22] local.WARNING: Emergency Chat: No messages found  
[2025-02-22 18:37:24] local.INFO: select * from `users` where `id` = ? limit 1 [1] 
[2025-02-22 18:37:24] local.INFO: Emergency Chat: Fetching messages  
[2025-02-22 18:37:24] local.INFO: select * from `chat_messages` order by `created_at` asc  
[2025-02-22 18:37:24] local.WARNING: Emergency Chat: No messages found  
[2025-02-22 18:37:24] local.INFO: select * from `users` where `id` = ? limit 1 [1] 
[2025-02-22 18:37:24] local.INFO: Emergency Chat: Fetching messages  
[2025-02-22 18:37:24] local.INFO: select * from `chat_messages` order by `created_at` asc  
[2025-02-22 18:37:24] local.WARNING: Emergency Chat: No messages found  
[2025-02-22 18:37:26] local.INFO: select * from `users` where `id` = ? limit 1 [1] 
[2025-02-22 18:37:26] local.INFO: Emergency Chat: Fetching messages  
[2025-02-22 18:37:26] local.INFO: select * from `chat_messages` order by `created_at` asc  
[2025-02-22 18:37:26] local.WARNING: Emergency Chat: No messages found  
[2025-02-22 18:37:26] local.INFO: select * from `users` where `id` = ? limit 1 [1] 
[2025-02-22 18:37:26] local.INFO: Emergency Chat: Fetching messages  
[2025-02-22 18:37:26] local.INFO: select * from `chat_messages` order by `created_at` asc  
[2025-02-22 18:37:26] local.WARNING: Emergency Chat: No messages found  
[2025-02-22 18:37:27] local.INFO: select * from `users` where `id` = ? limit 1 [1] 
[2025-02-22 18:37:27] local.INFO: Emergency Chat: Fetching messages  
[2025-02-22 18:37:27] local.INFO: select * from `chat_messages` order by `created_at` asc  
[2025-02-22 18:37:27] local.WARNING: Emergency Chat: No messages found  
[2025-02-22 18:37:28] local.INFO: select * from `users` where `id` = ? limit 1 [1] 
[2025-02-22 18:37:28] local.INFO: Emergency Chat: Fetching messages  
[2025-02-22 18:37:28] local.INFO: select * from `chat_messages` order by `created_at` asc  
[2025-02-22 18:37:28] local.WARNING: Emergency Chat: No messages found  
[2025-02-22 18:37:29] local.INFO: select * from `users` where `id` = ? limit 1 [1] 
[2025-02-22 18:37:29] local.INFO: Emergency Chat: Fetching messages  
[2025-02-22 18:37:29] local.INFO: select * from `chat_messages` order by `created_at` asc  
[2025-02-22 18:37:29] local.WARNING: Emergency Chat: No messages found  
[2025-02-22 18:37:30] local.INFO: select * from `users` where `id` = ? limit 1 [1] 
[2025-02-22 18:37:30] local.INFO: Emergency Chat: Fetching messages  
[2025-02-22 18:37:30] local.INFO: select * from `chat_messages` order by `created_at` asc  
[2025-02-22 18:37:30] local.WARNING: Emergency Chat: No messages found  
[2025-02-22 18:37:31] local.INFO: select * from `users` where `id` = ? limit 1 [1] 
[2025-02-22 18:37:31] local.INFO: Emergency Chat: Incoming message request {"data":{"message":"test"}} 
[2025-02-22 18:37:31] local.ERROR: Emergency Chat: Exception occurred {"error":"SQLSTATE[HY000]: General error: 1364 Field 'conversation_id' doesn't have a default value (Connection: mysql, SQL: insert into `chat_messages` (`user_id`, `body`, `updated_at`, `created_at`) values (1, test, 2025-02-22 18:37:31, 2025-02-22 18:37:31))"} 
[2025-02-22 18:37:31] local.INFO: select * from `users` where `id` = ? limit 1 [1] 
[2025-02-22 18:37:31] local.INFO: Emergency Chat: Fetching messages  
[2025-02-22 18:37:31] local.INFO: select * from `chat_messages` order by `created_at` asc  
[2025-02-22 18:37:31] local.WARNING: Emergency Chat: No messages found  
[2025-02-22 18:37:31] local.INFO: select * from `users` where `id` = ? limit 1 [1] 
[2025-02-22 18:37:31] local.INFO: Emergency Chat: Fetching messages  
[2025-02-22 18:37:31] local.INFO: select * from `chat_messages` order by `created_at` asc  
[2025-02-22 18:37:31] local.WARNING: Emergency Chat: No messages found  
[2025-02-22 18:37:32] local.INFO: select * from `users` where `id` = ? limit 1 [1] 
[2025-02-22 18:37:32] local.INFO: Emergency Chat: Fetching messages  
[2025-02-22 18:37:32] local.INFO: select * from `chat_messages` order by `created_at` asc  
[2025-02-22 18:37:32] local.WARNING: Emergency Chat: No messages found  
[2025-02-22 18:37:33] local.INFO: select * from `users` where `id` = ? limit 1 [1] 
[2025-02-22 18:37:33] local.INFO: Emergency Chat: Fetching messages  
[2025-02-22 18:37:33] local.INFO: select * from `chat_messages` order by `created_at` asc  
[2025-02-22 18:37:33] local.WARNING: Emergency Chat: No messages found  
[2025-02-22 18:37:34] local.INFO: select * from `users` where `id` = ? limit 1 [1] 
[2025-02-22 18:37:34] local.INFO: Emergency Chat: Fetching messages  
[2025-02-22 18:37:34] local.INFO: select * from `chat_messages` order by `created_at` asc  
[2025-02-22 18:37:34] local.WARNING: Emergency Chat: No messages found  
[2025-02-22 18:37:35] local.INFO: select * from `users` where `id` = ? limit 1 [1] 
[2025-02-22 18:37:35] local.INFO: Emergency Chat: Fetching messages  
[2025-02-22 18:37:35] local.INFO: select * from `chat_messages` order by `created_at` asc  
[2025-02-22 18:37:35] local.WARNING: Emergency Chat: No messages found  
[2025-02-22 18:37:36] local.INFO: select * from `users` where `id` = ? limit 1 [1] 
[2025-02-22 18:37:36] local.INFO: Emergency Chat: Incoming message request {"data":{"message":"test"}} 
[2025-02-22 18:37:36] local.ERROR: Emergency Chat: Exception occurred {"error":"SQLSTATE[HY000]: General error: 1364 Field 'conversation_id' doesn't have a default value (Connection: mysql, SQL: insert into `chat_messages` (`user_id`, `body`, `updated_at`, `created_at`) values (1, test, 2025-02-22 18:37:36, 2025-02-22 18:37:36))"} 
[2025-02-22 18:37:36] local.INFO: select * from `users` where `id` = ? limit 1 [1] 
[2025-02-22 18:37:36] local.INFO: Emergency Chat: Fetching messages  
[2025-02-22 18:37:36] local.INFO: select * from `chat_messages` order by `created_at` asc  
[2025-02-22 18:37:36] local.WARNING: Emergency Chat: No messages found  
[2025-02-22 18:37:36] local.INFO: select * from `users` where `id` = ? limit 1 [1] 
[2025-02-22 18:37:36] local.INFO: Emergency Chat: Fetching messages  
[2025-02-22 18:37:36] local.INFO: select * from `chat_messages` order by `created_at` asc  
[2025-02-22 18:37:36] local.WARNING: Emergency Chat: No messages found  
[2025-02-22 18:37:37] local.INFO: select * from `users` where `id` = ? limit 1 [1] 
[2025-02-22 18:37:37] local.INFO: Emergency Chat: Fetching messages  
[2025-02-22 18:37:37] local.INFO: select * from `chat_messages` order by `created_at` asc  
[2025-02-22 18:37:37] local.WARNING: Emergency Chat: No messages found  
[2025-02-22 18:37:38] local.INFO: select * from `users` where `id` = ? limit 1 [1] 
[2025-02-22 18:37:38] local.INFO: Emergency Chat: Fetching messages  
[2025-02-22 18:37:38] local.INFO: select * from `chat_messages` order by `created_at` asc  
[2025-02-22 18:37:38] local.WARNING: Emergency Chat: No messages found  
[2025-02-22 18:37:39] local.INFO: select * from `users` where `id` = ? limit 1 [1] 
[2025-02-22 18:37:39] local.INFO: Emergency Chat: Fetching messages  
[2025-02-22 18:37:39] local.INFO: select * from `chat_messages` order by `created_at` asc  
[2025-02-22 18:37:39] local.WARNING: Emergency Chat: No messages found  
[2025-02-22 18:37:40] local.INFO: select * from `users` where `id` = ? limit 1 [1] 
[2025-02-22 18:37:40] local.INFO: Emergency Chat: Fetching messages  
[2025-02-22 18:37:40] local.INFO: select * from `chat_messages` order by `created_at` asc  
[2025-02-22 18:37:40] local.WARNING: Emergency Chat: No messages found  
[2025-02-22 18:37:41] local.INFO: select * from `users` where `id` = ? limit 1 [1] 
[2025-02-22 18:37:41] local.INFO: Emergency Chat: Fetching messages  
[2025-02-22 18:37:41] local.INFO: select * from `chat_messages` order by `created_at` asc  
[2025-02-22 18:37:41] local.WARNING: Emergency Chat: No messages found  
[2025-02-22 18:37:42] local.INFO: select * from `users` where `id` = ? limit 1 [1] 
[2025-02-22 18:37:42] local.INFO: Emergency Chat: Fetching messages  
[2025-02-22 18:37:42] local.INFO: select * from `chat_messages` order by `created_at` asc  
[2025-02-22 18:37:42] local.WARNING: Emergency Chat: No messages found  
[2025-02-22 18:37:43] local.INFO: select * from `users` where `id` = ? limit 1 [1] 
[2025-02-22 18:37:43] local.INFO: Emergency Chat: Fetching messages  
[2025-02-22 18:37:43] local.INFO: select * from `chat_messages` order by `created_at` asc  
[2025-02-22 18:37:43] local.WARNING: Emergency Chat: No messages found  
[2025-02-22 18:37:44] local.INFO: select * from `users` where `id` = ? limit 1 [1] 
[2025-02-22 18:37:44] local.INFO: Emergency Chat: Fetching messages  
[2025-02-22 18:37:44] local.INFO: select * from `chat_messages` order by `created_at` asc  
[2025-02-22 18:37:44] local.WARNING: Emergency Chat: No messages found  
[2025-02-22 18:37:45] local.INFO: select * from `users` where `id` = ? limit 1 [1] 
[2025-02-22 18:37:45] local.INFO: Emergency Chat: Fetching messages  
[2025-02-22 18:37:45] local.INFO: select * from `chat_messages` order by `created_at` asc  
[2025-02-22 18:37:45] local.WARNING: Emergency Chat: No messages found  
[2025-02-22 18:37:46] local.INFO: select * from `users` where `id` = ? limit 1 [1] 
[2025-02-22 18:37:46] local.INFO: Emergency Chat: Fetching messages  
[2025-02-22 18:37:46] local.INFO: select * from `chat_messages` order by `created_at` asc  
[2025-02-22 18:37:46] local.WARNING: Emergency Chat: No messages found  
[2025-02-22 18:37:47] local.INFO: select * from `users` where `id` = ? limit 1 [1] 
[2025-02-22 18:37:47] local.INFO: Emergency Chat: Fetching messages  
[2025-02-22 18:37:47] local.INFO: select * from `chat_messages` order by `created_at` asc  
[2025-02-22 18:37:47] local.WARNING: Emergency Chat: No messages found  
[2025-02-22 18:37:48] local.INFO: select * from `users` where `id` = ? limit 1 [1] 
[2025-02-22 18:37:48] local.INFO: Emergency Chat: Fetching messages  
[2025-02-22 18:37:48] local.INFO: select * from `chat_messages` order by `created_at` asc  
[2025-02-22 18:37:48] local.WARNING: Emergency Chat: No messages found  
[2025-02-22 18:37:49] local.INFO: select * from `users` where `id` = ? limit 1 [1] 
[2025-02-22 18:37:49] local.INFO: Emergency Chat: Fetching messages  
[2025-02-22 18:37:49] local.INFO: select * from `chat_messages` order by `created_at` asc  
[2025-02-22 18:37:49] local.WARNING: Emergency Chat: No messages found  
[2025-02-22 18:37:50] local.INFO: select * from `users` where `id` = ? limit 1 [1] 
[2025-02-22 18:37:50] local.INFO: Emergency Chat: Fetching messages  
[2025-02-22 18:37:50] local.INFO: select * from `chat_messages` order by `created_at` asc  
[2025-02-22 18:37:50] local.WARNING: Emergency Chat: No messages found  
[2025-02-22 18:37:51] local.INFO: select * from `users` where `id` = ? limit 1 [1] 
[2025-02-22 18:37:51] local.INFO: Emergency Chat: Fetching messages  
[2025-02-22 18:37:51] local.INFO: select * from `chat_messages` order by `created_at` asc  
[2025-02-22 18:37:51] local.WARNING: Emergency Chat: No messages found  
[2025-02-22 18:37:52] local.INFO: select * from `users` where `id` = ? limit 1 [1] 
[2025-02-22 18:37:52] local.INFO: Emergency Chat: Fetching messages  
[2025-02-22 18:37:52] local.INFO: select * from `chat_messages` order by `created_at` asc  
[2025-02-22 18:37:52] local.WARNING: Emergency Chat: No messages found  
[2025-02-22 18:37:53] local.INFO: select * from `users` where `id` = ? limit 1 [1] 
[2025-02-22 18:37:53] local.INFO: Emergency Chat: Fetching messages  
[2025-02-22 18:37:53] local.INFO: select * from `chat_messages` order by `created_at` asc  
[2025-02-22 18:37:53] local.WARNING: Emergency Chat: No messages found  
[2025-02-22 18:37:54] local.INFO: select * from `users` where `id` = ? limit 1 [1] 
[2025-02-22 18:37:54] local.INFO: Emergency Chat: Fetching messages  
[2025-02-22 18:37:54] local.INFO: select * from `chat_messages` order by `created_at` asc  
[2025-02-22 18:37:54] local.WARNING: Emergency Chat: No messages found  
[2025-02-22 18:37:55] local.INFO: select * from `users` where `id` = ? limit 1 [1] 
[2025-02-22 18:37:55] local.INFO: Emergency Chat: Fetching messages  
[2025-02-22 18:37:55] local.INFO: select * from `chat_messages` order by `created_at` asc  
[2025-02-22 18:37:55] local.WARNING: Emergency Chat: No messages found  
[2025-02-22 18:37:56] local.INFO: select * from `users` where `id` = ? limit 1 [1] 
[2025-02-22 18:37:56] local.INFO: Emergency Chat: Fetching messages  
[2025-02-22 18:37:56] local.INFO: select * from `chat_messages` order by `created_at` asc  
[2025-02-22 18:37:56] local.WARNING: Emergency Chat: No messages found  
[2025-02-22 18:37:57] local.INFO: select * from `users` where `id` = ? limit 1 [1] 
[2025-02-22 18:37:57] local.INFO: Emergency Chat: Fetching messages  
[2025-02-22 18:37:57] local.INFO: select * from `chat_messages` order by `created_at` asc  
[2025-02-22 18:37:57] local.WARNING: Emergency Chat: No messages found  
[2025-02-22 18:37:58] local.INFO: select * from `users` where `id` = ? limit 1 [1] 
[2025-02-22 18:37:58] local.INFO: Emergency Chat: Fetching messages  
[2025-02-22 18:37:58] local.INFO: select * from `chat_messages` order by `created_at` asc  
[2025-02-22 18:37:58] local.WARNING: Emergency Chat: No messages found  
[2025-02-22 18:37:59] local.INFO: select * from `users` where `id` = ? limit 1 [1] 
[2025-02-22 18:37:59] local.INFO: Emergency Chat: Fetching messages  
[2025-02-22 18:37:59] local.INFO: select * from `chat_messages` order by `created_at` asc  
[2025-02-22 18:37:59] local.WARNING: Emergency Chat: No messages found  
[2025-02-22 18:38:00] local.INFO: select * from `users` where `id` = ? limit 1 [1] 
[2025-02-22 18:38:00] local.INFO: Emergency Chat: Fetching messages  
[2025-02-22 18:38:00] local.INFO: select * from `chat_messages` order by `created_at` asc  
[2025-02-22 18:38:00] local.WARNING: Emergency Chat: No messages found  
[2025-02-22 18:38:01] local.INFO: select * from `users` where `id` = ? limit 1 [1] 
[2025-02-22 18:38:01] local.INFO: Emergency Chat: Fetching messages  
[2025-02-22 18:38:01] local.INFO: select * from `chat_messages` order by `created_at` asc  
[2025-02-22 18:38:01] local.WARNING: Emergency Chat: No messages found  
[2025-02-22 18:38:02] local.INFO: select * from `users` where `id` = ? limit 1 [1] 
[2025-02-22 18:38:02] local.INFO: Emergency Chat: Fetching messages  
[2025-02-22 18:38:02] local.INFO: select * from `chat_messages` order by `created_at` asc  
[2025-02-22 18:38:02] local.WARNING: Emergency Chat: No messages found  
[2025-02-22 18:38:03] local.INFO: select * from `users` where `id` = ? limit 1 [1] 
[2025-02-22 18:38:03] local.INFO: Emergency Chat: Fetching messages  
[2025-02-22 18:38:03] local.INFO: select * from `chat_messages` order by `created_at` asc  
[2025-02-22 18:38:03] local.WARNING: Emergency Chat: No messages found  
[2025-02-22 18:38:04] local.INFO: select * from `users` where `id` = ? limit 1 [1] 
[2025-02-22 18:38:04] local.INFO: Emergency Chat: Fetching messages  
[2025-02-22 18:38:04] local.INFO: select * from `chat_messages` order by `created_at` asc  
[2025-02-22 18:38:04] local.WARNING: Emergency Chat: No messages found  
[2025-02-22 18:38:06] local.INFO: select * from `users` where `id` = ? limit 1 [1] 
[2025-02-22 18:38:06] local.INFO: Emergency Chat: Fetching messages  
[2025-02-22 18:38:06] local.INFO: select * from `chat_messages` order by `created_at` asc  
[2025-02-22 18:38:06] local.WARNING: Emergency Chat: No messages found  
[2025-02-22 18:38:06] local.INFO: select * from `users` where `id` = ? limit 1 [1] 
[2025-02-22 18:38:06] local.INFO: Emergency Chat: Fetching messages  
[2025-02-22 18:38:06] local.INFO: select * from `chat_messages` order by `created_at` asc  
[2025-02-22 18:38:06] local.WARNING: Emergency Chat: No messages found  
[2025-02-22 18:38:08] local.INFO: select * from `users` where `id` = ? limit 1 [1] 
[2025-02-22 18:38:08] local.INFO: Emergency Chat: Fetching messages  
[2025-02-22 18:38:08] local.INFO: select * from `chat_messages` order by `created_at` asc  
[2025-02-22 18:38:08] local.WARNING: Emergency Chat: No messages found  
[2025-02-22 18:38:08] local.INFO: select * from `users` where `id` = ? limit 1 [1] 
[2025-02-22 18:38:08] local.INFO: Emergency Chat: Fetching messages  
[2025-02-22 18:38:08] local.INFO: select * from `chat_messages` order by `created_at` asc  
[2025-02-22 18:38:08] local.WARNING: Emergency Chat: No messages found  
[2025-02-22 18:38:10] local.INFO: select * from `users` where `id` = ? limit 1 [1] 
[2025-02-22 18:38:10] local.INFO: Emergency Chat: Fetching messages  
[2025-02-22 18:38:10] local.INFO: select * from `chat_messages` order by `created_at` asc  
[2025-02-22 18:38:10] local.WARNING: Emergency Chat: No messages found  
[2025-02-22 18:38:10] local.INFO: select * from `users` where `id` = ? limit 1 [1] 
[2025-02-22 18:38:10] local.INFO: Emergency Chat: Fetching messages  
[2025-02-22 18:38:10] local.INFO: select * from `chat_messages` order by `created_at` asc  
[2025-02-22 18:38:10] local.WARNING: Emergency Chat: No messages found  
[2025-02-22 18:38:12] local.INFO: select * from `users` where `id` = ? limit 1 [1] 
[2025-02-22 18:38:12] local.INFO: Emergency Chat: Fetching messages  
[2025-02-22 18:38:12] local.INFO: select * from `chat_messages` order by `created_at` asc  
[2025-02-22 18:38:12] local.WARNING: Emergency Chat: No messages found  
[2025-02-22 18:38:12] local.INFO: select * from `users` where `id` = ? limit 1 [1] 
[2025-02-22 18:38:12] local.INFO: Emergency Chat: Fetching messages  
[2025-02-22 18:38:12] local.INFO: select * from `chat_messages` order by `created_at` asc  
[2025-02-22 18:38:12] local.WARNING: Emergency Chat: No messages found  
[2025-02-22 18:38:14] local.INFO: select * from `users` where `id` = ? limit 1 [1] 
[2025-02-22 18:38:14] local.INFO: Emergency Chat: Fetching messages  
[2025-02-22 18:38:14] local.INFO: select * from `chat_messages` order by `created_at` asc  
[2025-02-22 18:38:14] local.WARNING: Emergency Chat: No messages found  
[2025-02-22 18:38:14] local.INFO: select * from `users` where `id` = ? limit 1 [1] 
[2025-02-22 18:38:14] local.INFO: Emergency Chat: Fetching messages  
[2025-02-22 18:38:14] local.INFO: select * from `chat_messages` order by `created_at` asc  
[2025-02-22 18:38:14] local.WARNING: Emergency Chat: No messages found  
[2025-02-22 18:38:16] local.INFO: select * from `users` where `id` = ? limit 1 [1] 
[2025-02-22 18:38:16] local.INFO: Emergency Chat: Fetching messages  
[2025-02-22 18:38:16] local.INFO: select * from `chat_messages` order by `created_at` asc  
[2025-02-22 18:38:16] local.WARNING: Emergency Chat: No messages found  
[2025-02-22 18:38:16] local.INFO: select * from `users` where `id` = ? limit 1 [1] 
[2025-02-22 18:38:16] local.INFO: Emergency Chat: Fetching messages  
[2025-02-22 18:38:16] local.INFO: select * from `chat_messages` order by `created_at` asc  
[2025-02-22 18:38:16] local.WARNING: Emergency Chat: No messages found  
[2025-02-22 18:38:18] local.INFO: select * from `users` where `id` = ? limit 1 [1] 
[2025-02-22 18:38:18] local.INFO: Emergency Chat: Fetching messages  
[2025-02-22 18:38:18] local.INFO: select * from `chat_messages` order by `created_at` asc  
[2025-02-22 18:38:18] local.WARNING: Emergency Chat: No messages found  
[2025-02-22 18:38:18] local.INFO: select * from `users` where `id` = ? limit 1 [1] 
[2025-02-22 18:38:18] local.INFO: Emergency Chat: Fetching messages  
[2025-02-22 18:38:18] local.INFO: select * from `chat_messages` order by `created_at` asc  
[2025-02-22 18:38:18] local.WARNING: Emergency Chat: No messages found  
[2025-02-22 18:38:20] local.INFO: select * from `users` where `id` = ? limit 1 [1] 
[2025-02-22 18:38:20] local.INFO: Emergency Chat: Fetching messages  
[2025-02-22 18:38:20] local.INFO: select * from `chat_messages` order by `created_at` asc  
[2025-02-22 18:38:20] local.WARNING: Emergency Chat: No messages found  
[2025-02-22 18:38:20] local.INFO: select * from `users` where `id` = ? limit 1 [1] 
[2025-02-22 18:38:20] local.INFO: Emergency Chat: Fetching messages  
[2025-02-22 18:38:20] local.INFO: select * from `chat_messages` order by `created_at` asc  
[2025-02-22 18:38:20] local.WARNING: Emergency Chat: No messages found  
[2025-02-22 18:38:22] local.INFO: select * from `users` where `id` = ? limit 1 [1] 
[2025-02-22 18:38:22] local.INFO: Emergency Chat: Fetching messages  
[2025-02-22 18:38:22] local.INFO: select * from `chat_messages` order by `created_at` asc  
[2025-02-22 18:38:22] local.WARNING: Emergency Chat: No messages found  
[2025-02-22 18:38:22] local.INFO: select * from `users` where `id` = ? limit 1 [1] 
[2025-02-22 18:38:22] local.INFO: Emergency Chat: Fetching messages  
[2025-02-22 18:38:22] local.INFO: select * from `chat_messages` order by `created_at` asc  
[2025-02-22 18:38:22] local.WARNING: Emergency Chat: No messages found  
[2025-02-22 18:38:24] local.INFO: select * from `users` where `id` = ? limit 1 [1] 
[2025-02-22 18:38:24] local.INFO: Emergency Chat: Fetching messages  
[2025-02-22 18:38:24] local.INFO: select * from `chat_messages` order by `created_at` asc  
[2025-02-22 18:38:24] local.WARNING: Emergency Chat: No messages found  
[2025-02-22 18:38:24] local.INFO: select * from `users` where `id` = ? limit 1 [1] 
[2025-02-22 18:38:24] local.INFO: Emergency Chat: Fetching messages  
[2025-02-22 18:38:24] local.INFO: select * from `chat_messages` order by `created_at` asc  
[2025-02-22 18:38:24] local.WARNING: Emergency Chat: No messages found  
[2025-02-22 18:38:26] local.INFO: select * from `users` where `id` = ? limit 1 [1] 
[2025-02-22 18:38:26] local.INFO: Emergency Chat: Fetching messages  
[2025-02-22 18:38:26] local.INFO: select * from `chat_messages` order by `created_at` asc  
[2025-02-22 18:38:26] local.WARNING: Emergency Chat: No messages found  
[2025-02-22 18:38:26] local.INFO: select * from `users` where `id` = ? limit 1 [1] 
[2025-02-22 18:38:26] local.INFO: Emergency Chat: Fetching messages  
[2025-02-22 18:38:26] local.INFO: select * from `chat_messages` order by `created_at` asc  
[2025-02-22 18:38:26] local.WARNING: Emergency Chat: No messages found  
[2025-02-22 18:38:28] local.INFO: select * from `users` where `id` = ? limit 1 [1] 
[2025-02-22 18:38:28] local.INFO: Emergency Chat: Fetching messages  
[2025-02-22 18:38:28] local.INFO: select * from `chat_messages` order by `created_at` asc  
[2025-02-22 18:38:28] local.WARNING: Emergency Chat: No messages found  
[2025-02-22 18:38:28] local.INFO: select * from `users` where `id` = ? limit 1 [1] 
[2025-02-22 18:38:28] local.INFO: Emergency Chat: Fetching messages  
[2025-02-22 18:38:28] local.INFO: select * from `chat_messages` order by `created_at` asc  
[2025-02-22 18:38:28] local.WARNING: Emergency Chat: No messages found  
[2025-02-22 18:38:30] local.INFO: select * from `users` where `id` = ? limit 1 [1] 
[2025-02-22 18:38:30] local.INFO: Emergency Chat: Fetching messages  
[2025-02-22 18:38:30] local.INFO: select * from `chat_messages` order by `created_at` asc  
[2025-02-22 18:38:30] local.WARNING: Emergency Chat: No messages found  
[2025-02-22 18:38:30] local.INFO: select * from `users` where `id` = ? limit 1 [1] 
[2025-02-22 18:38:30] local.INFO: Emergency Chat: Fetching messages  
[2025-02-22 18:38:30] local.INFO: select * from `chat_messages` order by `created_at` asc  
[2025-02-22 18:38:30] local.WARNING: Emergency Chat: No messages found  
[2025-02-22 18:38:32] local.INFO: select * from `users` where `id` = ? limit 1 [1] 
[2025-02-22 18:38:32] local.INFO: Emergency Chat: Fetching messages  
[2025-02-22 18:38:32] local.INFO: select * from `chat_messages` order by `created_at` asc  
[2025-02-22 18:38:32] local.WARNING: Emergency Chat: No messages found  
[2025-02-22 18:38:32] local.INFO: select * from `users` where `id` = ? limit 1 [1] 
[2025-02-22 18:38:32] local.INFO: Emergency Chat: Fetching messages  
[2025-02-22 18:38:32] local.INFO: select * from `chat_messages` order by `created_at` asc  
[2025-02-22 18:38:32] local.WARNING: Emergency Chat: No messages found  
[2025-02-22 18:38:34] local.INFO: select * from `users` where `id` = ? limit 1 [1] 
[2025-02-22 18:38:34] local.INFO: Emergency Chat: Fetching messages  
[2025-02-22 18:38:34] local.INFO: select * from `chat_messages` order by `created_at` asc  
[2025-02-22 18:38:34] local.WARNING: Emergency Chat: No messages found  
[2025-02-22 18:38:34] local.INFO: select * from `users` where `id` = ? limit 1 [1] 
[2025-02-22 18:38:34] local.INFO: Emergency Chat: Fetching messages  
[2025-02-22 18:38:34] local.INFO: select * from `chat_messages` order by `created_at` asc  
[2025-02-22 18:38:34] local.WARNING: Emergency Chat: No messages found  
[2025-02-22 18:38:36] local.INFO: select * from `users` where `id` = ? limit 1 [1] 
[2025-02-22 18:38:36] local.INFO: Emergency Chat: Fetching messages  
[2025-02-22 18:38:36] local.INFO: select * from `chat_messages` order by `created_at` asc  
[2025-02-22 18:38:36] local.WARNING: Emergency Chat: No messages found  
[2025-02-22 18:38:36] local.INFO: select * from `users` where `id` = ? limit 1 [1] 
[2025-02-22 18:38:36] local.INFO: Emergency Chat: Fetching messages  
[2025-02-22 18:38:36] local.INFO: select * from `chat_messages` order by `created_at` asc  
[2025-02-22 18:38:36] local.WARNING: Emergency Chat: No messages found  
[2025-02-22 18:38:38] local.INFO: select * from `users` where `id` = ? limit 1 [1] 
[2025-02-22 18:38:38] local.INFO: Emergency Chat: Fetching messages  
[2025-02-22 18:38:38] local.INFO: select * from `chat_messages` order by `created_at` asc  
[2025-02-22 18:38:38] local.WARNING: Emergency Chat: No messages found  
[2025-02-22 18:38:38] local.INFO: select * from `users` where `id` = ? limit 1 [1] 
[2025-02-22 18:38:38] local.INFO: Emergency Chat: Fetching messages  
[2025-02-22 18:38:38] local.INFO: select * from `chat_messages` order by `created_at` asc  
[2025-02-22 18:38:38] local.WARNING: Emergency Chat: No messages found  
[2025-02-22 18:38:40] local.INFO: select * from `users` where `id` = ? limit 1 [1] 
[2025-02-22 18:38:40] local.INFO: Emergency Chat: Fetching messages  
[2025-02-22 18:38:40] local.INFO: select * from `chat_messages` order by `created_at` asc  
[2025-02-22 18:38:40] local.WARNING: Emergency Chat: No messages found  
[2025-02-22 18:38:40] local.INFO: select * from `users` where `id` = ? limit 1 [1] 
[2025-02-22 18:38:40] local.INFO: Emergency Chat: Fetching messages  
[2025-02-22 18:38:40] local.INFO: select * from `chat_messages` order by `created_at` asc  
[2025-02-22 18:38:40] local.WARNING: Emergency Chat: No messages found  
[2025-02-22 18:38:42] local.INFO: select * from `users` where `id` = ? limit 1 [1] 
[2025-02-22 18:38:42] local.INFO: Emergency Chat: Fetching messages  
[2025-02-22 18:38:42] local.INFO: select * from `chat_messages` order by `created_at` asc  
[2025-02-22 18:38:42] local.WARNING: Emergency Chat: No messages found  
[2025-02-22 18:38:42] local.INFO: select * from `users` where `id` = ? limit 1 [1] 
[2025-02-22 18:38:42] local.INFO: Emergency Chat: Fetching messages  
[2025-02-22 18:38:42] local.INFO: select * from `chat_messages` order by `created_at` asc  
[2025-02-22 18:38:42] local.WARNING: Emergency Chat: No messages found  
[2025-02-22 18:38:44] local.INFO: select * from `users` where `id` = ? limit 1 [1] 
[2025-02-22 18:38:44] local.INFO: Emergency Chat: Fetching messages  
[2025-02-22 18:38:44] local.INFO: select * from `chat_messages` order by `created_at` asc  
[2025-02-22 18:38:44] local.WARNING: Emergency Chat: No messages found  
[2025-02-22 18:38:44] local.INFO: select * from `users` where `id` = ? limit 1 [1] 
[2025-02-22 18:38:44] local.INFO: Emergency Chat: Fetching messages  
[2025-02-22 18:38:44] local.INFO: select * from `chat_messages` order by `created_at` asc  
[2025-02-22 18:38:44] local.WARNING: Emergency Chat: No messages found  
[2025-02-22 18:38:46] local.INFO: select * from `users` where `id` = ? limit 1 [1] 
[2025-02-22 18:38:46] local.INFO: Emergency Chat: Fetching messages  
[2025-02-22 18:38:46] local.INFO: select * from `chat_messages` order by `created_at` asc  
[2025-02-22 18:38:46] local.WARNING: Emergency Chat: No messages found  
[2025-02-22 18:38:46] local.INFO: select * from `users` where `id` = ? limit 1 [1] 
[2025-02-22 18:38:46] local.INFO: Emergency Chat: Fetching messages  
[2025-02-22 18:38:46] local.INFO: select * from `chat_messages` order by `created_at` asc  
[2025-02-22 18:38:46] local.WARNING: Emergency Chat: No messages found  
[2025-02-22 18:38:48] local.INFO: select * from `users` where `id` = ? limit 1 [1] 
[2025-02-22 18:38:48] local.INFO: Emergency Chat: Fetching messages  
[2025-02-22 18:38:48] local.INFO: select * from `chat_messages` order by `created_at` asc  
[2025-02-22 18:38:48] local.WARNING: Emergency Chat: No messages found  
[2025-02-22 18:38:48] local.INFO: select * from `users` where `id` = ? limit 1 [1] 
[2025-02-22 18:38:48] local.INFO: Emergency Chat: Fetching messages  
[2025-02-22 18:38:48] local.INFO: select * from `chat_messages` order by `created_at` asc  
[2025-02-22 18:38:48] local.WARNING: Emergency Chat: No messages found  
[2025-02-22 18:38:50] local.INFO: select * from `users` where `id` = ? limit 1 [1] 
[2025-02-22 18:38:50] local.INFO: Emergency Chat: Fetching messages  
[2025-02-22 18:38:50] local.INFO: select * from `chat_messages` order by `created_at` asc  
[2025-02-22 18:38:50] local.WARNING: Emergency Chat: No messages found  
[2025-02-22 18:38:50] local.INFO: select * from `users` where `id` = ? limit 1 [1] 
[2025-02-22 18:38:50] local.INFO: Emergency Chat: Fetching messages  
[2025-02-22 18:38:50] local.INFO: select * from `chat_messages` order by `created_at` asc  
[2025-02-22 18:38:50] local.WARNING: Emergency Chat: No messages found  
[2025-02-22 18:38:52] local.INFO: select * from `users` where `id` = ? limit 1 [1] 
[2025-02-22 18:38:52] local.INFO: Emergency Chat: Fetching messages  
[2025-02-22 18:38:52] local.INFO: select * from `chat_messages` order by `created_at` asc  
[2025-02-22 18:38:52] local.WARNING: Emergency Chat: No messages found  
[2025-02-22 18:38:52] local.INFO: select * from `users` where `id` = ? limit 1 [1] 
[2025-02-22 18:38:52] local.INFO: Emergency Chat: Fetching messages  
[2025-02-22 18:38:52] local.INFO: select * from `chat_messages` order by `created_at` asc  
[2025-02-22 18:38:52] local.WARNING: Emergency Chat: No messages found  
[2025-02-22 18:38:54] local.INFO: select * from `users` where `id` = ? limit 1 [1] 
[2025-02-22 18:38:54] local.INFO: Emergency Chat: Fetching messages  
[2025-02-22 18:38:54] local.INFO: select * from `chat_messages` order by `created_at` asc  
[2025-02-22 18:38:54] local.WARNING: Emergency Chat: No messages found  
[2025-02-22 18:38:54] local.INFO: select * from `users` where `id` = ? limit 1 [1] 
[2025-02-22 18:38:54] local.INFO: Emergency Chat: Fetching messages  
[2025-02-22 18:38:54] local.INFO: select * from `chat_messages` order by `created_at` asc  
[2025-02-22 18:38:54] local.WARNING: Emergency Chat: No messages found  
[2025-02-22 18:38:56] local.INFO: select * from `users` where `id` = ? limit 1 [1] 
[2025-02-22 18:38:56] local.INFO: Emergency Chat: Fetching messages  
[2025-02-22 18:38:56] local.INFO: select * from `chat_messages` order by `created_at` asc  
[2025-02-22 18:38:56] local.WARNING: Emergency Chat: No messages found  
[2025-02-22 18:38:56] local.INFO: select * from `users` where `id` = ? limit 1 [1] 
[2025-02-22 18:38:56] local.INFO: Emergency Chat: Fetching messages  
[2025-02-22 18:38:56] local.INFO: select * from `chat_messages` order by `created_at` asc  
[2025-02-22 18:38:56] local.WARNING: Emergency Chat: No messages found  
[2025-02-22 18:38:58] local.INFO: select * from `users` where `id` = ? limit 1 [1] 
[2025-02-22 18:38:58] local.INFO: Emergency Chat: Fetching messages  
[2025-02-22 18:38:58] local.INFO: select * from `chat_messages` order by `created_at` asc  
[2025-02-22 18:38:58] local.WARNING: Emergency Chat: No messages found  
[2025-02-22 18:38:58] local.INFO: select * from `users` where `id` = ? limit 1 [1] 
[2025-02-22 18:38:58] local.INFO: Emergency Chat: Fetching messages  
[2025-02-22 18:38:58] local.INFO: select * from `chat_messages` order by `created_at` asc  
[2025-02-22 18:38:58] local.WARNING: Emergency Chat: No messages found  
[2025-02-22 18:39:00] local.INFO: select * from `users` where `id` = ? limit 1 [1] 
[2025-02-22 18:39:00] local.INFO: Emergency Chat: Fetching messages  
[2025-02-22 18:39:00] local.INFO: select * from `chat_messages` order by `created_at` asc  
[2025-02-22 18:39:00] local.WARNING: Emergency Chat: No messages found  
[2025-02-22 18:39:00] local.INFO: select * from `users` where `id` = ? limit 1 [1] 
[2025-02-22 18:39:00] local.INFO: Emergency Chat: Fetching messages  
[2025-02-22 18:39:00] local.INFO: select * from `chat_messages` order by `created_at` asc  
[2025-02-22 18:39:00] local.WARNING: Emergency Chat: No messages found  
[2025-02-22 18:39:02] local.INFO: select * from `users` where `id` = ? limit 1 [1] 
[2025-02-22 18:39:02] local.INFO: Emergency Chat: Fetching messages  
[2025-02-22 18:39:02] local.INFO: select * from `chat_messages` order by `created_at` asc  
[2025-02-22 18:39:02] local.WARNING: Emergency Chat: No messages found  
[2025-02-22 18:39:02] local.INFO: select * from `users` where `id` = ? limit 1 [1] 
[2025-02-22 18:39:02] local.INFO: Emergency Chat: Fetching messages  
[2025-02-22 18:39:02] local.INFO: select * from `chat_messages` order by `created_at` asc  
[2025-02-22 18:39:02] local.WARNING: Emergency Chat: No messages found  
[2025-02-22 18:39:04] local.INFO: select * from `users` where `id` = ? limit 1 [1] 
[2025-02-22 18:39:04] local.INFO: Emergency Chat: Fetching messages  
[2025-02-22 18:39:04] local.INFO: select * from `chat_messages` order by `created_at` asc  
[2025-02-22 18:39:04] local.WARNING: Emergency Chat: No messages found  
[2025-02-22 18:39:04] local.INFO: select * from `users` where `id` = ? limit 1 [1] 
[2025-02-22 18:39:04] local.INFO: Emergency Chat: Fetching messages  
[2025-02-22 18:39:04] local.INFO: select * from `chat_messages` order by `created_at` asc  
[2025-02-22 18:39:04] local.WARNING: Emergency Chat: No messages found  
[2025-02-22 18:39:06] local.INFO: select * from `users` where `id` = ? limit 1 [1] 
[2025-02-22 18:39:06] local.INFO: Emergency Chat: Fetching messages  
[2025-02-22 18:39:06] local.INFO: select * from `chat_messages` order by `created_at` asc  
[2025-02-22 18:39:06] local.WARNING: Emergency Chat: No messages found  
[2025-02-22 18:39:08] local.INFO: select * from `users` where `id` = ? limit 1 [1] 
[2025-02-22 18:39:08] local.INFO: Emergency Chat: Fetching messages  
[2025-02-22 18:39:08] local.INFO: select * from `chat_messages` order by `created_at` asc  
[2025-02-22 18:39:08] local.WARNING: Emergency Chat: No messages found  
[2025-02-22 18:39:10] local.INFO: select * from `users` where `id` = ? limit 1 [1] 
[2025-02-22 18:39:10] local.INFO: Emergency Chat: Fetching messages  
[2025-02-22 18:39:10] local.INFO: select * from `chat_messages` order by `created_at` asc  
[2025-02-22 18:39:10] local.WARNING: Emergency Chat: No messages found  
[2025-02-22 18:39:12] local.INFO: select * from `users` where `id` = ? limit 1 [1] 
[2025-02-22 18:39:12] local.INFO: Emergency Chat: Fetching messages  
[2025-02-22 18:39:12] local.INFO: select * from `chat_messages` order by `created_at` asc  
[2025-02-22 18:39:12] local.WARNING: Emergency Chat: No messages found  
[2025-02-22 18:39:14] local.INFO: select * from `users` where `id` = ? limit 1 [1] 
[2025-02-22 18:39:14] local.INFO: Emergency Chat: Fetching messages  
[2025-02-22 18:39:14] local.INFO: select * from `chat_messages` order by `created_at` asc  
[2025-02-22 18:39:14] local.WARNING: Emergency Chat: No messages found  
[2025-02-22 18:39:16] local.INFO: select * from `users` where `id` = ? limit 1 [1] 
[2025-02-22 18:39:16] local.INFO: Emergency Chat: Fetching messages  
[2025-02-22 18:39:16] local.INFO: select * from `chat_messages` order by `created_at` asc  
[2025-02-22 18:39:16] local.WARNING: Emergency Chat: No messages found  
[2025-02-22 18:39:18] local.INFO: select * from `users` where `id` = ? limit 1 [1] 
[2025-02-22 18:39:18] local.INFO: Emergency Chat: Fetching messages  
[2025-02-22 18:39:18] local.INFO: select * from `chat_messages` order by `created_at` asc  
[2025-02-22 18:39:18] local.WARNING: Emergency Chat: No messages found  
[2025-02-22 18:39:20] local.INFO: select * from `users` where `id` = ? limit 1 [1] 
[2025-02-22 18:39:20] local.INFO: Emergency Chat: Fetching messages  
[2025-02-22 18:39:20] local.INFO: select * from `chat_messages` order by `created_at` asc  
[2025-02-22 18:39:20] local.WARNING: Emergency Chat: No messages found  
[2025-02-22 18:39:22] local.INFO: select * from `users` where `id` = ? limit 1 [1] 
[2025-02-22 18:39:22] local.INFO: Emergency Chat: Fetching messages  
[2025-02-22 18:39:22] local.INFO: select * from `chat_messages` order by `created_at` asc  
[2025-02-22 18:39:22] local.WARNING: Emergency Chat: No messages found  
[2025-02-22 18:39:24] local.INFO: select * from `users` where `id` = ? limit 1 [1] 
[2025-02-22 18:39:24] local.INFO: Emergency Chat: Fetching messages  
[2025-02-22 18:39:24] local.INFO: select * from `chat_messages` order by `created_at` asc  
[2025-02-22 18:39:24] local.WARNING: Emergency Chat: No messages found  
[2025-02-22 18:39:26] local.INFO: select * from `users` where `id` = ? limit 1 [1] 
[2025-02-22 18:39:26] local.INFO: Emergency Chat: Fetching messages  
[2025-02-22 18:39:26] local.INFO: select * from `chat_messages` order by `created_at` asc  
[2025-02-22 18:39:26] local.WARNING: Emergency Chat: No messages found  
[2025-02-22 18:39:28] local.INFO: select * from `users` where `id` = ? limit 1 [1] 
[2025-02-22 18:39:28] local.INFO: Emergency Chat: Fetching messages  
[2025-02-22 18:39:28] local.INFO: select * from `chat_messages` order by `created_at` asc  
[2025-02-22 18:39:28] local.WARNING: Emergency Chat: No messages found  
[2025-02-22 18:39:30] local.INFO: select * from `users` where `id` = ? limit 1 [1] 
[2025-02-22 18:39:30] local.INFO: Emergency Chat: Fetching messages  
[2025-02-22 18:39:30] local.INFO: select * from `chat_messages` order by `created_at` asc  
[2025-02-22 18:39:30] local.WARNING: Emergency Chat: No messages found  
[2025-02-22 18:39:32] local.INFO: select * from `users` where `id` = ? limit 1 [1] 
[2025-02-22 18:39:32] local.INFO: Emergency Chat: Fetching messages  
[2025-02-22 18:39:32] local.INFO: select * from `chat_messages` order by `created_at` asc  
[2025-02-22 18:39:32] local.WARNING: Emergency Chat: No messages found  
[2025-02-22 18:39:32] local.INFO: select * from `users` where `id` = ? limit 1 [1] 
[2025-02-22 18:39:32] local.INFO: Emergency Chat: Fetching messages  
[2025-02-22 18:39:32] local.INFO: select * from `chat_messages` order by `created_at` asc  
[2025-02-22 18:39:32] local.WARNING: Emergency Chat: No messages found  
[2025-02-22 18:39:34] local.INFO: select * from `users` where `id` = ? limit 1 [1] 
[2025-02-22 18:39:34] local.INFO: Emergency Chat: Fetching messages  
[2025-02-22 18:39:34] local.INFO: select * from `chat_messages` order by `created_at` asc  
[2025-02-22 18:39:34] local.WARNING: Emergency Chat: No messages found  
[2025-02-22 18:39:36] local.INFO: select * from `users` where `id` = ? limit 1 [1] 
[2025-02-22 18:39:36] local.INFO: Emergency Chat: Fetching messages  
[2025-02-22 18:39:36] local.INFO: select * from `chat_messages` order by `created_at` asc  
[2025-02-22 18:39:36] local.WARNING: Emergency Chat: No messages found  
[2025-02-22 18:39:38] local.INFO: select * from `users` where `id` = ? limit 1 [1] 
[2025-02-22 18:39:38] local.INFO: Emergency Chat: Fetching messages  
[2025-02-22 18:39:38] local.INFO: select * from `chat_messages` order by `created_at` asc  
[2025-02-22 18:39:38] local.WARNING: Emergency Chat: No messages found  
[2025-02-22 18:39:40] local.INFO: select * from `users` where `id` = ? limit 1 [1] 
[2025-02-22 18:39:40] local.INFO: Emergency Chat: Fetching messages  
[2025-02-22 18:39:40] local.INFO: select * from `chat_messages` order by `created_at` asc  
[2025-02-22 18:39:40] local.WARNING: Emergency Chat: No messages found  
[2025-02-22 18:39:42] local.INFO: select * from `users` where `id` = ? limit 1 [1] 
[2025-02-22 18:39:42] local.INFO: Emergency Chat: Fetching messages  
[2025-02-22 18:39:42] local.INFO: select * from `chat_messages` order by `created_at` asc  
[2025-02-22 18:39:42] local.WARNING: Emergency Chat: No messages found  
[2025-02-22 18:39:44] local.INFO: select * from `users` where `id` = ? limit 1 [1] 
[2025-02-22 18:39:44] local.INFO: Emergency Chat: Fetching messages  
[2025-02-22 18:39:44] local.INFO: select * from `chat_messages` order by `created_at` asc  
[2025-02-22 18:39:44] local.WARNING: Emergency Chat: No messages found  
[2025-02-22 18:39:46] local.INFO: select * from `users` where `id` = ? limit 1 [1] 
[2025-02-22 18:39:46] local.INFO: Emergency Chat: Fetching messages  
[2025-02-22 18:39:46] local.INFO: select * from `chat_messages` order by `created_at` asc  
[2025-02-22 18:39:46] local.WARNING: Emergency Chat: No messages found  
[2025-02-22 18:39:48] local.INFO: select * from `users` where `id` = ? limit 1 [1] 
[2025-02-22 18:39:48] local.INFO: Emergency Chat: Fetching messages  
[2025-02-22 18:39:48] local.INFO: select * from `chat_messages` order by `created_at` asc  
[2025-02-22 18:39:48] local.WARNING: Emergency Chat: No messages found  
[2025-02-22 18:39:50] local.INFO: select * from `users` where `id` = ? limit 1 [1] 
[2025-02-22 18:39:50] local.INFO: Emergency Chat: Fetching messages  
[2025-02-22 18:39:50] local.INFO: select * from `chat_messages` order by `created_at` asc  
[2025-02-22 18:39:50] local.WARNING: Emergency Chat: No messages found  
[2025-02-22 18:39:52] local.INFO: select * from `users` where `id` = ? limit 1 [1] 
[2025-02-22 18:39:52] local.INFO: Emergency Chat: Fetching messages  
[2025-02-22 18:39:52] local.INFO: select * from `chat_messages` order by `created_at` asc  
[2025-02-22 18:39:52] local.WARNING: Emergency Chat: No messages found  
[2025-02-22 18:39:54] local.INFO: select * from `users` where `id` = ? limit 1 [1] 
[2025-02-22 18:39:54] local.INFO: Emergency Chat: Fetching messages  
[2025-02-22 18:39:54] local.INFO: select * from `chat_messages` order by `created_at` asc  
[2025-02-22 18:39:54] local.WARNING: Emergency Chat: No messages found  
[2025-02-22 18:39:56] local.INFO: select * from `users` where `id` = ? limit 1 [1] 
[2025-02-22 18:39:56] local.INFO: Emergency Chat: Fetching messages  
[2025-02-22 18:39:56] local.INFO: select * from `chat_messages` order by `created_at` asc  
[2025-02-22 18:39:56] local.WARNING: Emergency Chat: No messages found  
[2025-02-22 18:39:58] local.INFO: select * from `users` where `id` = ? limit 1 [1] 
[2025-02-22 18:39:58] local.INFO: Emergency Chat: Fetching messages  
[2025-02-22 18:39:58] local.INFO: select * from `chat_messages` order by `created_at` asc  
[2025-02-22 18:39:58] local.WARNING: Emergency Chat: No messages found  
[2025-02-22 18:40:00] local.INFO: select * from `users` where `id` = ? limit 1 [1] 
[2025-02-22 18:40:00] local.INFO: Emergency Chat: Fetching messages  
[2025-02-22 18:40:00] local.INFO: select * from `chat_messages` order by `created_at` asc  
[2025-02-22 18:40:00] local.WARNING: Emergency Chat: No messages found  
[2025-02-22 18:40:02] local.INFO: select * from `users` where `id` = ? limit 1 [1] 
[2025-02-22 18:40:02] local.INFO: Emergency Chat: Fetching messages  
[2025-02-22 18:40:02] local.INFO: select * from `chat_messages` order by `created_at` asc  
[2025-02-22 18:40:02] local.WARNING: Emergency Chat: No messages found  
[2025-02-22 18:40:04] local.INFO: select * from `users` where `id` = ? limit 1 [1] 
[2025-02-22 18:40:04] local.INFO: Emergency Chat: Fetching messages  
[2025-02-22 18:40:04] local.INFO: select * from `chat_messages` order by `created_at` asc  
[2025-02-22 18:40:04] local.WARNING: Emergency Chat: No messages found  
[2025-02-22 18:40:06] local.INFO: select * from `users` where `id` = ? limit 1 [1] 
[2025-02-22 18:40:06] local.INFO: Emergency Chat: Fetching messages  
[2025-02-22 18:40:06] local.INFO: select * from `chat_messages` order by `created_at` asc  
[2025-02-22 18:40:06] local.WARNING: Emergency Chat: No messages found  
[2025-02-22 18:40:08] local.INFO: select * from `users` where `id` = ? limit 1 [1] 
[2025-02-22 18:40:08] local.INFO: Emergency Chat: Fetching messages  
[2025-02-22 18:40:08] local.INFO: select * from `chat_messages` order by `created_at` asc  
[2025-02-22 18:40:08] local.WARNING: Emergency Chat: No messages found  
[2025-02-22 18:40:10] local.INFO: select * from `users` where `id` = ? limit 1 [1] 
[2025-02-22 18:40:10] local.INFO: Emergency Chat: Fetching messages  
[2025-02-22 18:40:10] local.INFO: select * from `chat_messages` order by `created_at` asc  
[2025-02-22 18:40:10] local.WARNING: Emergency Chat: No messages found  
[2025-02-22 18:40:12] local.INFO: select * from `users` where `id` = ? limit 1 [1] 
[2025-02-22 18:40:12] local.INFO: Emergency Chat: Fetching messages  
[2025-02-22 18:40:12] local.INFO: select * from `chat_messages` order by `created_at` asc  
[2025-02-22 18:40:12] local.WARNING: Emergency Chat: No messages found  
[2025-02-22 18:40:14] local.INFO: select * from `users` where `id` = ? limit 1 [1] 
[2025-02-22 18:40:14] local.INFO: Emergency Chat: Fetching messages  
[2025-02-22 18:40:14] local.INFO: select * from `chat_messages` order by `created_at` asc  
[2025-02-22 18:40:14] local.WARNING: Emergency Chat: No messages found  
[2025-02-22 18:40:16] local.INFO: select * from `users` where `id` = ? limit 1 [1] 
[2025-02-22 18:40:16] local.INFO: Emergency Chat: Fetching messages  
[2025-02-22 18:40:16] local.INFO: select * from `chat_messages` order by `created_at` asc  
[2025-02-22 18:40:16] local.WARNING: Emergency Chat: No messages found  
[2025-02-22 18:40:18] local.INFO: select * from `users` where `id` = ? limit 1 [1] 
[2025-02-22 18:40:18] local.INFO: Emergency Chat: Fetching messages  
[2025-02-22 18:40:18] local.INFO: select * from `chat_messages` order by `created_at` asc  
[2025-02-22 18:40:18] local.WARNING: Emergency Chat: No messages found  
[2025-02-22 18:40:20] local.INFO: select * from `users` where `id` = ? limit 1 [1] 
[2025-02-22 18:40:20] local.INFO: Emergency Chat: Fetching messages  
[2025-02-22 18:40:20] local.INFO: select * from `chat_messages` order by `created_at` asc  
[2025-02-22 18:40:20] local.WARNING: Emergency Chat: No messages found  
[2025-02-22 18:40:22] local.INFO: select * from `users` where `id` = ? limit 1 [1] 
[2025-02-22 18:40:22] local.INFO: Emergency Chat: Fetching messages  
[2025-02-22 18:40:22] local.INFO: select * from `chat_messages` order by `created_at` asc  
[2025-02-22 18:40:22] local.WARNING: Emergency Chat: No messages found  
[2025-02-22 18:40:24] local.INFO: select * from `users` where `id` = ? limit 1 [1] 
[2025-02-22 18:40:24] local.INFO: Emergency Chat: Fetching messages  
[2025-02-22 18:40:24] local.INFO: select * from `chat_messages` order by `created_at` asc  
[2025-02-22 18:40:24] local.WARNING: Emergency Chat: No messages found  
[2025-02-22 18:40:26] local.INFO: select * from `users` where `id` = ? limit 1 [1] 
[2025-02-22 18:40:26] local.INFO: Emergency Chat: Fetching messages  
[2025-02-22 18:40:26] local.INFO: select * from `chat_messages` order by `created_at` asc  
[2025-02-22 18:40:26] local.WARNING: Emergency Chat: No messages found  
[2025-02-22 18:40:28] local.INFO: select * from `users` where `id` = ? limit 1 [1] 
[2025-02-22 18:40:28] local.INFO: Emergency Chat: Fetching messages  
[2025-02-22 18:40:28] local.INFO: select * from `chat_messages` order by `created_at` asc  
[2025-02-22 18:40:28] local.WARNING: Emergency Chat: No messages found  
[2025-02-22 18:40:30] local.INFO: select * from `users` where `id` = ? limit 1 [1] 
[2025-02-22 18:40:30] local.INFO: Emergency Chat: Fetching messages  
[2025-02-22 18:40:30] local.INFO: select * from `chat_messages` order by `created_at` asc  
[2025-02-22 18:40:30] local.WARNING: Emergency Chat: No messages found  
[2025-02-22 18:40:32] local.INFO: select * from `users` where `id` = ? limit 1 [1] 
[2025-02-22 18:40:32] local.INFO: Emergency Chat: Fetching messages  
[2025-02-22 18:40:32] local.INFO: select * from `chat_messages` order by `created_at` asc  
[2025-02-22 18:40:32] local.WARNING: Emergency Chat: No messages found  
[2025-02-22 18:40:32] local.INFO: select * from `users` where `id` = ? limit 1 [1] 
[2025-02-22 18:40:32] local.INFO: Emergency Chat: Fetching messages  
[2025-02-22 18:40:32] local.INFO: select * from `chat_messages` order by `created_at` asc  
[2025-02-22 18:40:32] local.WARNING: Emergency Chat: No messages found  
[2025-02-22 18:40:36] local.INFO: select * from `users` where `id` = ? limit 1 [1] 
[2025-02-22 18:40:36] local.INFO: Emergency Chat: Fetching messages  
[2025-02-22 18:40:36] local.INFO: select * from `chat_messages` order by `created_at` asc  
[2025-02-22 18:40:36] local.WARNING: Emergency Chat: No messages found  
[2025-02-22 18:40:36] local.INFO: select * from `users` where `id` = ? limit 1 [1] 
[2025-02-22 18:40:36] local.INFO: Emergency Chat: Fetching messages  
[2025-02-22 18:40:36] local.INFO: select * from `chat_messages` order by `created_at` asc  
[2025-02-22 18:40:36] local.WARNING: Emergency Chat: No messages found  
[2025-02-22 18:40:39] local.INFO: select * from `users` where `id` = ? limit 1 [1] 
[2025-02-22 18:40:39] local.INFO: Emergency Chat: Fetching messages  
[2025-02-22 18:40:39] local.INFO: select * from `chat_messages` order by `created_at` asc  
[2025-02-22 18:40:39] local.WARNING: Emergency Chat: No messages found  
[2025-02-22 18:40:40] local.INFO: select * from `users` where `id` = ? limit 1 [1] 
[2025-02-22 18:40:40] local.INFO: Emergency Chat: Fetching messages  
[2025-02-22 18:40:40] local.INFO: select * from `chat_messages` order by `created_at` asc  
[2025-02-22 18:40:40] local.WARNING: Emergency Chat: No messages found  
[2025-02-22 18:40:42] local.INFO: select * from `users` where `id` = ? limit 1 [1] 
[2025-02-22 18:40:42] local.INFO: Emergency Chat: Fetching messages  
[2025-02-22 18:40:42] local.INFO: select * from `chat_messages` order by `created_at` asc  
[2025-02-22 18:40:42] local.WARNING: Emergency Chat: No messages found  
[2025-02-22 18:40:44] local.INFO: select * from `users` where `id` = ? limit 1 [1] 
[2025-02-22 18:40:44] local.INFO: Emergency Chat: Fetching messages  
[2025-02-22 18:40:44] local.INFO: select * from `chat_messages` order by `created_at` asc  
[2025-02-22 18:40:44] local.WARNING: Emergency Chat: No messages found  
[2025-02-22 18:40:46] local.INFO: select * from `users` where `id` = ? limit 1 [1] 
[2025-02-22 18:40:46] local.INFO: Emergency Chat: Fetching messages  
[2025-02-22 18:40:46] local.INFO: select * from `chat_messages` order by `created_at` asc  
[2025-02-22 18:40:46] local.WARNING: Emergency Chat: No messages found  
[2025-02-22 18:40:48] local.INFO: select * from `users` where `id` = ? limit 1 [1] 
[2025-02-22 18:40:48] local.INFO: Emergency Chat: Fetching messages  
[2025-02-22 18:40:48] local.INFO: select * from `chat_messages` order by `created_at` asc  
[2025-02-22 18:40:48] local.WARNING: Emergency Chat: No messages found  
[2025-02-22 18:40:50] local.INFO: select * from `users` where `id` = ? limit 1 [1] 
[2025-02-22 18:40:50] local.INFO: Emergency Chat: Fetching messages  
[2025-02-22 18:40:50] local.INFO: select * from `chat_messages` order by `created_at` asc  
[2025-02-22 18:40:50] local.WARNING: Emergency Chat: No messages found  
[2025-02-22 18:40:52] local.INFO: select * from `users` where `id` = ? limit 1 [1] 
[2025-02-22 18:40:52] local.INFO: Emergency Chat: Fetching messages  
[2025-02-22 18:40:52] local.INFO: select * from `chat_messages` order by `created_at` asc  
[2025-02-22 18:40:52] local.WARNING: Emergency Chat: No messages found  
[2025-02-22 18:40:54] local.INFO: select * from `users` where `id` = ? limit 1 [1] 
[2025-02-22 18:40:54] local.INFO: Emergency Chat: Fetching messages  
[2025-02-22 18:40:54] local.INFO: select * from `chat_messages` order by `created_at` asc  
[2025-02-22 18:40:54] local.WARNING: Emergency Chat: No messages found  
[2025-02-22 18:40:56] local.INFO: select * from `users` where `id` = ? limit 1 [1] 
[2025-02-22 18:40:56] local.INFO: Emergency Chat: Fetching messages  
[2025-02-22 18:40:56] local.INFO: select * from `chat_messages` order by `created_at` asc  
[2025-02-22 18:40:56] local.WARNING: Emergency Chat: No messages found  
[2025-02-22 18:40:58] local.INFO: select * from `users` where `id` = ? limit 1 [1] 
[2025-02-22 18:40:58] local.INFO: Emergency Chat: Fetching messages  
[2025-02-22 18:40:58] local.INFO: select * from `chat_messages` order by `created_at` asc  
[2025-02-22 18:40:58] local.WARNING: Emergency Chat: No messages found  
[2025-02-22 18:41:00] local.INFO: select * from `users` where `id` = ? limit 1 [1] 
[2025-02-22 18:41:00] local.INFO: Emergency Chat: Fetching messages  
[2025-02-22 18:41:00] local.INFO: select * from `chat_messages` order by `created_at` asc  
[2025-02-22 18:41:00] local.WARNING: Emergency Chat: No messages found  
[2025-02-22 18:41:02] local.INFO: select * from `users` where `id` = ? limit 1 [1] 
[2025-02-22 18:41:02] local.INFO: Emergency Chat: Fetching messages  
[2025-02-22 18:41:02] local.INFO: select * from `chat_messages` order by `created_at` asc  
[2025-02-22 18:41:02] local.WARNING: Emergency Chat: No messages found  
[2025-02-22 18:41:04] local.INFO: select * from `users` where `id` = ? limit 1 [1] 
[2025-02-22 18:41:04] local.INFO: Emergency Chat: Fetching messages  
[2025-02-22 18:41:04] local.INFO: select * from `chat_messages` order by `created_at` asc  
[2025-02-22 18:41:04] local.WARNING: Emergency Chat: No messages found  
[2025-02-22 18:41:06] local.INFO: select * from `users` where `id` = ? limit 1 [1] 
[2025-02-22 18:41:06] local.INFO: Emergency Chat: Fetching messages  
[2025-02-22 18:41:06] local.INFO: select * from `chat_messages` order by `created_at` asc  
[2025-02-22 18:41:06] local.WARNING: Emergency Chat: No messages found  
[2025-02-22 18:41:08] local.INFO: select * from `users` where `id` = ? limit 1 [1] 
[2025-02-22 18:41:08] local.INFO: Emergency Chat: Fetching messages  
[2025-02-22 18:41:08] local.INFO: select * from `chat_messages` order by `created_at` asc  
[2025-02-22 18:41:08] local.WARNING: Emergency Chat: No messages found  
[2025-02-22 18:41:10] local.INFO: select * from `users` where `id` = ? limit 1 [1] 
[2025-02-22 18:41:10] local.INFO: Emergency Chat: Fetching messages  
[2025-02-22 18:41:10] local.INFO: select * from `chat_messages` order by `created_at` asc  
[2025-02-22 18:41:10] local.WARNING: Emergency Chat: No messages found  
[2025-02-22 18:41:12] local.INFO: select * from `users` where `id` = ? limit 1 [1] 
[2025-02-22 18:41:12] local.INFO: Emergency Chat: Fetching messages  
[2025-02-22 18:41:12] local.INFO: select * from `chat_messages` order by `created_at` asc  
[2025-02-22 18:41:12] local.WARNING: Emergency Chat: No messages found  
[2025-02-22 18:41:14] local.INFO: select * from `users` where `id` = ? limit 1 [1] 
[2025-02-22 18:41:14] local.INFO: Emergency Chat: Fetching messages  
[2025-02-22 18:41:14] local.INFO: select * from `chat_messages` order by `created_at` asc  
[2025-02-22 18:41:14] local.WARNING: Emergency Chat: No messages found  
[2025-02-22 18:41:16] local.INFO: select * from `users` where `id` = ? limit 1 [1] 
[2025-02-22 18:41:16] local.INFO: Emergency Chat: Fetching messages  
[2025-02-22 18:41:16] local.INFO: select * from `chat_messages` order by `created_at` asc  
[2025-02-22 18:41:16] local.WARNING: Emergency Chat: No messages found  
[2025-02-22 18:41:18] local.INFO: select * from `users` where `id` = ? limit 1 [1] 
[2025-02-22 18:41:18] local.INFO: Emergency Chat: Fetching messages  
[2025-02-22 18:41:18] local.INFO: select * from `chat_messages` order by `created_at` asc  
[2025-02-22 18:41:18] local.WARNING: Emergency Chat: No messages found  
[2025-02-22 18:41:20] local.INFO: select * from `users` where `id` = ? limit 1 [1] 
[2025-02-22 18:41:20] local.INFO: Emergency Chat: Fetching messages  
[2025-02-22 18:41:20] local.INFO: select * from `chat_messages` order by `created_at` asc  
[2025-02-22 18:41:20] local.WARNING: Emergency Chat: No messages found  
[2025-02-22 18:41:22] local.INFO: select * from `users` where `id` = ? limit 1 [1] 
[2025-02-22 18:41:22] local.INFO: Emergency Chat: Fetching messages  
[2025-02-22 18:41:22] local.INFO: select * from `chat_messages` order by `created_at` asc  
[2025-02-22 18:41:22] local.WARNING: Emergency Chat: No messages found  
[2025-02-22 18:41:24] local.INFO: select * from `users` where `id` = ? limit 1 [1] 
[2025-02-22 18:41:24] local.INFO: Emergency Chat: Fetching messages  
[2025-02-22 18:41:24] local.INFO: select * from `chat_messages` order by `created_at` asc  
[2025-02-22 18:41:24] local.WARNING: Emergency Chat: No messages found  
[2025-02-22 18:41:26] local.INFO: select * from `users` where `id` = ? limit 1 [1] 
[2025-02-22 18:41:26] local.INFO: Emergency Chat: Fetching messages  
[2025-02-22 18:41:26] local.INFO: select * from `chat_messages` order by `created_at` asc  
[2025-02-22 18:41:26] local.WARNING: Emergency Chat: No messages found  
[2025-02-22 18:41:28] local.INFO: select * from `users` where `id` = ? limit 1 [1] 
[2025-02-22 18:41:28] local.INFO: Emergency Chat: Fetching messages  
[2025-02-22 18:41:28] local.INFO: select * from `chat_messages` order by `created_at` asc  
[2025-02-22 18:41:28] local.WARNING: Emergency Chat: No messages found  
[2025-02-22 18:41:30] local.INFO: select * from `users` where `id` = ? limit 1 [1] 
[2025-02-22 18:41:30] local.INFO: Emergency Chat: Fetching messages  
[2025-02-22 18:41:30] local.INFO: select * from `chat_messages` order by `created_at` asc  
[2025-02-22 18:41:30] local.WARNING: Emergency Chat: No messages found  
[2025-02-22 18:41:32] local.INFO: select * from `users` where `id` = ? limit 1 [1] 
[2025-02-22 18:41:32] local.INFO: Emergency Chat: Fetching messages  
[2025-02-22 18:41:32] local.INFO: select * from `chat_messages` order by `created_at` asc  
[2025-02-22 18:41:32] local.WARNING: Emergency Chat: No messages found  
[2025-02-22 18:41:32] local.INFO: select * from `users` where `id` = ? limit 1 [1] 
[2025-02-22 18:41:32] local.INFO: Emergency Chat: Fetching messages  
[2025-02-22 18:41:32] local.INFO: select * from `chat_messages` order by `created_at` asc  
[2025-02-22 18:41:32] local.WARNING: Emergency Chat: No messages found  
[2025-02-22 18:41:34] local.INFO: select * from `users` where `id` = ? limit 1 [1] 
[2025-02-22 18:41:34] local.INFO: Emergency Chat: Fetching messages  
[2025-02-22 18:41:34] local.INFO: select * from `chat_messages` order by `created_at` asc  
[2025-02-22 18:41:34] local.WARNING: Emergency Chat: No messages found  
[2025-02-22 18:41:36] local.INFO: select * from `users` where `id` = ? limit 1 [1] 
[2025-02-22 18:41:36] local.INFO: Emergency Chat: Fetching messages  
[2025-02-22 18:41:36] local.INFO: select * from `chat_messages` order by `created_at` asc  
[2025-02-22 18:41:36] local.WARNING: Emergency Chat: No messages found  
[2025-02-22 18:41:38] local.INFO: select * from `users` where `id` = ? limit 1 [1] 
[2025-02-22 18:41:38] local.INFO: Emergency Chat: Fetching messages  
[2025-02-22 18:41:38] local.INFO: select * from `chat_messages` order by `created_at` asc  
[2025-02-22 18:41:38] local.WARNING: Emergency Chat: No messages found  
[2025-02-22 18:41:40] local.INFO: select * from `users` where `id` = ? limit 1 [1] 
[2025-02-22 18:41:40] local.INFO: Emergency Chat: Fetching messages  
[2025-02-22 18:41:40] local.INFO: select * from `chat_messages` order by `created_at` asc  
[2025-02-22 18:41:40] local.WARNING: Emergency Chat: No messages found  
[2025-02-22 18:41:42] local.INFO: select * from `users` where `id` = ? limit 1 [1] 
[2025-02-22 18:41:42] local.INFO: Emergency Chat: Fetching messages  
[2025-02-22 18:41:42] local.INFO: select * from `chat_messages` order by `created_at` asc  
[2025-02-22 18:41:42] local.WARNING: Emergency Chat: No messages found  
[2025-02-22 18:41:44] local.INFO: select * from `users` where `id` = ? limit 1 [1] 
[2025-02-22 18:41:44] local.INFO: Emergency Chat: Fetching messages  
[2025-02-22 18:41:44] local.INFO: select * from `chat_messages` order by `created_at` asc  
[2025-02-22 18:41:44] local.WARNING: Emergency Chat: No messages found  
[2025-02-22 18:41:46] local.INFO: select * from `users` where `id` = ? limit 1 [1] 
[2025-02-22 18:41:46] local.INFO: Emergency Chat: Fetching messages  
[2025-02-22 18:41:46] local.INFO: select * from `chat_messages` order by `created_at` asc  
[2025-02-22 18:41:46] local.WARNING: Emergency Chat: No messages found  
[2025-02-22 18:41:48] local.INFO: select * from `users` where `id` = ? limit 1 [1] 
[2025-02-22 18:41:48] local.INFO: Emergency Chat: Fetching messages  
[2025-02-22 18:41:48] local.INFO: select * from `chat_messages` order by `created_at` asc  
[2025-02-22 18:41:48] local.WARNING: Emergency Chat: No messages found  
[2025-02-22 18:41:50] local.INFO: select * from `users` where `id` = ? limit 1 [1] 
[2025-02-22 18:41:50] local.INFO: Emergency Chat: Fetching messages  
[2025-02-22 18:41:50] local.INFO: select * from `chat_messages` order by `created_at` asc  
[2025-02-22 18:41:50] local.WARNING: Emergency Chat: No messages found  
[2025-02-22 18:41:52] local.INFO: select * from `users` where `id` = ? limit 1 [1] 
[2025-02-22 18:41:52] local.INFO: Emergency Chat: Fetching messages  
[2025-02-22 18:41:52] local.INFO: select * from `chat_messages` order by `created_at` asc  
[2025-02-22 18:41:52] local.WARNING: Emergency Chat: No messages found  
[2025-02-22 18:41:54] local.INFO: select * from `users` where `id` = ? limit 1 [1] 
[2025-02-22 18:41:54] local.INFO: Emergency Chat: Fetching messages  
[2025-02-22 18:41:54] local.INFO: select * from `chat_messages` order by `created_at` asc  
[2025-02-22 18:41:54] local.WARNING: Emergency Chat: No messages found  
[2025-02-22 18:41:56] local.INFO: select * from `users` where `id` = ? limit 1 [1] 
[2025-02-22 18:41:56] local.INFO: Emergency Chat: Fetching messages  
[2025-02-22 18:41:56] local.INFO: select * from `chat_messages` order by `created_at` asc  
[2025-02-22 18:41:56] local.WARNING: Emergency Chat: No messages found  
[2025-02-22 18:41:58] local.INFO: select * from `users` where `id` = ? limit 1 [1] 
[2025-02-22 18:41:58] local.INFO: Emergency Chat: Fetching messages  
[2025-02-22 18:41:58] local.INFO: select * from `chat_messages` order by `created_at` asc  
[2025-02-22 18:41:58] local.WARNING: Emergency Chat: No messages found  
[2025-02-22 18:42:00] local.INFO: select * from `users` where `id` = ? limit 1 [1] 
[2025-02-22 18:42:00] local.INFO: Emergency Chat: Fetching messages  
[2025-02-22 18:42:00] local.INFO: select * from `chat_messages` order by `created_at` asc  
[2025-02-22 18:42:00] local.WARNING: Emergency Chat: No messages found  
[2025-02-22 18:42:02] local.INFO: select * from `users` where `id` = ? limit 1 [1] 
[2025-02-22 18:42:02] local.INFO: Emergency Chat: Fetching messages  
[2025-02-22 18:42:02] local.INFO: select * from `chat_messages` order by `created_at` asc  
[2025-02-22 18:42:02] local.WARNING: Emergency Chat: No messages found  
[2025-02-22 18:42:04] local.INFO: select * from `users` where `id` = ? limit 1 [1] 
[2025-02-22 18:42:04] local.INFO: Emergency Chat: Fetching messages  
[2025-02-22 18:42:04] local.INFO: select * from `chat_messages` order by `created_at` asc  
[2025-02-22 18:42:04] local.WARNING: Emergency Chat: No messages found  
[2025-02-22 18:42:06] local.INFO: select * from `users` where `id` = ? limit 1 [1] 
[2025-02-22 18:42:06] local.INFO: Emergency Chat: Fetching messages  
[2025-02-22 18:42:06] local.INFO: select * from `chat_messages` order by `created_at` asc  
[2025-02-22 18:42:06] local.WARNING: Emergency Chat: No messages found  
[2025-02-22 18:42:08] local.INFO: select * from `users` where `id` = ? limit 1 [1] 
[2025-02-22 18:42:08] local.INFO: Emergency Chat: Fetching messages  
[2025-02-22 18:42:08] local.INFO: select * from `chat_messages` order by `created_at` asc  
[2025-02-22 18:42:08] local.WARNING: Emergency Chat: No messages found  
[2025-02-22 18:42:10] local.INFO: select * from `users` where `id` = ? limit 1 [1] 
[2025-02-22 18:42:10] local.INFO: Emergency Chat: Fetching messages  
[2025-02-22 18:42:10] local.INFO: select * from `chat_messages` order by `created_at` asc  
[2025-02-22 18:42:10] local.WARNING: Emergency Chat: No messages found  
[2025-02-22 18:42:12] local.INFO: select * from `users` where `id` = ? limit 1 [1] 
[2025-02-22 18:42:12] local.INFO: Emergency Chat: Fetching messages  
[2025-02-22 18:42:12] local.INFO: select * from `chat_messages` order by `created_at` asc  
[2025-02-22 18:42:12] local.WARNING: Emergency Chat: No messages found  
[2025-02-22 18:42:14] local.INFO: select * from `users` where `id` = ? limit 1 [1] 
[2025-02-22 18:42:14] local.INFO: Emergency Chat: Fetching messages  
[2025-02-22 18:42:14] local.INFO: select * from `chat_messages` order by `created_at` asc  
[2025-02-22 18:42:14] local.WARNING: Emergency Chat: No messages found  
[2025-02-22 18:42:16] local.INFO: select * from `users` where `id` = ? limit 1 [1] 
[2025-02-22 18:42:16] local.INFO: Emergency Chat: Fetching messages  
[2025-02-22 18:42:16] local.INFO: select * from `chat_messages` order by `created_at` asc  
[2025-02-22 18:42:16] local.WARNING: Emergency Chat: No messages found  
[2025-02-22 18:42:18] local.INFO: select * from `users` where `id` = ? limit 1 [1] 
[2025-02-22 18:42:18] local.INFO: Emergency Chat: Fetching messages  
[2025-02-22 18:42:18] local.INFO: select * from `chat_messages` order by `created_at` asc  
[2025-02-22 18:42:18] local.WARNING: Emergency Chat: No messages found  
[2025-02-22 18:42:20] local.INFO: select * from `users` where `id` = ? limit 1 [1] 
[2025-02-22 18:42:20] local.INFO: Emergency Chat: Fetching messages  
[2025-02-22 18:42:20] local.INFO: select * from `chat_messages` order by `created_at` asc  
[2025-02-22 18:42:20] local.WARNING: Emergency Chat: No messages found  
[2025-02-22 18:42:22] local.INFO: select * from `users` where `id` = ? limit 1 [1] 
[2025-02-22 18:42:22] local.INFO: Emergency Chat: Fetching messages  
[2025-02-22 18:42:22] local.INFO: select * from `chat_messages` order by `created_at` asc  
[2025-02-22 18:42:22] local.WARNING: Emergency Chat: No messages found  
[2025-02-22 18:42:24] local.INFO: select * from `users` where `id` = ? limit 1 [1] 
[2025-02-22 18:42:24] local.INFO: Emergency Chat: Fetching messages  
[2025-02-22 18:42:24] local.INFO: select * from `chat_messages` order by `created_at` asc  
[2025-02-22 18:42:24] local.WARNING: Emergency Chat: No messages found  
[2025-02-22 18:42:26] local.INFO: select * from `users` where `id` = ? limit 1 [1] 
[2025-02-22 18:42:26] local.INFO: Emergency Chat: Fetching messages  
[2025-02-22 18:42:26] local.INFO: select * from `chat_messages` order by `created_at` asc  
[2025-02-22 18:42:26] local.WARNING: Emergency Chat: No messages found  
[2025-02-22 18:42:28] local.INFO: select * from `users` where `id` = ? limit 1 [1] 
[2025-02-22 18:42:28] local.INFO: Emergency Chat: Fetching messages  
[2025-02-22 18:42:28] local.INFO: select * from `chat_messages` order by `created_at` asc  
[2025-02-22 18:42:28] local.WARNING: Emergency Chat: No messages found  
[2025-02-22 18:42:30] local.INFO: select * from `users` where `id` = ? limit 1 [1] 
[2025-02-22 18:42:30] local.INFO: Emergency Chat: Fetching messages  
[2025-02-22 18:42:30] local.INFO: select * from `chat_messages` order by `created_at` asc  
[2025-02-22 18:42:30] local.WARNING: Emergency Chat: No messages found  
[2025-02-22 18:42:32] local.INFO: select * from `users` where `id` = ? limit 1 [1] 
[2025-02-22 18:42:32] local.INFO: Emergency Chat: Fetching messages  
[2025-02-22 18:42:32] local.INFO: select * from `chat_messages` order by `created_at` asc  
[2025-02-22 18:42:32] local.WARNING: Emergency Chat: No messages found  
[2025-02-22 18:42:32] local.INFO: select * from `users` where `id` = ? limit 1 [1] 
[2025-02-22 18:42:32] local.INFO: Emergency Chat: Fetching messages  
[2025-02-22 18:42:32] local.INFO: select * from `chat_messages` order by `created_at` asc  
[2025-02-22 18:42:32] local.WARNING: Emergency Chat: No messages found  
[2025-02-22 18:42:34] local.INFO: select * from `users` where `id` = ? limit 1 [1] 
[2025-02-22 18:42:34] local.INFO: Emergency Chat: Fetching messages  
[2025-02-22 18:42:34] local.INFO: select * from `chat_messages` order by `created_at` asc  
[2025-02-22 18:42:34] local.WARNING: Emergency Chat: No messages found  
[2025-02-22 18:42:36] local.INFO: select * from `users` where `id` = ? limit 1 [1] 
[2025-02-22 18:42:36] local.INFO: Emergency Chat: Fetching messages  
[2025-02-22 18:42:36] local.INFO: select * from `chat_messages` order by `created_at` asc  
[2025-02-22 18:42:36] local.WARNING: Emergency Chat: No messages found  
[2025-02-22 18:42:38] local.INFO: select * from `users` where `id` = ? limit 1 [1] 
[2025-02-22 18:42:38] local.INFO: Emergency Chat: Fetching messages  
[2025-02-22 18:42:38] local.INFO: select * from `chat_messages` order by `created_at` asc  
[2025-02-22 18:42:38] local.WARNING: Emergency Chat: No messages found  
[2025-02-22 18:42:40] local.INFO: select * from `users` where `id` = ? limit 1 [1] 
[2025-02-22 18:42:40] local.INFO: Emergency Chat: Fetching messages  
[2025-02-22 18:42:40] local.INFO: select * from `chat_messages` order by `created_at` asc  
[2025-02-22 18:42:40] local.WARNING: Emergency Chat: No messages found  
[2025-02-22 18:42:42] local.INFO: select * from `users` where `id` = ? limit 1 [1] 
[2025-02-22 18:42:42] local.INFO: Emergency Chat: Fetching messages  
[2025-02-22 18:42:42] local.INFO: select * from `chat_messages` order by `created_at` asc  
[2025-02-22 18:42:42] local.WARNING: Emergency Chat: No messages found  
[2025-02-22 18:42:44] local.INFO: select * from `users` where `id` = ? limit 1 [1] 
[2025-02-22 18:42:44] local.INFO: Emergency Chat: Fetching messages  
[2025-02-22 18:42:44] local.INFO: select * from `chat_messages` order by `created_at` asc  
[2025-02-22 18:42:44] local.WARNING: Emergency Chat: No messages found  
[2025-02-22 18:42:46] local.INFO: select * from `users` where `id` = ? limit 1 [1] 
[2025-02-22 18:42:46] local.INFO: Emergency Chat: Fetching messages  
[2025-02-22 18:42:46] local.INFO: select * from `chat_messages` order by `created_at` asc  
[2025-02-22 18:42:46] local.WARNING: Emergency Chat: No messages found  
[2025-02-22 18:42:48] local.INFO: select * from `users` where `id` = ? limit 1 [1] 
[2025-02-22 18:42:48] local.INFO: Emergency Chat: Fetching messages  
[2025-02-22 18:42:48] local.INFO: select * from `chat_messages` order by `created_at` asc  
[2025-02-22 18:42:48] local.WARNING: Emergency Chat: No messages found  
[2025-02-22 18:42:50] local.INFO: select * from `users` where `id` = ? limit 1 [1] 
[2025-02-22 18:42:50] local.INFO: Emergency Chat: Fetching messages  
[2025-02-22 18:42:50] local.INFO: select * from `chat_messages` order by `created_at` asc  
[2025-02-22 18:42:50] local.WARNING: Emergency Chat: No messages found  
[2025-02-22 18:42:52] local.INFO: select * from `users` where `id` = ? limit 1 [1] 
[2025-02-22 18:42:52] local.INFO: Emergency Chat: Fetching messages  
[2025-02-22 18:42:52] local.INFO: select * from `chat_messages` order by `created_at` asc  
[2025-02-22 18:42:52] local.WARNING: Emergency Chat: No messages found  
[2025-02-22 18:42:54] local.INFO: select * from `users` where `id` = ? limit 1 [1] 
[2025-02-22 18:42:54] local.INFO: Emergency Chat: Fetching messages  
[2025-02-22 18:42:54] local.INFO: select * from `chat_messages` order by `created_at` asc  
[2025-02-22 18:42:54] local.WARNING: Emergency Chat: No messages found  
[2025-02-22 18:42:56] local.INFO: select * from `users` where `id` = ? limit 1 [1] 
[2025-02-22 18:42:56] local.INFO: Emergency Chat: Fetching messages  
[2025-02-22 18:42:56] local.INFO: select * from `chat_messages` order by `created_at` asc  
[2025-02-22 18:42:56] local.WARNING: Emergency Chat: No messages found  
[2025-02-22 18:42:58] local.INFO: select * from `users` where `id` = ? limit 1 [1] 
[2025-02-22 18:42:58] local.INFO: Emergency Chat: Fetching messages  
[2025-02-22 18:42:58] local.INFO: select * from `chat_messages` order by `created_at` asc  
[2025-02-22 18:42:58] local.WARNING: Emergency Chat: No messages found  
[2025-02-22 18:43:00] local.INFO: select * from `users` where `id` = ? limit 1 [1] 
[2025-02-22 18:43:00] local.INFO: Emergency Chat: Fetching messages  
[2025-02-22 18:43:00] local.INFO: select * from `chat_messages` order by `created_at` asc  
[2025-02-22 18:43:00] local.WARNING: Emergency Chat: No messages found  
[2025-02-22 18:43:02] local.INFO: select * from `users` where `id` = ? limit 1 [1] 
[2025-02-22 18:43:02] local.INFO: Emergency Chat: Fetching messages  
[2025-02-22 18:43:02] local.INFO: select * from `chat_messages` order by `created_at` asc  
[2025-02-22 18:43:02] local.WARNING: Emergency Chat: No messages found  
[2025-02-22 18:43:04] local.INFO: select * from `users` where `id` = ? limit 1 [1] 
[2025-02-22 18:43:04] local.INFO: Emergency Chat: Fetching messages  
[2025-02-22 18:43:04] local.INFO: select * from `chat_messages` order by `created_at` asc  
[2025-02-22 18:43:04] local.WARNING: Emergency Chat: No messages found  
[2025-02-22 18:43:06] local.INFO: select * from `users` where `id` = ? limit 1 [1] 
[2025-02-22 18:43:06] local.INFO: Emergency Chat: Fetching messages  
[2025-02-22 18:43:06] local.INFO: select * from `chat_messages` order by `created_at` asc  
[2025-02-22 18:43:06] local.WARNING: Emergency Chat: No messages found  
[2025-02-22 18:43:08] local.INFO: select * from `users` where `id` = ? limit 1 [1] 
[2025-02-22 18:43:08] local.INFO: Emergency Chat: Fetching messages  
[2025-02-22 18:43:08] local.INFO: select * from `chat_messages` order by `created_at` asc  
[2025-02-22 18:43:08] local.WARNING: Emergency Chat: No messages found  
[2025-02-22 18:43:10] local.INFO: select * from `users` where `id` = ? limit 1 [1] 
[2025-02-22 18:43:10] local.INFO: Emergency Chat: Fetching messages  
[2025-02-22 18:43:10] local.INFO: select * from `chat_messages` order by `created_at` asc  
[2025-02-22 18:43:10] local.WARNING: Emergency Chat: No messages found  
[2025-02-22 18:43:12] local.INFO: select * from `users` where `id` = ? limit 1 [1] 
[2025-02-22 18:43:12] local.INFO: Emergency Chat: Fetching messages  
[2025-02-22 18:43:12] local.INFO: select * from `chat_messages` order by `created_at` asc  
[2025-02-22 18:43:12] local.WARNING: Emergency Chat: No messages found  
[2025-02-22 18:43:14] local.INFO: select * from `users` where `id` = ? limit 1 [1] 
[2025-02-22 18:43:14] local.INFO: Emergency Chat: Fetching messages  
[2025-02-22 18:43:14] local.INFO: select * from `chat_messages` order by `created_at` asc  
[2025-02-22 18:43:14] local.WARNING: Emergency Chat: No messages found  
[2025-02-22 18:43:16] local.INFO: select * from `users` where `id` = ? limit 1 [1] 
[2025-02-22 18:43:16] local.INFO: Emergency Chat: Fetching messages  
[2025-02-22 18:43:16] local.INFO: select * from `chat_messages` order by `created_at` asc  
[2025-02-22 18:43:16] local.WARNING: Emergency Chat: No messages found  
[2025-02-22 18:43:18] local.INFO: select * from `users` where `id` = ? limit 1 [1] 
[2025-02-22 18:43:18] local.INFO: Emergency Chat: Fetching messages  
[2025-02-22 18:43:18] local.INFO: select * from `chat_messages` order by `created_at` asc  
[2025-02-22 18:43:18] local.WARNING: Emergency Chat: No messages found  
[2025-02-22 18:43:20] local.INFO: select * from `users` where `id` = ? limit 1 [1] 
[2025-02-22 18:43:20] local.INFO: Emergency Chat: Fetching messages  
[2025-02-22 18:43:20] local.INFO: select * from `chat_messages` order by `created_at` asc  
[2025-02-22 18:43:20] local.WARNING: Emergency Chat: No messages found  
[2025-02-22 18:43:22] local.INFO: select * from `users` where `id` = ? limit 1 [1] 
[2025-02-22 18:43:22] local.INFO: Emergency Chat: Fetching messages  
[2025-02-22 18:43:22] local.INFO: select * from `chat_messages` order by `created_at` asc  
[2025-02-22 18:43:22] local.WARNING: Emergency Chat: No messages found  
[2025-02-22 18:43:24] local.INFO: select * from `users` where `id` = ? limit 1 [1] 
[2025-02-22 18:43:24] local.INFO: Emergency Chat: Fetching messages  
[2025-02-22 18:43:24] local.INFO: select * from `chat_messages` order by `created_at` asc  
[2025-02-22 18:43:24] local.WARNING: Emergency Chat: No messages found  
[2025-02-22 18:43:26] local.INFO: select * from `users` where `id` = ? limit 1 [1] 
[2025-02-22 18:43:26] local.INFO: Emergency Chat: Fetching messages  
[2025-02-22 18:43:26] local.INFO: select * from `chat_messages` order by `created_at` asc  
[2025-02-22 18:43:26] local.WARNING: Emergency Chat: No messages found  
[2025-02-22 18:43:28] local.INFO: select * from `users` where `id` = ? limit 1 [1] 
[2025-02-22 18:43:28] local.INFO: Emergency Chat: Fetching messages  
[2025-02-22 18:43:28] local.INFO: select * from `chat_messages` order by `created_at` asc  
[2025-02-22 18:43:28] local.WARNING: Emergency Chat: No messages found  
[2025-02-22 18:43:30] local.INFO: select * from `users` where `id` = ? limit 1 [1] 
[2025-02-22 18:43:30] local.INFO: Emergency Chat: Fetching messages  
[2025-02-22 18:43:30] local.INFO: select * from `chat_messages` order by `created_at` asc  
[2025-02-22 18:43:30] local.WARNING: Emergency Chat: No messages found  
[2025-02-22 18:43:32] local.INFO: select * from `users` where `id` = ? limit 1 [1] 
[2025-02-22 18:43:32] local.INFO: Emergency Chat: Fetching messages  
[2025-02-22 18:43:32] local.INFO: select * from `chat_messages` order by `created_at` asc  
[2025-02-22 18:43:32] local.WARNING: Emergency Chat: No messages found  
[2025-02-22 18:43:32] local.INFO: select * from `users` where `id` = ? limit 1 [1] 
[2025-02-22 18:43:32] local.INFO: Emergency Chat: Fetching messages  
[2025-02-22 18:43:32] local.INFO: select * from `chat_messages` order by `created_at` asc  
[2025-02-22 18:43:32] local.WARNING: Emergency Chat: No messages found  
[2025-02-22 18:43:34] local.INFO: select * from `users` where `id` = ? limit 1 [1] 
[2025-02-22 18:43:34] local.INFO: Emergency Chat: Fetching messages  
[2025-02-22 18:43:34] local.INFO: select * from `chat_messages` order by `created_at` asc  
[2025-02-22 18:43:34] local.WARNING: Emergency Chat: No messages found  
[2025-02-22 18:43:36] local.INFO: select * from `users` where `id` = ? limit 1 [1] 
[2025-02-22 18:43:36] local.INFO: Emergency Chat: Fetching messages  
[2025-02-22 18:43:36] local.INFO: select * from `chat_messages` order by `created_at` asc  
[2025-02-22 18:43:36] local.WARNING: Emergency Chat: No messages found  
[2025-02-22 18:43:38] local.INFO: select * from `users` where `id` = ? limit 1 [1] 
[2025-02-22 18:43:38] local.INFO: Emergency Chat: Fetching messages  
[2025-02-22 18:43:38] local.INFO: select * from `chat_messages` order by `created_at` asc  
[2025-02-22 18:43:38] local.WARNING: Emergency Chat: No messages found  
[2025-02-22 18:43:40] local.INFO: select * from `users` where `id` = ? limit 1 [1] 
[2025-02-22 18:43:40] local.INFO: Emergency Chat: Fetching messages  
[2025-02-22 18:43:40] local.INFO: select * from `chat_messages` order by `created_at` asc  
[2025-02-22 18:43:40] local.WARNING: Emergency Chat: No messages found  
[2025-02-22 18:43:42] local.INFO: select * from `users` where `id` = ? limit 1 [1] 
[2025-02-22 18:43:42] local.INFO: Emergency Chat: Fetching messages  
[2025-02-22 18:43:42] local.INFO: select * from `chat_messages` order by `created_at` asc  
[2025-02-22 18:43:42] local.WARNING: Emergency Chat: No messages found  
[2025-02-22 18:43:44] local.INFO: select * from `users` where `id` = ? limit 1 [1] 
[2025-02-22 18:43:44] local.INFO: Emergency Chat: Fetching messages  
[2025-02-22 18:43:44] local.INFO: select * from `chat_messages` order by `created_at` asc  
[2025-02-22 18:43:44] local.WARNING: Emergency Chat: No messages found  
[2025-02-22 18:43:46] local.INFO: select * from `users` where `id` = ? limit 1 [1] 
[2025-02-22 18:43:46] local.INFO: Emergency Chat: Fetching messages  
[2025-02-22 18:43:46] local.INFO: select * from `chat_messages` order by `created_at` asc  
[2025-02-22 18:43:46] local.WARNING: Emergency Chat: No messages found  
[2025-02-22 18:43:48] local.INFO: select * from `users` where `id` = ? limit 1 [1] 
[2025-02-22 18:43:48] local.INFO: Emergency Chat: Fetching messages  
[2025-02-22 18:43:48] local.INFO: select * from `chat_messages` order by `created_at` asc  
[2025-02-22 18:43:48] local.WARNING: Emergency Chat: No messages found  
[2025-02-22 18:43:50] local.INFO: select * from `users` where `id` = ? limit 1 [1] 
[2025-02-22 18:43:50] local.INFO: Emergency Chat: Fetching messages  
[2025-02-22 18:43:50] local.INFO: select * from `chat_messages` order by `created_at` asc  
[2025-02-22 18:43:50] local.WARNING: Emergency Chat: No messages found  
[2025-02-22 18:43:52] local.INFO: select * from `users` where `id` = ? limit 1 [1] 
[2025-02-22 18:43:52] local.INFO: Emergency Chat: Fetching messages  
[2025-02-22 18:43:52] local.INFO: select * from `chat_messages` order by `created_at` asc  
[2025-02-22 18:43:52] local.WARNING: Emergency Chat: No messages found  
[2025-02-22 18:43:54] local.INFO: select * from `users` where `id` = ? limit 1 [1] 
[2025-02-22 18:43:54] local.INFO: Emergency Chat: Fetching messages  
[2025-02-22 18:43:54] local.INFO: select * from `chat_messages` order by `created_at` asc  
[2025-02-22 18:43:54] local.WARNING: Emergency Chat: No messages found  
[2025-02-22 18:43:56] local.INFO: select * from `users` where `id` = ? limit 1 [1] 
[2025-02-22 18:43:56] local.INFO: Emergency Chat: Fetching messages  
[2025-02-22 18:43:56] local.INFO: select * from `chat_messages` order by `created_at` asc  
[2025-02-22 18:43:56] local.WARNING: Emergency Chat: No messages found  
[2025-02-22 18:43:58] local.INFO: select * from `users` where `id` = ? limit 1 [1] 
[2025-02-22 18:43:58] local.INFO: Emergency Chat: Fetching messages  
[2025-02-22 18:43:58] local.INFO: select * from `chat_messages` order by `created_at` asc  
[2025-02-22 18:43:58] local.WARNING: Emergency Chat: No messages found  
[2025-02-22 18:44:00] local.INFO: select * from `users` where `id` = ? limit 1 [1] 
[2025-02-22 18:44:00] local.INFO: Emergency Chat: Fetching messages  
[2025-02-22 18:44:00] local.INFO: select * from `chat_messages` order by `created_at` asc  
[2025-02-22 18:44:00] local.WARNING: Emergency Chat: No messages found  
[2025-02-22 18:44:02] local.INFO: select * from `users` where `id` = ? limit 1 [1] 
[2025-02-22 18:44:02] local.INFO: Emergency Chat: Fetching messages  
[2025-02-22 18:44:02] local.INFO: select * from `chat_messages` order by `created_at` asc  
[2025-02-22 18:44:02] local.WARNING: Emergency Chat: No messages found  
[2025-02-22 18:44:04] local.INFO: select * from `users` where `id` = ? limit 1 [1] 
[2025-02-22 18:44:04] local.INFO: Emergency Chat: Fetching messages  
[2025-02-22 18:44:04] local.INFO: select * from `chat_messages` order by `created_at` asc  
[2025-02-22 18:44:04] local.WARNING: Emergency Chat: No messages found  
[2025-02-22 18:44:06] local.INFO: select * from `users` where `id` = ? limit 1 [1] 
[2025-02-22 18:44:06] local.INFO: Emergency Chat: Fetching messages  
[2025-02-22 18:44:06] local.INFO: select * from `chat_messages` order by `created_at` asc  
[2025-02-22 18:44:06] local.WARNING: Emergency Chat: No messages found  
[2025-02-22 18:44:08] local.INFO: select * from `users` where `id` = ? limit 1 [1] 
[2025-02-22 18:44:08] local.INFO: Emergency Chat: Fetching messages  
[2025-02-22 18:44:08] local.INFO: select * from `chat_messages` order by `created_at` asc  
[2025-02-22 18:44:08] local.WARNING: Emergency Chat: No messages found  
[2025-02-22 18:44:10] local.INFO: select * from `users` where `id` = ? limit 1 [1] 
[2025-02-22 18:44:10] local.INFO: Emergency Chat: Fetching messages  
[2025-02-22 18:44:10] local.INFO: select * from `chat_messages` order by `created_at` asc  
[2025-02-22 18:44:10] local.WARNING: Emergency Chat: No messages found  
[2025-02-22 18:44:12] local.INFO: select * from `users` where `id` = ? limit 1 [1] 
[2025-02-22 18:44:12] local.INFO: Emergency Chat: Fetching messages  
[2025-02-22 18:44:12] local.INFO: select * from `chat_messages` order by `created_at` asc  
[2025-02-22 18:44:12] local.WARNING: Emergency Chat: No messages found  
[2025-02-22 18:44:14] local.INFO: select * from `users` where `id` = ? limit 1 [1] 
[2025-02-22 18:44:14] local.INFO: Emergency Chat: Fetching messages  
[2025-02-22 18:44:14] local.INFO: select * from `chat_messages` order by `created_at` asc  
[2025-02-22 18:44:14] local.WARNING: Emergency Chat: No messages found  
[2025-02-22 18:44:16] local.INFO: select * from `users` where `id` = ? limit 1 [1] 
[2025-02-22 18:44:16] local.INFO: Emergency Chat: Fetching messages  
[2025-02-22 18:44:16] local.INFO: select * from `chat_messages` order by `created_at` asc  
[2025-02-22 18:44:16] local.WARNING: Emergency Chat: No messages found  
[2025-02-22 18:44:18] local.INFO: select * from `users` where `id` = ? limit 1 [1] 
[2025-02-22 18:44:18] local.INFO: Emergency Chat: Fetching messages  
[2025-02-22 18:44:18] local.INFO: select * from `chat_messages` order by `created_at` asc  
[2025-02-22 18:44:18] local.WARNING: Emergency Chat: No messages found  
[2025-02-22 18:44:20] local.INFO: select * from `users` where `id` = ? limit 1 [1] 
[2025-02-22 18:44:20] local.INFO: Emergency Chat: Fetching messages  
[2025-02-22 18:44:20] local.INFO: select * from `chat_messages` order by `created_at` asc  
[2025-02-22 18:44:20] local.WARNING: Emergency Chat: No messages found  
[2025-02-22 18:44:22] local.INFO: select * from `users` where `id` = ? limit 1 [1] 
[2025-02-22 18:44:22] local.INFO: Emergency Chat: Fetching messages  
[2025-02-22 18:44:22] local.INFO: select * from `chat_messages` order by `created_at` asc  
[2025-02-22 18:44:22] local.WARNING: Emergency Chat: No messages found  
[2025-02-22 18:44:24] local.INFO: select * from `users` where `id` = ? limit 1 [1] 
[2025-02-22 18:44:24] local.INFO: Emergency Chat: Fetching messages  
[2025-02-22 18:44:24] local.INFO: select * from `chat_messages` order by `created_at` asc  
[2025-02-22 18:44:24] local.WARNING: Emergency Chat: No messages found  
[2025-02-22 18:44:26] local.INFO: select * from `users` where `id` = ? limit 1 [1] 
[2025-02-22 18:44:26] local.INFO: Emergency Chat: Fetching messages  
[2025-02-22 18:44:26] local.INFO: select * from `chat_messages` order by `created_at` asc  
[2025-02-22 18:44:26] local.WARNING: Emergency Chat: No messages found  
[2025-02-22 18:44:28] local.INFO: select * from `users` where `id` = ? limit 1 [1] 
[2025-02-22 18:44:28] local.INFO: Emergency Chat: Fetching messages  
[2025-02-22 18:44:28] local.INFO: select * from `chat_messages` order by `created_at` asc  
[2025-02-22 18:44:28] local.WARNING: Emergency Chat: No messages found  
[2025-02-22 18:44:30] local.INFO: select * from `users` where `id` = ? limit 1 [1] 
[2025-02-22 18:44:30] local.INFO: Emergency Chat: Fetching messages  
[2025-02-22 18:44:30] local.INFO: select * from `chat_messages` order by `created_at` asc  
[2025-02-22 18:44:30] local.WARNING: Emergency Chat: No messages found  
[2025-02-22 18:44:32] local.INFO: select * from `users` where `id` = ? limit 1 [1] 
[2025-02-22 18:44:32] local.INFO: Emergency Chat: Fetching messages  
[2025-02-22 18:44:32] local.INFO: select * from `chat_messages` order by `created_at` asc  
[2025-02-22 18:44:32] local.WARNING: Emergency Chat: No messages found  
[2025-02-22 18:44:32] local.INFO: select * from `users` where `id` = ? limit 1 [1] 
[2025-02-22 18:44:32] local.INFO: Emergency Chat: Fetching messages  
[2025-02-22 18:44:32] local.INFO: select * from `chat_messages` order by `created_at` asc  
[2025-02-22 18:44:32] local.WARNING: Emergency Chat: No messages found  
[2025-02-22 18:44:34] local.INFO: select * from `users` where `id` = ? limit 1 [1] 
[2025-02-22 18:44:34] local.INFO: Emergency Chat: Fetching messages  
[2025-02-22 18:44:34] local.INFO: select * from `chat_messages` order by `created_at` asc  
[2025-02-22 18:44:34] local.WARNING: Emergency Chat: No messages found  
[2025-02-22 18:44:36] local.INFO: select * from `users` where `id` = ? limit 1 [1] 
[2025-02-22 18:44:36] local.INFO: Emergency Chat: Fetching messages  
[2025-02-22 18:44:36] local.INFO: select * from `chat_messages` order by `created_at` asc  
[2025-02-22 18:44:36] local.WARNING: Emergency Chat: No messages found  
[2025-02-22 18:44:38] local.INFO: select * from `users` where `id` = ? limit 1 [1] 
[2025-02-22 18:44:38] local.INFO: Emergency Chat: Fetching messages  
[2025-02-22 18:44:38] local.INFO: select * from `chat_messages` order by `created_at` asc  
[2025-02-22 18:44:38] local.WARNING: Emergency Chat: No messages found  
[2025-02-22 18:44:40] local.INFO: select * from `users` where `id` = ? limit 1 [1] 
[2025-02-22 18:44:40] local.INFO: Emergency Chat: Fetching messages  
[2025-02-22 18:44:40] local.INFO: select * from `chat_messages` order by `created_at` asc  
[2025-02-22 18:44:40] local.WARNING: Emergency Chat: No messages found  
[2025-02-22 18:44:42] local.INFO: select * from `users` where `id` = ? limit 1 [1] 
[2025-02-22 18:44:42] local.INFO: Emergency Chat: Fetching messages  
[2025-02-22 18:44:42] local.INFO: select * from `chat_messages` order by `created_at` asc  
[2025-02-22 18:44:42] local.WARNING: Emergency Chat: No messages found  
[2025-02-22 18:44:44] local.INFO: select * from `users` where `id` = ? limit 1 [1] 
[2025-02-22 18:44:44] local.INFO: Emergency Chat: Fetching messages  
[2025-02-22 18:44:44] local.INFO: select * from `chat_messages` order by `created_at` asc  
[2025-02-22 18:44:44] local.WARNING: Emergency Chat: No messages found  
[2025-02-22 18:44:46] local.INFO: select * from `users` where `id` = ? limit 1 [1] 
[2025-02-22 18:44:46] local.INFO: Emergency Chat: Fetching messages  
[2025-02-22 18:44:46] local.INFO: select * from `chat_messages` order by `created_at` asc  
[2025-02-22 18:44:46] local.WARNING: Emergency Chat: No messages found  
[2025-02-22 18:44:48] local.INFO: select * from `users` where `id` = ? limit 1 [1] 
[2025-02-22 18:44:48] local.INFO: Emergency Chat: Fetching messages  
[2025-02-22 18:44:48] local.INFO: select * from `chat_messages` order by `created_at` asc  
[2025-02-22 18:44:48] local.WARNING: Emergency Chat: No messages found  
[2025-02-22 18:44:50] local.INFO: select * from `users` where `id` = ? limit 1 [1] 
[2025-02-22 18:44:50] local.INFO: Emergency Chat: Fetching messages  
[2025-02-22 18:44:50] local.INFO: select * from `chat_messages` order by `created_at` asc  
[2025-02-22 18:44:50] local.WARNING: Emergency Chat: No messages found  
[2025-02-22 18:44:52] local.INFO: select * from `users` where `id` = ? limit 1 [1] 
[2025-02-22 18:44:52] local.INFO: Emergency Chat: Fetching messages  
[2025-02-22 18:44:52] local.INFO: select * from `chat_messages` order by `created_at` asc  
[2025-02-22 18:44:52] local.WARNING: Emergency Chat: No messages found  
[2025-02-22 18:44:54] local.INFO: select * from `users` where `id` = ? limit 1 [1] 
[2025-02-22 18:44:54] local.INFO: Emergency Chat: Fetching messages  
[2025-02-22 18:44:54] local.INFO: select * from `chat_messages` order by `created_at` asc  
[2025-02-22 18:44:54] local.WARNING: Emergency Chat: No messages found  
[2025-02-22 18:44:56] local.INFO: select * from `users` where `id` = ? limit 1 [1] 
[2025-02-22 18:44:56] local.INFO: Emergency Chat: Fetching messages  
[2025-02-22 18:44:56] local.INFO: select * from `chat_messages` order by `created_at` asc  
[2025-02-22 18:44:56] local.WARNING: Emergency Chat: No messages found  
[2025-02-22 18:44:58] local.INFO: select * from `users` where `id` = ? limit 1 [1] 
[2025-02-22 18:44:58] local.INFO: Emergency Chat: Fetching messages  
[2025-02-22 18:44:58] local.INFO: select * from `chat_messages` order by `created_at` asc  
[2025-02-22 18:44:58] local.WARNING: Emergency Chat: No messages found  
[2025-02-22 18:45:00] local.INFO: select * from `users` where `id` = ? limit 1 [1] 
[2025-02-22 18:45:00] local.INFO: Emergency Chat: Fetching messages  
[2025-02-22 18:45:00] local.INFO: select * from `chat_messages` order by `created_at` asc  
[2025-02-22 18:45:00] local.WARNING: Emergency Chat: No messages found  
[2025-02-22 18:45:02] local.INFO: select * from `users` where `id` = ? limit 1 [1] 
[2025-02-22 18:45:02] local.INFO: Emergency Chat: Fetching messages  
[2025-02-22 18:45:02] local.INFO: select * from `chat_messages` order by `created_at` asc  
[2025-02-22 18:45:02] local.WARNING: Emergency Chat: No messages found  
[2025-02-22 18:45:04] local.INFO: select * from `users` where `id` = ? limit 1 [1] 
[2025-02-22 18:45:04] local.INFO: Emergency Chat: Fetching messages  
[2025-02-22 18:45:04] local.INFO: select * from `chat_messages` order by `created_at` asc  
[2025-02-22 18:45:04] local.WARNING: Emergency Chat: No messages found  
[2025-02-22 18:45:06] local.INFO: select * from `users` where `id` = ? limit 1 [1] 
[2025-02-22 18:45:06] local.INFO: Emergency Chat: Fetching messages  
[2025-02-22 18:45:06] local.INFO: select * from `chat_messages` order by `created_at` asc  
[2025-02-22 18:45:06] local.WARNING: Emergency Chat: No messages found  
[2025-02-22 18:45:08] local.INFO: select * from `users` where `id` = ? limit 1 [1] 
[2025-02-22 18:45:08] local.INFO: Emergency Chat: Fetching messages  
[2025-02-22 18:45:08] local.INFO: select * from `chat_messages` order by `created_at` asc  
[2025-02-22 18:45:08] local.WARNING: Emergency Chat: No messages found  
[2025-02-22 18:45:10] local.INFO: select * from `users` where `id` = ? limit 1 [1] 
[2025-02-22 18:45:10] local.INFO: Emergency Chat: Fetching messages  
[2025-02-22 18:45:10] local.INFO: select * from `chat_messages` order by `created_at` asc  
[2025-02-22 18:45:10] local.WARNING: Emergency Chat: No messages found  
[2025-02-22 18:45:12] local.INFO: select * from `users` where `id` = ? limit 1 [1] 
[2025-02-22 18:45:12] local.INFO: Emergency Chat: Fetching messages  
[2025-02-22 18:45:12] local.INFO: select * from `chat_messages` order by `created_at` asc  
[2025-02-22 18:45:12] local.WARNING: Emergency Chat: No messages found  
[2025-02-22 18:45:14] local.INFO: select * from `users` where `id` = ? limit 1 [1] 
[2025-02-22 18:45:14] local.INFO: Emergency Chat: Fetching messages  
[2025-02-22 18:45:14] local.INFO: select * from `chat_messages` order by `created_at` asc  
[2025-02-22 18:45:14] local.WARNING: Emergency Chat: No messages found  
[2025-02-22 18:45:16] local.INFO: select * from `users` where `id` = ? limit 1 [1] 
[2025-02-22 18:45:16] local.INFO: Emergency Chat: Fetching messages  
[2025-02-22 18:45:16] local.INFO: select * from `chat_messages` order by `created_at` asc  
[2025-02-22 18:45:16] local.WARNING: Emergency Chat: No messages found  
[2025-02-22 18:45:18] local.INFO: select * from `users` where `id` = ? limit 1 [1] 
[2025-02-22 18:45:18] local.INFO: Emergency Chat: Fetching messages  
[2025-02-22 18:45:18] local.INFO: select * from `chat_messages` order by `created_at` asc  
[2025-02-22 18:45:18] local.WARNING: Emergency Chat: No messages found  
[2025-02-22 18:45:20] local.INFO: select * from `users` where `id` = ? limit 1 [1] 
[2025-02-22 18:45:20] local.INFO: Emergency Chat: Fetching messages  
[2025-02-22 18:45:20] local.INFO: select * from `chat_messages` order by `created_at` asc  
[2025-02-22 18:45:20] local.WARNING: Emergency Chat: No messages found  
[2025-02-22 18:45:22] local.INFO: select * from `users` where `id` = ? limit 1 [1] 
[2025-02-22 18:45:22] local.INFO: Emergency Chat: Fetching messages  
[2025-02-22 18:45:22] local.INFO: select * from `chat_messages` order by `created_at` asc  
[2025-02-22 18:45:22] local.WARNING: Emergency Chat: No messages found  
[2025-02-22 18:45:24] local.INFO: select * from `users` where `id` = ? limit 1 [1] 
[2025-02-22 18:45:24] local.INFO: Emergency Chat: Fetching messages  
[2025-02-22 18:45:24] local.INFO: select * from `chat_messages` order by `created_at` asc  
[2025-02-22 18:45:24] local.WARNING: Emergency Chat: No messages found  
[2025-02-22 18:45:26] local.INFO: select * from `users` where `id` = ? limit 1 [1] 
[2025-02-22 18:45:26] local.INFO: Emergency Chat: Fetching messages  
[2025-02-22 18:45:26] local.INFO: select * from `chat_messages` order by `created_at` asc  
[2025-02-22 18:45:26] local.WARNING: Emergency Chat: No messages found  
[2025-02-22 18:45:28] local.INFO: select * from `users` where `id` = ? limit 1 [1] 
[2025-02-22 18:45:28] local.INFO: Emergency Chat: Fetching messages  
[2025-02-22 18:45:28] local.INFO: select * from `chat_messages` order by `created_at` asc  
[2025-02-22 18:45:28] local.WARNING: Emergency Chat: No messages found  
[2025-02-22 18:45:30] local.INFO: select * from `users` where `id` = ? limit 1 [1] 
[2025-02-22 18:45:30] local.INFO: Emergency Chat: Fetching messages  
[2025-02-22 18:45:30] local.INFO: select * from `chat_messages` order by `created_at` asc  
[2025-02-22 18:45:30] local.WARNING: Emergency Chat: No messages found  
[2025-02-22 18:45:32] local.INFO: select * from `users` where `id` = ? limit 1 [1] 
[2025-02-22 18:45:32] local.INFO: Emergency Chat: Fetching messages  
[2025-02-22 18:45:32] local.INFO: select * from `chat_messages` order by `created_at` asc  
[2025-02-22 18:45:32] local.WARNING: Emergency Chat: No messages found  
[2025-02-22 18:45:32] local.INFO: select * from `users` where `id` = ? limit 1 [1] 
[2025-02-22 18:45:32] local.INFO: Emergency Chat: Fetching messages  
[2025-02-22 18:45:32] local.INFO: select * from `chat_messages` order by `created_at` asc  
[2025-02-22 18:45:32] local.WARNING: Emergency Chat: No messages found  
[2025-02-22 18:45:34] local.INFO: select * from `users` where `id` = ? limit 1 [1] 
[2025-02-22 18:45:34] local.INFO: Emergency Chat: Fetching messages  
[2025-02-22 18:45:34] local.INFO: select * from `chat_messages` order by `created_at` asc  
[2025-02-22 18:45:34] local.WARNING: Emergency Chat: No messages found  
[2025-02-22 18:45:36] local.INFO: select * from `users` where `id` = ? limit 1 [1] 
[2025-02-22 18:45:36] local.INFO: Emergency Chat: Fetching messages  
[2025-02-22 18:45:36] local.INFO: select * from `chat_messages` order by `created_at` asc  
[2025-02-22 18:45:36] local.WARNING: Emergency Chat: No messages found  
[2025-02-22 18:45:38] local.INFO: select * from `users` where `id` = ? limit 1 [1] 
[2025-02-22 18:45:38] local.INFO: Emergency Chat: Fetching messages  
[2025-02-22 18:45:38] local.INFO: select * from `chat_messages` order by `created_at` asc  
[2025-02-22 18:45:38] local.WARNING: Emergency Chat: No messages found  
[2025-02-22 18:45:40] local.INFO: select * from `users` where `id` = ? limit 1 [1] 
[2025-02-22 18:45:40] local.INFO: Emergency Chat: Fetching messages  
[2025-02-22 18:45:40] local.INFO: select * from `chat_messages` order by `created_at` asc  
[2025-02-22 18:45:40] local.WARNING: Emergency Chat: No messages found  
[2025-02-22 18:45:42] local.INFO: select * from `users` where `id` = ? limit 1 [1] 
[2025-02-22 18:45:42] local.INFO: Emergency Chat: Fetching messages  
[2025-02-22 18:45:42] local.INFO: select * from `chat_messages` order by `created_at` asc  
[2025-02-22 18:45:42] local.WARNING: Emergency Chat: No messages found  
[2025-02-22 18:45:44] local.INFO: select * from `users` where `id` = ? limit 1 [1] 
[2025-02-22 18:45:44] local.INFO: Emergency Chat: Fetching messages  
[2025-02-22 18:45:44] local.INFO: select * from `chat_messages` order by `created_at` asc  
[2025-02-22 18:45:44] local.WARNING: Emergency Chat: No messages found  
[2025-02-22 18:45:46] local.INFO: select * from `users` where `id` = ? limit 1 [1] 
[2025-02-22 18:45:46] local.INFO: Emergency Chat: Fetching messages  
[2025-02-22 18:45:46] local.INFO: select * from `chat_messages` order by `created_at` asc  
[2025-02-22 18:45:46] local.WARNING: Emergency Chat: No messages found  
[2025-02-22 18:45:48] local.INFO: select * from `users` where `id` = ? limit 1 [1] 
[2025-02-22 18:45:48] local.INFO: Emergency Chat: Fetching messages  
[2025-02-22 18:45:48] local.INFO: select * from `chat_messages` order by `created_at` asc  
[2025-02-22 18:45:48] local.WARNING: Emergency Chat: No messages found  
[2025-02-22 18:45:50] local.INFO: select * from `users` where `id` = ? limit 1 [1] 
[2025-02-22 18:45:50] local.INFO: Emergency Chat: Fetching messages  
[2025-02-22 18:45:50] local.INFO: select * from `chat_messages` order by `created_at` asc  
[2025-02-22 18:45:50] local.WARNING: Emergency Chat: No messages found  
[2025-02-22 18:45:52] local.INFO: select * from `users` where `id` = ? limit 1 [1] 
[2025-02-22 18:45:52] local.INFO: Emergency Chat: Fetching messages  
[2025-02-22 18:45:52] local.INFO: select * from `chat_messages` order by `created_at` asc  
[2025-02-22 18:45:52] local.WARNING: Emergency Chat: No messages found  
[2025-02-22 18:45:54] local.INFO: select * from `users` where `id` = ? limit 1 [1] 
[2025-02-22 18:45:54] local.INFO: Emergency Chat: Fetching messages  
[2025-02-22 18:45:54] local.INFO: select * from `chat_messages` order by `created_at` asc  
[2025-02-22 18:45:54] local.WARNING: Emergency Chat: No messages found  
[2025-02-22 18:45:56] local.INFO: select * from `users` where `id` = ? limit 1 [1] 
[2025-02-22 18:45:56] local.INFO: Emergency Chat: Fetching messages  
[2025-02-22 18:45:56] local.INFO: select * from `chat_messages` order by `created_at` asc  
[2025-02-22 18:45:56] local.WARNING: Emergency Chat: No messages found  
[2025-02-22 18:45:58] local.INFO: select * from `users` where `id` = ? limit 1 [1] 
[2025-02-22 18:45:58] local.INFO: Emergency Chat: Fetching messages  
[2025-02-22 18:45:58] local.INFO: select * from `chat_messages` order by `created_at` asc  
[2025-02-22 18:45:58] local.WARNING: Emergency Chat: No messages found  
[2025-02-22 18:46:00] local.INFO: select * from `users` where `id` = ? limit 1 [1] 
[2025-02-22 18:46:00] local.INFO: Emergency Chat: Fetching messages  
[2025-02-22 18:46:00] local.INFO: select * from `chat_messages` order by `created_at` asc  
[2025-02-22 18:46:00] local.WARNING: Emergency Chat: No messages found  
[2025-02-22 18:46:02] local.INFO: select * from `users` where `id` = ? limit 1 [1] 
[2025-02-22 18:46:02] local.INFO: Emergency Chat: Fetching messages  
[2025-02-22 18:46:02] local.INFO: select * from `chat_messages` order by `created_at` asc  
[2025-02-22 18:46:02] local.WARNING: Emergency Chat: No messages found  
[2025-02-22 18:46:04] local.INFO: select * from `users` where `id` = ? limit 1 [1] 
[2025-02-22 18:46:04] local.INFO: Emergency Chat: Fetching messages  
[2025-02-22 18:46:04] local.INFO: select * from `chat_messages` order by `created_at` asc  
[2025-02-22 18:46:04] local.WARNING: Emergency Chat: No messages found  
[2025-02-22 18:46:06] local.INFO: select * from `users` where `id` = ? limit 1 [1] 
[2025-02-22 18:46:06] local.INFO: Emergency Chat: Fetching messages  
[2025-02-22 18:46:06] local.INFO: select * from `chat_messages` order by `created_at` asc  
[2025-02-22 18:46:06] local.WARNING: Emergency Chat: No messages found  
[2025-02-22 18:46:08] local.INFO: select * from `users` where `id` = ? limit 1 [1] 
[2025-02-22 18:46:08] local.INFO: Emergency Chat: Fetching messages  
[2025-02-22 18:46:08] local.INFO: select * from `chat_messages` order by `created_at` asc  
[2025-02-22 18:46:08] local.WARNING: Emergency Chat: No messages found  
[2025-02-22 18:46:10] local.INFO: select * from `users` where `id` = ? limit 1 [1] 
[2025-02-22 18:46:10] local.INFO: Emergency Chat: Fetching messages  
[2025-02-22 18:46:10] local.INFO: select * from `chat_messages` order by `created_at` asc  
[2025-02-22 18:46:10] local.WARNING: Emergency Chat: No messages found  
[2025-02-22 18:46:12] local.INFO: select * from `users` where `id` = ? limit 1 [1] 
[2025-02-22 18:46:12] local.INFO: Emergency Chat: Fetching messages  
[2025-02-22 18:46:12] local.INFO: select * from `chat_messages` order by `created_at` asc  
[2025-02-22 18:46:12] local.WARNING: Emergency Chat: No messages found  
[2025-02-22 18:46:14] local.INFO: select * from `users` where `id` = ? limit 1 [1] 
[2025-02-22 18:46:14] local.INFO: Emergency Chat: Fetching messages  
[2025-02-22 18:46:14] local.INFO: select * from `chat_messages` order by `created_at` asc  
[2025-02-22 18:46:14] local.WARNING: Emergency Chat: No messages found  
[2025-02-22 18:46:16] local.INFO: select * from `users` where `id` = ? limit 1 [1] 
[2025-02-22 18:46:16] local.INFO: Emergency Chat: Fetching messages  
[2025-02-22 18:46:16] local.INFO: select * from `chat_messages` order by `created_at` asc  
[2025-02-22 18:46:16] local.WARNING: Emergency Chat: No messages found  
[2025-02-22 18:46:18] local.INFO: select * from `users` where `id` = ? limit 1 [1] 
[2025-02-22 18:46:18] local.INFO: Emergency Chat: Fetching messages  
[2025-02-22 18:46:18] local.INFO: select * from `chat_messages` order by `created_at` asc  
[2025-02-22 18:46:18] local.WARNING: Emergency Chat: No messages found  
[2025-02-22 18:46:20] local.INFO: select * from `users` where `id` = ? limit 1 [1] 
[2025-02-22 18:46:20] local.INFO: Emergency Chat: Fetching messages  
[2025-02-22 18:46:20] local.INFO: select * from `chat_messages` order by `created_at` asc  
[2025-02-22 18:46:20] local.WARNING: Emergency Chat: No messages found  
[2025-02-22 18:46:22] local.INFO: select * from `users` where `id` = ? limit 1 [1] 
[2025-02-22 18:46:22] local.INFO: Emergency Chat: Fetching messages  
[2025-02-22 18:46:22] local.INFO: select * from `chat_messages` order by `created_at` asc  
[2025-02-22 18:46:22] local.WARNING: Emergency Chat: No messages found  
[2025-02-22 18:46:24] local.INFO: select * from `users` where `id` = ? limit 1 [1] 
[2025-02-22 18:46:24] local.INFO: Emergency Chat: Fetching messages  
[2025-02-22 18:46:24] local.INFO: select * from `chat_messages` order by `created_at` asc  
[2025-02-22 18:46:24] local.WARNING: Emergency Chat: No messages found  
[2025-02-22 18:46:26] local.INFO: select * from `users` where `id` = ? limit 1 [1] 
[2025-02-22 18:46:26] local.INFO: Emergency Chat: Fetching messages  
[2025-02-22 18:46:26] local.INFO: select * from `chat_messages` order by `created_at` asc  
[2025-02-22 18:46:26] local.WARNING: Emergency Chat: No messages found  
[2025-02-22 18:46:28] local.INFO: select * from `users` where `id` = ? limit 1 [1] 
[2025-02-22 18:46:28] local.INFO: Emergency Chat: Fetching messages  
[2025-02-22 18:46:28] local.INFO: select * from `chat_messages` order by `created_at` asc  
[2025-02-22 18:46:28] local.WARNING: Emergency Chat: No messages found  
[2025-02-22 18:46:30] local.INFO: select * from `users` where `id` = ? limit 1 [1] 
[2025-02-22 18:46:30] local.INFO: Emergency Chat: Fetching messages  
[2025-02-22 18:46:30] local.INFO: select * from `chat_messages` order by `created_at` asc  
[2025-02-22 18:46:30] local.WARNING: Emergency Chat: No messages found  
[2025-02-22 18:46:32] local.INFO: select * from `users` where `id` = ? limit 1 [1] 
[2025-02-22 18:46:32] local.INFO: Emergency Chat: Fetching messages  
[2025-02-22 18:46:32] local.INFO: select * from `chat_messages` order by `created_at` asc  
[2025-02-22 18:46:32] local.WARNING: Emergency Chat: No messages found  
[2025-02-22 18:46:32] local.INFO: select * from `users` where `id` = ? limit 1 [1] 
[2025-02-22 18:46:32] local.INFO: Emergency Chat: Fetching messages  
[2025-02-22 18:46:32] local.INFO: select * from `chat_messages` order by `created_at` asc  
[2025-02-22 18:46:32] local.WARNING: Emergency Chat: No messages found  
[2025-02-22 18:46:34] local.INFO: select * from `users` where `id` = ? limit 1 [1] 
[2025-02-22 18:46:34] local.INFO: Emergency Chat: Fetching messages  
[2025-02-22 18:46:34] local.INFO: select * from `chat_messages` order by `created_at` asc  
[2025-02-22 18:46:34] local.WARNING: Emergency Chat: No messages found  
[2025-02-22 18:46:36] local.INFO: select * from `users` where `id` = ? limit 1 [1] 
[2025-02-22 18:46:36] local.INFO: Emergency Chat: Fetching messages  
[2025-02-22 18:46:36] local.INFO: select * from `chat_messages` order by `created_at` asc  
[2025-02-22 18:46:36] local.WARNING: Emergency Chat: No messages found  
[2025-02-22 18:46:38] local.INFO: select * from `users` where `id` = ? limit 1 [1] 
[2025-02-22 18:46:38] local.INFO: Emergency Chat: Fetching messages  
[2025-02-22 18:46:38] local.INFO: select * from `chat_messages` order by `created_at` asc  
[2025-02-22 18:46:38] local.WARNING: Emergency Chat: No messages found  
[2025-02-22 18:46:40] local.INFO: select * from `users` where `id` = ? limit 1 [1] 
[2025-02-22 18:46:40] local.INFO: Emergency Chat: Fetching messages  
[2025-02-22 18:46:40] local.INFO: select * from `chat_messages` order by `created_at` asc  
[2025-02-22 18:46:40] local.WARNING: Emergency Chat: No messages found  
[2025-02-22 18:46:42] local.INFO: select * from `users` where `id` = ? limit 1 [1] 
[2025-02-22 18:46:42] local.INFO: Emergency Chat: Fetching messages  
[2025-02-22 18:46:42] local.INFO: select * from `chat_messages` order by `created_at` asc  
[2025-02-22 18:46:42] local.WARNING: Emergency Chat: No messages found  
[2025-02-22 18:46:44] local.INFO: select * from `users` where `id` = ? limit 1 [1] 
[2025-02-22 18:46:44] local.INFO: Emergency Chat: Fetching messages  
[2025-02-22 18:46:44] local.INFO: select * from `chat_messages` order by `created_at` asc  
[2025-02-22 18:46:44] local.WARNING: Emergency Chat: No messages found  
[2025-02-22 18:46:46] local.INFO: select * from `users` where `id` = ? limit 1 [1] 
[2025-02-22 18:46:46] local.INFO: Emergency Chat: Fetching messages  
[2025-02-22 18:46:46] local.INFO: select * from `chat_messages` order by `created_at` asc  
[2025-02-22 18:46:46] local.WARNING: Emergency Chat: No messages found  
[2025-02-22 18:46:48] local.INFO: select * from `users` where `id` = ? limit 1 [1] 
[2025-02-22 18:46:48] local.INFO: Emergency Chat: Fetching messages  
[2025-02-22 18:46:48] local.INFO: select * from `chat_messages` order by `created_at` asc  
[2025-02-22 18:46:48] local.WARNING: Emergency Chat: No messages found  
[2025-02-22 18:46:50] local.INFO: select * from `users` where `id` = ? limit 1 [1] 
[2025-02-22 18:46:50] local.INFO: Emergency Chat: Fetching messages  
[2025-02-22 18:46:50] local.INFO: select * from `chat_messages` order by `created_at` asc  
[2025-02-22 18:46:50] local.WARNING: Emergency Chat: No messages found  
[2025-02-22 18:46:52] local.INFO: select * from `users` where `id` = ? limit 1 [1] 
[2025-02-22 18:46:52] local.INFO: Emergency Chat: Fetching messages  
[2025-02-22 18:46:52] local.INFO: select * from `chat_messages` order by `created_at` asc  
[2025-02-22 18:46:52] local.WARNING: Emergency Chat: No messages found  
[2025-02-22 18:46:54] local.INFO: select * from `users` where `id` = ? limit 1 [1] 
[2025-02-22 18:46:54] local.INFO: Emergency Chat: Fetching messages  
[2025-02-22 18:46:54] local.INFO: select * from `chat_messages` order by `created_at` asc  
[2025-02-22 18:46:54] local.WARNING: Emergency Chat: No messages found  
[2025-02-22 18:46:56] local.INFO: select * from `users` where `id` = ? limit 1 [1] 
[2025-02-22 18:46:56] local.INFO: Emergency Chat: Fetching messages  
[2025-02-22 18:46:56] local.INFO: select * from `chat_messages` order by `created_at` asc  
[2025-02-22 18:46:56] local.WARNING: Emergency Chat: No messages found  
[2025-02-22 18:46:58] local.INFO: select * from `users` where `id` = ? limit 1 [1] 
[2025-02-22 18:46:58] local.INFO: Emergency Chat: Fetching messages  
[2025-02-22 18:46:58] local.INFO: select * from `chat_messages` order by `created_at` asc  
[2025-02-22 18:46:58] local.WARNING: Emergency Chat: No messages found  
[2025-02-22 18:47:00] local.INFO: select * from `users` where `id` = ? limit 1 [1] 
[2025-02-22 18:47:00] local.INFO: Emergency Chat: Fetching messages  
[2025-02-22 18:47:00] local.INFO: select * from `chat_messages` order by `created_at` asc  
[2025-02-22 18:47:00] local.WARNING: Emergency Chat: No messages found  
[2025-02-22 18:47:02] local.INFO: select * from `users` where `id` = ? limit 1 [1] 
[2025-02-22 18:47:02] local.INFO: Emergency Chat: Fetching messages  
[2025-02-22 18:47:02] local.INFO: select * from `chat_messages` order by `created_at` asc  
[2025-02-22 18:47:02] local.WARNING: Emergency Chat: No messages found  
[2025-02-22 18:47:04] local.INFO: select * from `users` where `id` = ? limit 1 [1] 
[2025-02-22 18:47:04] local.INFO: Emergency Chat: Fetching messages  
[2025-02-22 18:47:04] local.INFO: select * from `chat_messages` order by `created_at` asc  
[2025-02-22 18:47:04] local.WARNING: Emergency Chat: No messages found  
[2025-02-22 18:47:06] local.INFO: select * from `users` where `id` = ? limit 1 [1] 
[2025-02-22 18:47:06] local.INFO: Emergency Chat: Fetching messages  
[2025-02-22 18:47:06] local.INFO: select * from `chat_messages` order by `created_at` asc  
[2025-02-22 18:47:06] local.WARNING: Emergency Chat: No messages found  
[2025-02-22 18:47:08] local.INFO: select * from `users` where `id` = ? limit 1 [1] 
[2025-02-22 18:47:08] local.INFO: Emergency Chat: Fetching messages  
[2025-02-22 18:47:08] local.INFO: select * from `chat_messages` order by `created_at` asc  
[2025-02-22 18:47:08] local.WARNING: Emergency Chat: No messages found  
[2025-02-22 18:47:10] local.INFO: select * from `users` where `id` = ? limit 1 [1] 
[2025-02-22 18:47:10] local.INFO: Emergency Chat: Fetching messages  
[2025-02-22 18:47:10] local.INFO: select * from `chat_messages` order by `created_at` asc  
[2025-02-22 18:47:10] local.WARNING: Emergency Chat: No messages found  
[2025-02-22 18:47:12] local.INFO: select * from `users` where `id` = ? limit 1 [1] 
[2025-02-22 18:47:12] local.INFO: Emergency Chat: Fetching messages  
[2025-02-22 18:47:12] local.INFO: select * from `chat_messages` order by `created_at` asc  
[2025-02-22 18:47:12] local.WARNING: Emergency Chat: No messages found  
[2025-02-22 18:47:14] local.INFO: select * from `users` where `id` = ? limit 1 [1] 
[2025-02-22 18:47:14] local.INFO: Emergency Chat: Fetching messages  
[2025-02-22 18:47:14] local.INFO: select * from `chat_messages` order by `created_at` asc  
[2025-02-22 18:47:14] local.WARNING: Emergency Chat: No messages found  
[2025-02-22 18:47:16] local.INFO: select * from `users` where `id` = ? limit 1 [1] 
[2025-02-22 18:47:16] local.INFO: Emergency Chat: Fetching messages  
[2025-02-22 18:47:16] local.INFO: select * from `chat_messages` order by `created_at` asc  
[2025-02-22 18:47:16] local.WARNING: Emergency Chat: No messages found  
[2025-02-22 18:47:18] local.INFO: select * from `users` where `id` = ? limit 1 [1] 
[2025-02-22 18:47:18] local.INFO: Emergency Chat: Fetching messages  
[2025-02-22 18:47:18] local.INFO: select * from `chat_messages` order by `created_at` asc  
[2025-02-22 18:47:18] local.WARNING: Emergency Chat: No messages found  
[2025-02-22 18:47:20] local.INFO: select * from `users` where `id` = ? limit 1 [1] 
[2025-02-22 18:47:20] local.INFO: Emergency Chat: Fetching messages  
[2025-02-22 18:47:20] local.INFO: select * from `chat_messages` order by `created_at` asc  
[2025-02-22 18:47:20] local.WARNING: Emergency Chat: No messages found  
[2025-02-22 18:47:22] local.INFO: select * from `users` where `id` = ? limit 1 [1] 
[2025-02-22 18:47:22] local.INFO: Emergency Chat: Fetching messages  
[2025-02-22 18:47:22] local.INFO: select * from `chat_messages` order by `created_at` asc  
[2025-02-22 18:47:22] local.WARNING: Emergency Chat: No messages found  
[2025-02-22 18:47:24] local.INFO: select * from `users` where `id` = ? limit 1 [1] 
[2025-02-22 18:47:24] local.INFO: Emergency Chat: Fetching messages  
[2025-02-22 18:47:24] local.INFO: select * from `chat_messages` order by `created_at` asc  
[2025-02-22 18:47:24] local.WARNING: Emergency Chat: No messages found  
[2025-02-22 18:47:26] local.INFO: select * from `users` where `id` = ? limit 1 [1] 
[2025-02-22 18:47:26] local.INFO: Emergency Chat: Fetching messages  
[2025-02-22 18:47:26] local.INFO: select * from `chat_messages` order by `created_at` asc  
[2025-02-22 18:47:26] local.WARNING: Emergency Chat: No messages found  
[2025-02-22 18:47:28] local.INFO: select * from `users` where `id` = ? limit 1 [1] 
[2025-02-22 18:47:28] local.INFO: Emergency Chat: Fetching messages  
[2025-02-22 18:47:28] local.INFO: select * from `chat_messages` order by `created_at` asc  
[2025-02-22 18:47:28] local.WARNING: Emergency Chat: No messages found  
[2025-02-22 18:47:30] local.INFO: select * from `users` where `id` = ? limit 1 [1] 
[2025-02-22 18:47:30] local.INFO: Emergency Chat: Fetching messages  
[2025-02-22 18:47:30] local.INFO: select * from `chat_messages` order by `created_at` asc  
[2025-02-22 18:47:30] local.WARNING: Emergency Chat: No messages found  
[2025-02-22 18:47:32] local.INFO: select * from `users` where `id` = ? limit 1 [1] 
[2025-02-22 18:47:32] local.INFO: Emergency Chat: Fetching messages  
[2025-02-22 18:47:32] local.INFO: select * from `chat_messages` order by `created_at` asc  
[2025-02-22 18:47:32] local.WARNING: Emergency Chat: No messages found  
[2025-02-22 18:47:32] local.INFO: select * from `users` where `id` = ? limit 1 [1] 
[2025-02-22 18:47:32] local.INFO: Emergency Chat: Fetching messages  
[2025-02-22 18:47:32] local.INFO: select * from `chat_messages` order by `created_at` asc  
[2025-02-22 18:47:32] local.WARNING: Emergency Chat: No messages found  
[2025-02-22 18:47:34] local.INFO: select * from `users` where `id` = ? limit 1 [1] 
[2025-02-22 18:47:34] local.INFO: Emergency Chat: Fetching messages  
[2025-02-22 18:47:34] local.INFO: select * from `chat_messages` order by `created_at` asc  
[2025-02-22 18:47:34] local.WARNING: Emergency Chat: No messages found  
[2025-02-22 18:47:36] local.INFO: select * from `users` where `id` = ? limit 1 [1] 
[2025-02-22 18:47:36] local.INFO: Emergency Chat: Fetching messages  
[2025-02-22 18:47:36] local.INFO: select * from `chat_messages` order by `created_at` asc  
[2025-02-22 18:47:36] local.WARNING: Emergency Chat: No messages found  
[2025-02-22 18:47:38] local.INFO: select * from `users` where `id` = ? limit 1 [1] 
[2025-02-22 18:47:38] local.INFO: Emergency Chat: Fetching messages  
[2025-02-22 18:47:38] local.INFO: select * from `chat_messages` order by `created_at` asc  
[2025-02-22 18:47:38] local.WARNING: Emergency Chat: No messages found  
[2025-02-22 18:47:40] local.INFO: select * from `users` where `id` = ? limit 1 [1] 
[2025-02-22 18:47:40] local.INFO: Emergency Chat: Fetching messages  
[2025-02-22 18:47:40] local.INFO: select * from `chat_messages` order by `created_at` asc  
[2025-02-22 18:47:40] local.WARNING: Emergency Chat: No messages found  
[2025-02-22 18:47:42] local.INFO: select * from `users` where `id` = ? limit 1 [1] 
[2025-02-22 18:47:42] local.INFO: Emergency Chat: Fetching messages  
[2025-02-22 18:47:42] local.INFO: select * from `chat_messages` order by `created_at` asc  
[2025-02-22 18:47:42] local.WARNING: Emergency Chat: No messages found  
[2025-02-22 18:47:44] local.INFO: select * from `users` where `id` = ? limit 1 [1] 
[2025-02-22 18:47:44] local.INFO: Emergency Chat: Fetching messages  
[2025-02-22 18:47:44] local.INFO: select * from `chat_messages` order by `created_at` asc  
[2025-02-22 18:47:44] local.WARNING: Emergency Chat: No messages found  
[2025-02-22 18:47:46] local.INFO: select * from `users` where `id` = ? limit 1 [1] 
[2025-02-22 18:47:46] local.INFO: Emergency Chat: Fetching messages  
[2025-02-22 18:47:46] local.INFO: select * from `chat_messages` order by `created_at` asc  
[2025-02-22 18:47:46] local.WARNING: Emergency Chat: No messages found  
[2025-02-22 18:47:48] local.INFO: select * from `users` where `id` = ? limit 1 [1] 
[2025-02-22 18:47:48] local.INFO: Emergency Chat: Fetching messages  
[2025-02-22 18:47:48] local.INFO: select * from `chat_messages` order by `created_at` asc  
[2025-02-22 18:47:48] local.WARNING: Emergency Chat: No messages found  
[2025-02-22 18:47:50] local.INFO: select * from `users` where `id` = ? limit 1 [1] 
[2025-02-22 18:47:50] local.INFO: Emergency Chat: Fetching messages  
[2025-02-22 18:47:50] local.INFO: select * from `chat_messages` order by `created_at` asc  
[2025-02-22 18:47:50] local.WARNING: Emergency Chat: No messages found  
[2025-02-22 18:47:52] local.INFO: select * from `users` where `id` = ? limit 1 [1] 
[2025-02-22 18:47:52] local.INFO: Emergency Chat: Fetching messages  
[2025-02-22 18:47:52] local.INFO: select * from `chat_messages` order by `created_at` asc  
[2025-02-22 18:47:52] local.WARNING: Emergency Chat: No messages found  
[2025-02-22 18:47:54] local.INFO: select * from `users` where `id` = ? limit 1 [1] 
[2025-02-22 18:47:54] local.INFO: Emergency Chat: Fetching messages  
[2025-02-22 18:47:54] local.INFO: select * from `chat_messages` order by `created_at` asc  
[2025-02-22 18:47:54] local.WARNING: Emergency Chat: No messages found  
[2025-02-22 18:47:56] local.INFO: select * from `users` where `id` = ? limit 1 [1] 
[2025-02-22 18:47:56] local.INFO: Emergency Chat: Fetching messages  
[2025-02-22 18:47:56] local.INFO: select * from `chat_messages` order by `created_at` asc  
[2025-02-22 18:47:56] local.WARNING: Emergency Chat: No messages found  
[2025-02-22 18:47:58] local.INFO: select * from `users` where `id` = ? limit 1 [1] 
[2025-02-22 18:47:58] local.INFO: Emergency Chat: Fetching messages  
[2025-02-22 18:47:58] local.INFO: select * from `chat_messages` order by `created_at` asc  
[2025-02-22 18:47:58] local.WARNING: Emergency Chat: No messages found  
[2025-02-22 18:48:00] local.INFO: select * from `users` where `id` = ? limit 1 [1] 
[2025-02-22 18:48:00] local.INFO: Emergency Chat: Fetching messages  
[2025-02-22 18:48:00] local.INFO: select * from `chat_messages` order by `created_at` asc  
[2025-02-22 18:48:00] local.WARNING: Emergency Chat: No messages found  
[2025-02-22 18:48:02] local.INFO: select * from `users` where `id` = ? limit 1 [1] 
[2025-02-22 18:48:02] local.INFO: Emergency Chat: Fetching messages  
[2025-02-22 18:48:02] local.INFO: select * from `chat_messages` order by `created_at` asc  
[2025-02-22 18:48:02] local.WARNING: Emergency Chat: No messages found  
[2025-02-22 18:48:04] local.INFO: select * from `users` where `id` = ? limit 1 [1] 
[2025-02-22 18:48:04] local.INFO: Emergency Chat: Fetching messages  
[2025-02-22 18:48:04] local.INFO: select * from `chat_messages` order by `created_at` asc  
[2025-02-22 18:48:04] local.WARNING: Emergency Chat: No messages found  
[2025-02-22 18:48:06] local.INFO: select * from `users` where `id` = ? limit 1 [1] 
[2025-02-22 18:48:06] local.INFO: Emergency Chat: Fetching messages  
[2025-02-22 18:48:06] local.INFO: select * from `chat_messages` order by `created_at` asc  
[2025-02-22 18:48:06] local.WARNING: Emergency Chat: No messages found  
[2025-02-22 18:48:08] local.INFO: select * from `users` where `id` = ? limit 1 [1] 
[2025-02-22 18:48:08] local.INFO: Emergency Chat: Fetching messages  
[2025-02-22 18:48:08] local.INFO: select * from `chat_messages` order by `created_at` asc  
[2025-02-22 18:48:08] local.WARNING: Emergency Chat: No messages found  
[2025-02-22 18:48:10] local.INFO: select * from `users` where `id` = ? limit 1 [1] 
[2025-02-22 18:48:10] local.INFO: Emergency Chat: Fetching messages  
[2025-02-22 18:48:10] local.INFO: select * from `chat_messages` order by `created_at` asc  
[2025-02-22 18:48:10] local.WARNING: Emergency Chat: No messages found  
[2025-02-22 18:48:12] local.INFO: select * from `users` where `id` = ? limit 1 [1] 
[2025-02-22 18:48:12] local.INFO: Emergency Chat: Fetching messages  
[2025-02-22 18:48:12] local.INFO: select * from `chat_messages` order by `created_at` asc  
[2025-02-22 18:48:12] local.WARNING: Emergency Chat: No messages found  
[2025-02-22 18:48:14] local.INFO: select * from `users` where `id` = ? limit 1 [1] 
[2025-02-22 18:48:14] local.INFO: Emergency Chat: Fetching messages  
[2025-02-22 18:48:14] local.INFO: select * from `chat_messages` order by `created_at` asc  
[2025-02-22 18:48:14] local.WARNING: Emergency Chat: No messages found  
[2025-02-22 18:48:16] local.INFO: select * from `users` where `id` = ? limit 1 [1] 
[2025-02-22 18:48:16] local.INFO: Emergency Chat: Fetching messages  
[2025-02-22 18:48:16] local.INFO: select * from `chat_messages` order by `created_at` asc  
[2025-02-22 18:48:16] local.WARNING: Emergency Chat: No messages found  
[2025-02-22 18:48:18] local.INFO: select * from `users` where `id` = ? limit 1 [1] 
[2025-02-22 18:48:18] local.INFO: Emergency Chat: Fetching messages  
[2025-02-22 18:48:18] local.INFO: select * from `chat_messages` order by `created_at` asc  
[2025-02-22 18:48:18] local.WARNING: Emergency Chat: No messages found  
[2025-02-22 18:48:20] local.INFO: select * from `users` where `id` = ? limit 1 [1] 
[2025-02-22 18:48:20] local.INFO: Emergency Chat: Fetching messages  
[2025-02-22 18:48:20] local.INFO: select * from `chat_messages` order by `created_at` asc  
[2025-02-22 18:48:20] local.WARNING: Emergency Chat: No messages found  
[2025-02-22 18:48:22] local.INFO: select * from `users` where `id` = ? limit 1 [1] 
[2025-02-22 18:48:22] local.INFO: Emergency Chat: Fetching messages  
[2025-02-22 18:48:22] local.INFO: select * from `chat_messages` order by `created_at` asc  
[2025-02-22 18:48:22] local.WARNING: Emergency Chat: No messages found  
[2025-02-22 18:48:24] local.INFO: select * from `users` where `id` = ? limit 1 [1] 
[2025-02-22 18:48:24] local.INFO: Emergency Chat: Fetching messages  
[2025-02-22 18:48:24] local.INFO: select * from `chat_messages` order by `created_at` asc  
[2025-02-22 18:48:24] local.WARNING: Emergency Chat: No messages found  
[2025-02-22 18:48:26] local.INFO: select * from `users` where `id` = ? limit 1 [1] 
[2025-02-22 18:48:26] local.INFO: Emergency Chat: Fetching messages  
[2025-02-22 18:48:26] local.INFO: select * from `chat_messages` order by `created_at` asc  
[2025-02-22 18:48:26] local.WARNING: Emergency Chat: No messages found  
[2025-02-22 18:48:28] local.INFO: select * from `users` where `id` = ? limit 1 [1] 
[2025-02-22 18:48:28] local.INFO: Emergency Chat: Fetching messages  
[2025-02-22 18:48:28] local.INFO: select * from `chat_messages` order by `created_at` asc  
[2025-02-22 18:48:28] local.WARNING: Emergency Chat: No messages found  
[2025-02-22 18:48:30] local.INFO: select * from `users` where `id` = ? limit 1 [1] 
[2025-02-22 18:48:30] local.INFO: Emergency Chat: Fetching messages  
[2025-02-22 18:48:30] local.INFO: select * from `chat_messages` order by `created_at` asc  
[2025-02-22 18:48:30] local.WARNING: Emergency Chat: No messages found  
[2025-02-22 18:48:32] local.INFO: select * from `users` where `id` = ? limit 1 [1] 
[2025-02-22 18:48:32] local.INFO: Emergency Chat: Fetching messages  
[2025-02-22 18:48:32] local.INFO: select * from `chat_messages` order by `created_at` asc  
[2025-02-22 18:48:32] local.WARNING: Emergency Chat: No messages found  
[2025-02-22 18:48:32] local.INFO: select * from `users` where `id` = ? limit 1 [1] 
[2025-02-22 18:48:32] local.INFO: Emergency Chat: Fetching messages  
[2025-02-22 18:48:32] local.INFO: select * from `chat_messages` order by `created_at` asc  
[2025-02-22 18:48:32] local.WARNING: Emergency Chat: No messages found  
[2025-02-22 18:48:34] local.INFO: select * from `users` where `id` = ? limit 1 [1] 
[2025-02-22 18:48:34] local.INFO: Emergency Chat: Fetching messages  
[2025-02-22 18:48:34] local.INFO: select * from `chat_messages` order by `created_at` asc  
[2025-02-22 18:48:34] local.WARNING: Emergency Chat: No messages found  
[2025-02-22 18:48:36] local.INFO: select * from `users` where `id` = ? limit 1 [1] 
[2025-02-22 18:48:36] local.INFO: Emergency Chat: Fetching messages  
[2025-02-22 18:48:36] local.INFO: select * from `chat_messages` order by `created_at` asc  
[2025-02-22 18:48:36] local.WARNING: Emergency Chat: No messages found  
[2025-02-22 18:48:38] local.INFO: select * from `users` where `id` = ? limit 1 [1] 
[2025-02-22 18:48:38] local.INFO: Emergency Chat: Fetching messages  
[2025-02-22 18:48:38] local.INFO: select * from `chat_messages` order by `created_at` asc  
[2025-02-22 18:48:38] local.WARNING: Emergency Chat: No messages found  
[2025-02-22 18:48:40] local.INFO: select * from `users` where `id` = ? limit 1 [1] 
[2025-02-22 18:48:40] local.INFO: Emergency Chat: Fetching messages  
[2025-02-22 18:48:40] local.INFO: select * from `chat_messages` order by `created_at` asc  
[2025-02-22 18:48:40] local.WARNING: Emergency Chat: No messages found  
[2025-02-22 18:48:42] local.INFO: select * from `users` where `id` = ? limit 1 [1] 
[2025-02-22 18:48:42] local.INFO: Emergency Chat: Fetching messages  
[2025-02-22 18:48:42] local.INFO: select * from `chat_messages` order by `created_at` asc  
[2025-02-22 18:48:42] local.WARNING: Emergency Chat: No messages found  
[2025-02-22 18:48:44] local.INFO: select * from `users` where `id` = ? limit 1 [1] 
[2025-02-22 18:48:44] local.INFO: Emergency Chat: Fetching messages  
[2025-02-22 18:48:44] local.INFO: select * from `chat_messages` order by `created_at` asc  
[2025-02-22 18:48:44] local.WARNING: Emergency Chat: No messages found  
[2025-02-22 18:48:46] local.INFO: select * from `users` where `id` = ? limit 1 [1] 
[2025-02-22 18:48:46] local.INFO: Emergency Chat: Fetching messages  
[2025-02-22 18:48:46] local.INFO: select * from `chat_messages` order by `created_at` asc  
[2025-02-22 18:48:46] local.WARNING: Emergency Chat: No messages found  
[2025-02-22 18:48:48] local.INFO: select * from `users` where `id` = ? limit 1 [1] 
[2025-02-22 18:48:48] local.INFO: Emergency Chat: Fetching messages  
[2025-02-22 18:48:48] local.INFO: select * from `chat_messages` order by `created_at` asc  
[2025-02-22 18:48:48] local.WARNING: Emergency Chat: No messages found  
[2025-02-22 18:48:50] local.INFO: select * from `users` where `id` = ? limit 1 [1] 
[2025-02-22 18:48:50] local.INFO: Emergency Chat: Fetching messages  
[2025-02-22 18:48:50] local.INFO: select * from `chat_messages` order by `created_at` asc  
[2025-02-22 18:48:50] local.WARNING: Emergency Chat: No messages found  
[2025-02-22 18:48:52] local.INFO: select * from `users` where `id` = ? limit 1 [1] 
[2025-02-22 18:48:52] local.INFO: Emergency Chat: Fetching messages  
[2025-02-22 18:48:52] local.INFO: select * from `chat_messages` order by `created_at` asc  
[2025-02-22 18:48:52] local.WARNING: Emergency Chat: No messages found  
[2025-02-22 18:48:54] local.INFO: select * from `users` where `id` = ? limit 1 [1] 
[2025-02-22 18:48:54] local.INFO: Emergency Chat: Fetching messages  
[2025-02-22 18:48:54] local.INFO: select * from `chat_messages` order by `created_at` asc  
[2025-02-22 18:48:54] local.WARNING: Emergency Chat: No messages found  
[2025-02-22 18:48:56] local.INFO: select * from `users` where `id` = ? limit 1 [1] 
[2025-02-22 18:48:56] local.INFO: Emergency Chat: Fetching messages  
[2025-02-22 18:48:56] local.INFO: select * from `chat_messages` order by `created_at` asc  
[2025-02-22 18:48:56] local.WARNING: Emergency Chat: No messages found  
[2025-02-22 18:48:58] local.INFO: select * from `users` where `id` = ? limit 1 [1] 
[2025-02-22 18:48:58] local.INFO: Emergency Chat: Fetching messages  
[2025-02-22 18:48:58] local.INFO: select * from `chat_messages` order by `created_at` asc  
[2025-02-22 18:48:58] local.WARNING: Emergency Chat: No messages found  
[2025-02-22 18:49:00] local.INFO: select * from `users` where `id` = ? limit 1 [1] 
[2025-02-22 18:49:00] local.INFO: Emergency Chat: Fetching messages  
[2025-02-22 18:49:00] local.INFO: select * from `chat_messages` order by `created_at` asc  
[2025-02-22 18:49:00] local.WARNING: Emergency Chat: No messages found  
[2025-02-22 18:49:02] local.INFO: select * from `users` where `id` = ? limit 1 [1] 
[2025-02-22 18:49:02] local.INFO: Emergency Chat: Fetching messages  
[2025-02-22 18:49:02] local.INFO: select * from `chat_messages` order by `created_at` asc  
[2025-02-22 18:49:02] local.WARNING: Emergency Chat: No messages found  
[2025-02-22 18:49:04] local.INFO: select * from `users` where `id` = ? limit 1 [1] 
[2025-02-22 18:49:04] local.INFO: Emergency Chat: Fetching messages  
[2025-02-22 18:49:04] local.INFO: select * from `chat_messages` order by `created_at` asc  
[2025-02-22 18:49:04] local.WARNING: Emergency Chat: No messages found  
[2025-02-22 18:49:06] local.INFO: select * from `users` where `id` = ? limit 1 [1] 
[2025-02-22 18:49:06] local.INFO: Emergency Chat: Fetching messages  
[2025-02-22 18:49:06] local.INFO: select * from `chat_messages` order by `created_at` asc  
[2025-02-22 18:49:06] local.WARNING: Emergency Chat: No messages found  
[2025-02-22 18:49:08] local.INFO: select * from `users` where `id` = ? limit 1 [1] 
[2025-02-22 18:49:08] local.INFO: Emergency Chat: Fetching messages  
[2025-02-22 18:49:08] local.INFO: select * from `chat_messages` order by `created_at` asc  
[2025-02-22 18:49:08] local.WARNING: Emergency Chat: No messages found  
[2025-02-22 18:49:10] local.INFO: select * from `users` where `id` = ? limit 1 [1] 
[2025-02-22 18:49:10] local.INFO: Emergency Chat: Fetching messages  
[2025-02-22 18:49:10] local.INFO: select * from `chat_messages` order by `created_at` asc  
[2025-02-22 18:49:10] local.WARNING: Emergency Chat: No messages found  
[2025-02-22 18:49:12] local.INFO: select * from `users` where `id` = ? limit 1 [1] 
[2025-02-22 18:49:12] local.INFO: Emergency Chat: Fetching messages  
[2025-02-22 18:49:12] local.INFO: select * from `chat_messages` order by `created_at` asc  
[2025-02-22 18:49:12] local.WARNING: Emergency Chat: No messages found  
[2025-02-22 18:49:14] local.INFO: select * from `users` where `id` = ? limit 1 [1] 
[2025-02-22 18:49:14] local.INFO: Emergency Chat: Fetching messages  
[2025-02-22 18:49:14] local.INFO: select * from `chat_messages` order by `created_at` asc  
[2025-02-22 18:49:14] local.WARNING: Emergency Chat: No messages found  
[2025-02-22 18:49:16] local.INFO: select * from `users` where `id` = ? limit 1 [1] 
[2025-02-22 18:49:16] local.INFO: Emergency Chat: Fetching messages  
[2025-02-22 18:49:16] local.INFO: select * from `chat_messages` order by `created_at` asc  
[2025-02-22 18:49:16] local.WARNING: Emergency Chat: No messages found  
[2025-02-22 18:49:18] local.INFO: select * from `users` where `id` = ? limit 1 [1] 
[2025-02-22 18:49:18] local.INFO: Emergency Chat: Fetching messages  
[2025-02-22 18:49:18] local.INFO: select * from `chat_messages` order by `created_at` asc  
[2025-02-22 18:49:18] local.WARNING: Emergency Chat: No messages found  
[2025-02-22 18:49:20] local.INFO: select * from `users` where `id` = ? limit 1 [1] 
[2025-02-22 18:49:20] local.INFO: Emergency Chat: Fetching messages  
[2025-02-22 18:49:20] local.INFO: select * from `chat_messages` order by `created_at` asc  
[2025-02-22 18:49:20] local.WARNING: Emergency Chat: No messages found  
[2025-02-22 18:49:22] local.INFO: select * from `users` where `id` = ? limit 1 [1] 
[2025-02-22 18:49:22] local.INFO: Emergency Chat: Fetching messages  
[2025-02-22 18:49:22] local.INFO: select * from `chat_messages` order by `created_at` asc  
[2025-02-22 18:49:22] local.WARNING: Emergency Chat: No messages found  
[2025-02-22 18:49:24] local.INFO: select * from `users` where `id` = ? limit 1 [1] 
[2025-02-22 18:49:24] local.INFO: Emergency Chat: Fetching messages  
[2025-02-22 18:49:24] local.INFO: select * from `chat_messages` order by `created_at` asc  
[2025-02-22 18:49:24] local.WARNING: Emergency Chat: No messages found  
[2025-02-22 18:49:26] local.INFO: select * from `users` where `id` = ? limit 1 [1] 
[2025-02-22 18:49:26] local.INFO: Emergency Chat: Fetching messages  
[2025-02-22 18:49:26] local.INFO: select * from `chat_messages` order by `created_at` asc  
[2025-02-22 18:49:26] local.WARNING: Emergency Chat: No messages found  
[2025-02-22 18:49:28] local.INFO: select * from `users` where `id` = ? limit 1 [1] 
[2025-02-22 18:49:28] local.INFO: Emergency Chat: Fetching messages  
[2025-02-22 18:49:28] local.INFO: select * from `chat_messages` order by `created_at` asc  
[2025-02-22 18:49:28] local.WARNING: Emergency Chat: No messages found  
[2025-02-22 18:49:30] local.INFO: select * from `users` where `id` = ? limit 1 [1] 
[2025-02-22 18:49:30] local.INFO: Emergency Chat: Fetching messages  
[2025-02-22 18:49:30] local.INFO: select * from `chat_messages` order by `created_at` asc  
[2025-02-22 18:49:30] local.WARNING: Emergency Chat: No messages found  
[2025-02-22 18:49:32] local.INFO: select * from `users` where `id` = ? limit 1 [1] 
[2025-02-22 18:49:32] local.INFO: Emergency Chat: Fetching messages  
[2025-02-22 18:49:32] local.INFO: select * from `chat_messages` order by `created_at` asc  
[2025-02-22 18:49:32] local.WARNING: Emergency Chat: No messages found  
[2025-02-22 18:49:32] local.INFO: select * from `users` where `id` = ? limit 1 [1] 
[2025-02-22 18:49:32] local.INFO: Emergency Chat: Fetching messages  
[2025-02-22 18:49:32] local.INFO: select * from `chat_messages` order by `created_at` asc  
[2025-02-22 18:49:32] local.WARNING: Emergency Chat: No messages found  
[2025-02-22 18:49:34] local.INFO: select * from `users` where `id` = ? limit 1 [1] 
[2025-02-22 18:49:34] local.INFO: Emergency Chat: Fetching messages  
[2025-02-22 18:49:34] local.INFO: select * from `chat_messages` order by `created_at` asc  
[2025-02-22 18:49:34] local.WARNING: Emergency Chat: No messages found  
[2025-02-22 18:49:36] local.INFO: select * from `users` where `id` = ? limit 1 [1] 
[2025-02-22 18:49:36] local.INFO: Emergency Chat: Fetching messages  
[2025-02-22 18:49:36] local.INFO: select * from `chat_messages` order by `created_at` asc  
[2025-02-22 18:49:36] local.WARNING: Emergency Chat: No messages found  
[2025-02-22 18:49:38] local.INFO: select * from `users` where `id` = ? limit 1 [1] 
[2025-02-22 18:49:38] local.INFO: Emergency Chat: Fetching messages  
[2025-02-22 18:49:38] local.INFO: select * from `chat_messages` order by `created_at` asc  
[2025-02-22 18:49:38] local.WARNING: Emergency Chat: No messages found  
[2025-02-22 18:49:40] local.INFO: select * from `users` where `id` = ? limit 1 [1] 
[2025-02-22 18:49:40] local.INFO: Emergency Chat: Fetching messages  
[2025-02-22 18:49:40] local.INFO: select * from `chat_messages` order by `created_at` asc  
[2025-02-22 18:49:40] local.WARNING: Emergency Chat: No messages found  
[2025-02-22 18:49:42] local.INFO: select * from `users` where `id` = ? limit 1 [1] 
[2025-02-22 18:49:42] local.INFO: Emergency Chat: Fetching messages  
[2025-02-22 18:49:42] local.INFO: select * from `chat_messages` order by `created_at` asc  
[2025-02-22 18:49:42] local.WARNING: Emergency Chat: No messages found  
[2025-02-22 18:49:44] local.INFO: select * from `users` where `id` = ? limit 1 [1] 
[2025-02-22 18:49:44] local.INFO: Emergency Chat: Fetching messages  
[2025-02-22 18:49:44] local.INFO: select * from `chat_messages` order by `created_at` asc  
[2025-02-22 18:49:44] local.WARNING: Emergency Chat: No messages found  
[2025-02-22 18:49:46] local.INFO: select * from `users` where `id` = ? limit 1 [1] 
[2025-02-22 18:49:46] local.INFO: Emergency Chat: Fetching messages  
[2025-02-22 18:49:46] local.INFO: select * from `chat_messages` order by `created_at` asc  
[2025-02-22 18:49:46] local.WARNING: Emergency Chat: No messages found  
[2025-02-22 18:49:48] local.INFO: select * from `users` where `id` = ? limit 1 [1] 
[2025-02-22 18:49:48] local.INFO: Emergency Chat: Fetching messages  
[2025-02-22 18:49:48] local.INFO: select * from `chat_messages` order by `created_at` asc  
[2025-02-22 18:49:48] local.WARNING: Emergency Chat: No messages found  
[2025-02-22 18:49:50] local.INFO: select * from `users` where `id` = ? limit 1 [1] 
[2025-02-22 18:49:50] local.INFO: Emergency Chat: Fetching messages  
[2025-02-22 18:49:50] local.INFO: select * from `chat_messages` order by `created_at` asc  
[2025-02-22 18:49:50] local.WARNING: Emergency Chat: No messages found  
[2025-02-22 18:49:52] local.INFO: select * from `users` where `id` = ? limit 1 [1] 
[2025-02-22 18:49:52] local.INFO: Emergency Chat: Fetching messages  
[2025-02-22 18:49:52] local.INFO: select * from `chat_messages` order by `created_at` asc  
[2025-02-22 18:49:52] local.WARNING: Emergency Chat: No messages found  
[2025-02-22 18:49:54] local.INFO: select * from `users` where `id` = ? limit 1 [1] 
[2025-02-22 18:49:54] local.INFO: Emergency Chat: Fetching messages  
[2025-02-22 18:49:54] local.INFO: select * from `chat_messages` order by `created_at` asc  
[2025-02-22 18:49:54] local.WARNING: Emergency Chat: No messages found  
[2025-02-22 18:49:56] local.INFO: select * from `users` where `id` = ? limit 1 [1] 
[2025-02-22 18:49:56] local.INFO: Emergency Chat: Fetching messages  
[2025-02-22 18:49:56] local.INFO: select * from `chat_messages` order by `created_at` asc  
[2025-02-22 18:49:56] local.WARNING: Emergency Chat: No messages found  
[2025-02-22 18:49:58] local.INFO: select * from `users` where `id` = ? limit 1 [1] 
[2025-02-22 18:49:58] local.INFO: Emergency Chat: Fetching messages  
[2025-02-22 18:49:58] local.INFO: select * from `chat_messages` order by `created_at` asc  
[2025-02-22 18:49:58] local.WARNING: Emergency Chat: No messages found  
[2025-02-22 18:50:00] local.INFO: select * from `users` where `id` = ? limit 1 [1] 
[2025-02-22 18:50:00] local.INFO: Emergency Chat: Fetching messages  
[2025-02-22 18:50:00] local.INFO: select * from `chat_messages` order by `created_at` asc  
[2025-02-22 18:50:00] local.WARNING: Emergency Chat: No messages found  
[2025-02-22 18:50:02] local.INFO: select * from `users` where `id` = ? limit 1 [1] 
[2025-02-22 18:50:02] local.INFO: Emergency Chat: Fetching messages  
[2025-02-22 18:50:02] local.INFO: select * from `chat_messages` order by `created_at` asc  
[2025-02-22 18:50:02] local.WARNING: Emergency Chat: No messages found  
[2025-02-22 18:50:04] local.INFO: select * from `users` where `id` = ? limit 1 [1] 
[2025-02-22 18:50:04] local.INFO: Emergency Chat: Fetching messages  
[2025-02-22 18:50:04] local.INFO: select * from `chat_messages` order by `created_at` asc  
[2025-02-22 18:50:04] local.WARNING: Emergency Chat: No messages found  
[2025-02-22 18:50:06] local.INFO: select * from `users` where `id` = ? limit 1 [1] 
[2025-02-22 18:50:06] local.INFO: Emergency Chat: Fetching messages  
[2025-02-22 18:50:06] local.INFO: select * from `chat_messages` order by `created_at` asc  
[2025-02-22 18:50:06] local.WARNING: Emergency Chat: No messages found  
[2025-02-22 18:50:08] local.INFO: select * from `users` where `id` = ? limit 1 [1] 
[2025-02-22 18:50:08] local.INFO: Emergency Chat: Fetching messages  
[2025-02-22 18:50:08] local.INFO: select * from `chat_messages` order by `created_at` asc  
[2025-02-22 18:50:08] local.WARNING: Emergency Chat: No messages found  
[2025-02-22 18:50:10] local.INFO: select * from `users` where `id` = ? limit 1 [1] 
[2025-02-22 18:50:10] local.INFO: Emergency Chat: Fetching messages  
[2025-02-22 18:50:10] local.INFO: select * from `chat_messages` order by `created_at` asc  
[2025-02-22 18:50:10] local.WARNING: Emergency Chat: No messages found  
[2025-02-22 18:50:12] local.INFO: select * from `users` where `id` = ? limit 1 [1] 
[2025-02-22 18:50:12] local.INFO: Emergency Chat: Fetching messages  
[2025-02-22 18:50:12] local.INFO: select * from `chat_messages` order by `created_at` asc  
[2025-02-22 18:50:12] local.WARNING: Emergency Chat: No messages found  
[2025-02-22 18:50:14] local.INFO: select * from `users` where `id` = ? limit 1 [1] 
[2025-02-22 18:50:14] local.INFO: Emergency Chat: Fetching messages  
[2025-02-22 18:50:14] local.INFO: select * from `chat_messages` order by `created_at` asc  
[2025-02-22 18:50:14] local.WARNING: Emergency Chat: No messages found  
[2025-02-22 18:50:16] local.INFO: select * from `users` where `id` = ? limit 1 [1] 
[2025-02-22 18:50:16] local.INFO: Emergency Chat: Fetching messages  
[2025-02-22 18:50:16] local.INFO: select * from `chat_messages` order by `created_at` asc  
[2025-02-22 18:50:16] local.WARNING: Emergency Chat: No messages found  
[2025-02-22 18:50:18] local.INFO: select * from `users` where `id` = ? limit 1 [1] 
[2025-02-22 18:50:18] local.INFO: Emergency Chat: Fetching messages  
[2025-02-22 18:50:18] local.INFO: select * from `chat_messages` order by `created_at` asc  
[2025-02-22 18:50:18] local.WARNING: Emergency Chat: No messages found  
[2025-02-22 18:50:20] local.INFO: select * from `users` where `id` = ? limit 1 [1] 
[2025-02-22 18:50:20] local.INFO: Emergency Chat: Fetching messages  
[2025-02-22 18:50:20] local.INFO: select * from `chat_messages` order by `created_at` asc  
[2025-02-22 18:50:20] local.WARNING: Emergency Chat: No messages found  
[2025-02-22 18:50:22] local.INFO: select * from `users` where `id` = ? limit 1 [1] 
[2025-02-22 18:50:22] local.INFO: Emergency Chat: Fetching messages  
[2025-02-22 18:50:22] local.INFO: select * from `chat_messages` order by `created_at` asc  
[2025-02-22 18:50:22] local.WARNING: Emergency Chat: No messages found  
[2025-02-22 18:50:24] local.INFO: select * from `users` where `id` = ? limit 1 [1] 
[2025-02-22 18:50:24] local.INFO: Emergency Chat: Fetching messages  
[2025-02-22 18:50:24] local.INFO: select * from `chat_messages` order by `created_at` asc  
[2025-02-22 18:50:24] local.WARNING: Emergency Chat: No messages found  
[2025-02-22 18:50:26] local.INFO: select * from `users` where `id` = ? limit 1 [1] 
[2025-02-22 18:50:26] local.INFO: Emergency Chat: Fetching messages  
[2025-02-22 18:50:26] local.INFO: select * from `chat_messages` order by `created_at` asc  
[2025-02-22 18:50:26] local.WARNING: Emergency Chat: No messages found  
[2025-02-22 18:50:28] local.INFO: select * from `users` where `id` = ? limit 1 [1] 
[2025-02-22 18:50:28] local.INFO: Emergency Chat: Fetching messages  
[2025-02-22 18:50:28] local.INFO: select * from `chat_messages` order by `created_at` asc  
[2025-02-22 18:50:28] local.WARNING: Emergency Chat: No messages found  
[2025-02-22 18:50:30] local.INFO: select * from `users` where `id` = ? limit 1 [1] 
[2025-02-22 18:50:30] local.INFO: Emergency Chat: Fetching messages  
[2025-02-22 18:50:30] local.INFO: select * from `chat_messages` order by `created_at` asc  
[2025-02-22 18:50:30] local.WARNING: Emergency Chat: No messages found  
[2025-02-22 18:50:32] local.INFO: select * from `users` where `id` = ? limit 1 [1] 
[2025-02-22 18:50:32] local.INFO: Emergency Chat: Fetching messages  
[2025-02-22 18:50:32] local.INFO: select * from `chat_messages` order by `created_at` asc  
[2025-02-22 18:50:32] local.WARNING: Emergency Chat: No messages found  
[2025-02-22 18:50:32] local.INFO: select * from `users` where `id` = ? limit 1 [1] 
[2025-02-22 18:50:32] local.INFO: Emergency Chat: Fetching messages  
[2025-02-22 18:50:32] local.INFO: select * from `chat_messages` order by `created_at` asc  
[2025-02-22 18:50:32] local.WARNING: Emergency Chat: No messages found  
[2025-02-22 18:50:34] local.INFO: select * from `users` where `id` = ? limit 1 [1] 
[2025-02-22 18:50:34] local.INFO: Emergency Chat: Fetching messages  
[2025-02-22 18:50:34] local.INFO: select * from `chat_messages` order by `created_at` asc  
[2025-02-22 18:50:34] local.WARNING: Emergency Chat: No messages found  
[2025-02-22 18:50:36] local.INFO: select * from `users` where `id` = ? limit 1 [1] 
[2025-02-22 18:50:36] local.INFO: Emergency Chat: Fetching messages  
[2025-02-22 18:50:36] local.INFO: select * from `chat_messages` order by `created_at` asc  
[2025-02-22 18:50:36] local.WARNING: Emergency Chat: No messages found  
[2025-02-22 18:50:38] local.INFO: select * from `users` where `id` = ? limit 1 [1] 
[2025-02-22 18:50:38] local.INFO: Emergency Chat: Fetching messages  
[2025-02-22 18:50:38] local.INFO: select * from `chat_messages` order by `created_at` asc  
[2025-02-22 18:50:38] local.WARNING: Emergency Chat: No messages found  
[2025-02-22 18:50:40] local.INFO: select * from `users` where `id` = ? limit 1 [1] 
[2025-02-22 18:50:40] local.INFO: Emergency Chat: Fetching messages  
[2025-02-22 18:50:40] local.INFO: select * from `chat_messages` order by `created_at` asc  
[2025-02-22 18:50:40] local.WARNING: Emergency Chat: No messages found  
[2025-02-22 18:50:42] local.INFO: select * from `users` where `id` = ? limit 1 [1] 
[2025-02-22 18:50:42] local.INFO: Emergency Chat: Fetching messages  
[2025-02-22 18:50:42] local.INFO: select * from `chat_messages` order by `created_at` asc  
[2025-02-22 18:50:42] local.WARNING: Emergency Chat: No messages found  
[2025-02-22 18:50:44] local.INFO: select * from `users` where `id` = ? limit 1 [1] 
[2025-02-22 18:50:44] local.INFO: Emergency Chat: Fetching messages  
[2025-02-22 18:50:44] local.INFO: select * from `chat_messages` order by `created_at` asc  
[2025-02-22 18:50:44] local.WARNING: Emergency Chat: No messages found  
[2025-02-22 18:50:46] local.INFO: select * from `users` where `id` = ? limit 1 [1] 
[2025-02-22 18:50:46] local.INFO: Emergency Chat: Fetching messages  
[2025-02-22 18:50:46] local.INFO: select * from `chat_messages` order by `created_at` asc  
[2025-02-22 18:50:46] local.WARNING: Emergency Chat: No messages found  
[2025-02-22 18:50:48] local.INFO: select * from `users` where `id` = ? limit 1 [1] 
[2025-02-22 18:50:48] local.INFO: Emergency Chat: Fetching messages  
[2025-02-22 18:50:48] local.INFO: select * from `chat_messages` order by `created_at` asc  
[2025-02-22 18:50:48] local.WARNING: Emergency Chat: No messages found  
[2025-02-22 18:50:50] local.INFO: select * from `users` where `id` = ? limit 1 [1] 
[2025-02-22 18:50:50] local.INFO: Emergency Chat: Fetching messages  
[2025-02-22 18:50:50] local.INFO: select * from `chat_messages` order by `created_at` asc  
[2025-02-22 18:50:50] local.WARNING: Emergency Chat: No messages found  
[2025-02-22 18:50:52] local.INFO: select * from `users` where `id` = ? limit 1 [1] 
[2025-02-22 18:50:52] local.INFO: Emergency Chat: Fetching messages  
[2025-02-22 18:50:52] local.INFO: select * from `chat_messages` order by `created_at` asc  
[2025-02-22 18:50:52] local.WARNING: Emergency Chat: No messages found  
[2025-02-22 18:50:54] local.INFO: select * from `users` where `id` = ? limit 1 [1] 
[2025-02-22 18:50:54] local.INFO: Emergency Chat: Fetching messages  
[2025-02-22 18:50:54] local.INFO: select * from `chat_messages` order by `created_at` asc  
[2025-02-22 18:50:54] local.WARNING: Emergency Chat: No messages found  
[2025-02-22 18:50:56] local.INFO: select * from `users` where `id` = ? limit 1 [1] 
[2025-02-22 18:50:56] local.INFO: Emergency Chat: Fetching messages  
[2025-02-22 18:50:56] local.INFO: select * from `chat_messages` order by `created_at` asc  
[2025-02-22 18:50:56] local.WARNING: Emergency Chat: No messages found  
[2025-02-22 18:50:58] local.INFO: select * from `users` where `id` = ? limit 1 [1] 
[2025-02-22 18:50:58] local.INFO: Emergency Chat: Fetching messages  
[2025-02-22 18:50:58] local.INFO: select * from `chat_messages` order by `created_at` asc  
[2025-02-22 18:50:58] local.WARNING: Emergency Chat: No messages found  
[2025-02-22 18:51:00] local.INFO: select * from `users` where `id` = ? limit 1 [1] 
[2025-02-22 18:51:00] local.INFO: Emergency Chat: Fetching messages  
[2025-02-22 18:51:00] local.INFO: select * from `chat_messages` order by `created_at` asc  
[2025-02-22 18:51:00] local.WARNING: Emergency Chat: No messages found  
[2025-02-22 18:51:02] local.INFO: select * from `users` where `id` = ? limit 1 [1] 
[2025-02-22 18:51:02] local.INFO: Emergency Chat: Fetching messages  
[2025-02-22 18:51:02] local.INFO: select * from `chat_messages` order by `created_at` asc  
[2025-02-22 18:51:02] local.WARNING: Emergency Chat: No messages found  
[2025-02-22 18:51:04] local.INFO: select * from `users` where `id` = ? limit 1 [1] 
[2025-02-22 18:51:04] local.INFO: Emergency Chat: Fetching messages  
[2025-02-22 18:51:04] local.INFO: select * from `chat_messages` order by `created_at` asc  
[2025-02-22 18:51:04] local.WARNING: Emergency Chat: No messages found  
[2025-02-22 18:51:06] local.INFO: select * from `users` where `id` = ? limit 1 [1] 
[2025-02-22 18:51:06] local.INFO: Emergency Chat: Fetching messages  
[2025-02-22 18:51:06] local.INFO: select * from `chat_messages` order by `created_at` asc  
[2025-02-22 18:51:06] local.WARNING: Emergency Chat: No messages found  
[2025-02-22 18:51:08] local.INFO: select * from `users` where `id` = ? limit 1 [1] 
[2025-02-22 18:51:08] local.INFO: Emergency Chat: Fetching messages  
[2025-02-22 18:51:08] local.INFO: select * from `chat_messages` order by `created_at` asc  
[2025-02-22 18:51:08] local.WARNING: Emergency Chat: No messages found  
[2025-02-22 18:51:10] local.INFO: select * from `users` where `id` = ? limit 1 [1] 
[2025-02-22 18:51:10] local.INFO: Emergency Chat: Fetching messages  
[2025-02-22 18:51:10] local.INFO: select * from `chat_messages` order by `created_at` asc  
[2025-02-22 18:51:10] local.WARNING: Emergency Chat: No messages found  
[2025-02-22 18:51:12] local.INFO: select * from `users` where `id` = ? limit 1 [1] 
[2025-02-22 18:51:12] local.INFO: Emergency Chat: Fetching messages  
[2025-02-22 18:51:12] local.INFO: select * from `chat_messages` order by `created_at` asc  
[2025-02-22 18:51:12] local.WARNING: Emergency Chat: No messages found  
[2025-02-22 18:51:14] local.INFO: select * from `users` where `id` = ? limit 1 [1] 
[2025-02-22 18:51:14] local.INFO: Emergency Chat: Fetching messages  
[2025-02-22 18:51:14] local.INFO: select * from `chat_messages` order by `created_at` asc  
[2025-02-22 18:51:14] local.WARNING: Emergency Chat: No messages found  
[2025-02-22 18:51:16] local.INFO: select * from `users` where `id` = ? limit 1 [1] 
[2025-02-22 18:51:16] local.INFO: Emergency Chat: Fetching messages  
[2025-02-22 18:51:16] local.INFO: select * from `chat_messages` order by `created_at` asc  
[2025-02-22 18:51:16] local.WARNING: Emergency Chat: No messages found  
[2025-02-22 18:51:18] local.INFO: select * from `users` where `id` = ? limit 1 [1] 
[2025-02-22 18:51:18] local.INFO: Emergency Chat: Fetching messages  
[2025-02-22 18:51:18] local.INFO: select * from `chat_messages` order by `created_at` asc  
[2025-02-22 18:51:18] local.WARNING: Emergency Chat: No messages found  
[2025-02-22 18:51:20] local.INFO: select * from `users` where `id` = ? limit 1 [1] 
[2025-02-22 18:51:20] local.INFO: Emergency Chat: Fetching messages  
[2025-02-22 18:51:20] local.INFO: select * from `chat_messages` order by `created_at` asc  
[2025-02-22 18:51:20] local.WARNING: Emergency Chat: No messages found  
[2025-02-22 18:51:22] local.INFO: select * from `users` where `id` = ? limit 1 [1] 
[2025-02-22 18:51:22] local.INFO: Emergency Chat: Fetching messages  
[2025-02-22 18:51:22] local.INFO: select * from `chat_messages` order by `created_at` asc  
[2025-02-22 18:51:22] local.WARNING: Emergency Chat: No messages found  
[2025-02-22 18:51:24] local.INFO: select * from `users` where `id` = ? limit 1 [1] 
[2025-02-22 18:51:24] local.INFO: Emergency Chat: Fetching messages  
[2025-02-22 18:51:24] local.INFO: select * from `chat_messages` order by `created_at` asc  
[2025-02-22 18:51:24] local.WARNING: Emergency Chat: No messages found  
[2025-02-22 18:51:26] local.INFO: select * from `users` where `id` = ? limit 1 [1] 
[2025-02-22 18:51:26] local.INFO: Emergency Chat: Fetching messages  
[2025-02-22 18:51:26] local.INFO: select * from `chat_messages` order by `created_at` asc  
[2025-02-22 18:51:26] local.WARNING: Emergency Chat: No messages found  
[2025-02-22 18:51:28] local.INFO: select * from `users` where `id` = ? limit 1 [1] 
[2025-02-22 18:51:28] local.INFO: Emergency Chat: Fetching messages  
[2025-02-22 18:51:28] local.INFO: select * from `chat_messages` order by `created_at` asc  
[2025-02-22 18:51:28] local.WARNING: Emergency Chat: No messages found  
[2025-02-22 18:51:30] local.INFO: select * from `users` where `id` = ? limit 1 [1] 
[2025-02-22 18:51:30] local.INFO: Emergency Chat: Fetching messages  
[2025-02-22 18:51:30] local.INFO: select * from `chat_messages` order by `created_at` asc  
[2025-02-22 18:51:30] local.WARNING: Emergency Chat: No messages found  
[2025-02-22 18:51:32] local.INFO: select * from `users` where `id` = ? limit 1 [1] 
[2025-02-22 18:51:32] local.INFO: Emergency Chat: Fetching messages  
[2025-02-22 18:51:32] local.INFO: select * from `chat_messages` order by `created_at` asc  
[2025-02-22 18:51:32] local.WARNING: Emergency Chat: No messages found  
[2025-02-22 18:51:32] local.INFO: select * from `users` where `id` = ? limit 1 [1] 
[2025-02-22 18:51:32] local.INFO: Emergency Chat: Fetching messages  
[2025-02-22 18:51:32] local.INFO: select * from `chat_messages` order by `created_at` asc  
[2025-02-22 18:51:32] local.WARNING: Emergency Chat: No messages found  
[2025-02-22 18:51:35] local.INFO: select * from `users` where `id` = ? limit 1 [1] 
[2025-02-22 18:51:35] local.INFO: Emergency Chat: Fetching messages  
[2025-02-22 18:51:35] local.INFO: select * from `chat_messages` order by `created_at` asc  
[2025-02-22 18:51:35] local.WARNING: Emergency Chat: No messages found  
[2025-02-22 18:51:36] local.INFO: select * from `users` where `id` = ? limit 1 [1] 
[2025-02-22 18:51:36] local.INFO: Emergency Chat: Fetching messages  
[2025-02-22 18:51:36] local.INFO: select * from `chat_messages` order by `created_at` asc  
[2025-02-22 18:51:36] local.WARNING: Emergency Chat: No messages found  
[2025-02-22 18:51:38] local.INFO: select * from `users` where `id` = ? limit 1 [1] 
[2025-02-22 18:51:38] local.INFO: Emergency Chat: Fetching messages  
[2025-02-22 18:51:38] local.INFO: select * from `chat_messages` order by `created_at` asc  
[2025-02-22 18:51:38] local.WARNING: Emergency Chat: No messages found  
[2025-02-22 18:51:40] local.INFO: select * from `users` where `id` = ? limit 1 [1] 
[2025-02-22 18:51:40] local.INFO: Emergency Chat: Fetching messages  
[2025-02-22 18:51:40] local.INFO: select * from `chat_messages` order by `created_at` asc  
[2025-02-22 18:51:40] local.WARNING: Emergency Chat: No messages found  
[2025-02-22 18:51:42] local.INFO: select * from `users` where `id` = ? limit 1 [1] 
[2025-02-22 18:51:42] local.INFO: Emergency Chat: Fetching messages  
[2025-02-22 18:51:42] local.INFO: select * from `chat_messages` order by `created_at` asc  
[2025-02-22 18:51:42] local.WARNING: Emergency Chat: No messages found  
[2025-02-22 18:51:44] local.INFO: select * from `users` where `id` = ? limit 1 [1] 
[2025-02-22 18:51:44] local.INFO: Emergency Chat: Fetching messages  
[2025-02-22 18:51:44] local.INFO: select * from `chat_messages` order by `created_at` asc  
[2025-02-22 18:51:44] local.WARNING: Emergency Chat: No messages found  
[2025-02-22 18:51:46] local.INFO: select * from `users` where `id` = ? limit 1 [1] 
[2025-02-22 18:51:46] local.INFO: Emergency Chat: Fetching messages  
[2025-02-22 18:51:46] local.INFO: select * from `chat_messages` order by `created_at` asc  
[2025-02-22 18:51:46] local.WARNING: Emergency Chat: No messages found  
[2025-02-22 18:51:48] local.INFO: select * from `users` where `id` = ? limit 1 [1] 
[2025-02-22 18:51:48] local.INFO: Emergency Chat: Fetching messages  
[2025-02-22 18:51:48] local.INFO: select * from `chat_messages` order by `created_at` asc  
[2025-02-22 18:51:48] local.WARNING: Emergency Chat: No messages found  
[2025-02-22 18:51:50] local.INFO: select * from `users` where `id` = ? limit 1 [1] 
[2025-02-22 18:51:50] local.INFO: Emergency Chat: Fetching messages  
[2025-02-22 18:51:50] local.INFO: select * from `chat_messages` order by `created_at` asc  
[2025-02-22 18:51:50] local.WARNING: Emergency Chat: No messages found  
[2025-02-22 18:51:52] local.INFO: select * from `users` where `id` = ? limit 1 [1] 
[2025-02-22 18:51:52] local.INFO: Emergency Chat: Fetching messages  
[2025-02-22 18:51:52] local.INFO: select * from `chat_messages` order by `created_at` asc  
[2025-02-22 18:51:52] local.WARNING: Emergency Chat: No messages found  
[2025-02-22 18:51:54] local.INFO: select * from `users` where `id` = ? limit 1 [1] 
[2025-02-22 18:51:54] local.INFO: Emergency Chat: Fetching messages  
[2025-02-22 18:51:54] local.INFO: select * from `chat_messages` order by `created_at` asc  
[2025-02-22 18:51:54] local.WARNING: Emergency Chat: No messages found  
[2025-02-22 18:51:56] local.INFO: select * from `users` where `id` = ? limit 1 [1] 
[2025-02-22 18:51:56] local.INFO: Emergency Chat: Fetching messages  
[2025-02-22 18:51:56] local.INFO: select * from `chat_messages` order by `created_at` asc  
[2025-02-22 18:51:56] local.WARNING: Emergency Chat: No messages found  
[2025-02-22 18:51:58] local.INFO: select * from `users` where `id` = ? limit 1 [1] 
[2025-02-22 18:51:58] local.INFO: Emergency Chat: Fetching messages  
[2025-02-22 18:51:58] local.INFO: select * from `chat_messages` order by `created_at` asc  
[2025-02-22 18:51:58] local.WARNING: Emergency Chat: No messages found  
[2025-02-22 18:52:00] local.INFO: select * from `users` where `id` = ? limit 1 [1] 
[2025-02-22 18:52:00] local.INFO: Emergency Chat: Fetching messages  
[2025-02-22 18:52:00] local.INFO: select * from `chat_messages` order by `created_at` asc  
[2025-02-22 18:52:00] local.WARNING: Emergency Chat: No messages found  
[2025-02-22 18:52:02] local.INFO: select * from `users` where `id` = ? limit 1 [1] 
[2025-02-22 18:52:02] local.INFO: Emergency Chat: Fetching messages  
[2025-02-22 18:52:02] local.INFO: select * from `chat_messages` order by `created_at` asc  
[2025-02-22 18:52:02] local.WARNING: Emergency Chat: No messages found  
[2025-02-22 18:52:04] local.INFO: select * from `users` where `id` = ? limit 1 [1] 
[2025-02-22 18:52:04] local.INFO: Emergency Chat: Fetching messages  
[2025-02-22 18:52:04] local.INFO: select * from `chat_messages` order by `created_at` asc  
[2025-02-22 18:52:04] local.WARNING: Emergency Chat: No messages found  
[2025-02-22 18:52:06] local.INFO: select * from `users` where `id` = ? limit 1 [1] 
[2025-02-22 18:52:06] local.INFO: Emergency Chat: Fetching messages  
[2025-02-22 18:52:06] local.INFO: select * from `chat_messages` order by `created_at` asc  
[2025-02-22 18:52:06] local.WARNING: Emergency Chat: No messages found  
[2025-02-22 18:52:08] local.INFO: select * from `users` where `id` = ? limit 1 [1] 
[2025-02-22 18:52:08] local.INFO: Emergency Chat: Fetching messages  
[2025-02-22 18:52:08] local.INFO: select * from `chat_messages` order by `created_at` asc  
[2025-02-22 18:52:08] local.WARNING: Emergency Chat: No messages found  
[2025-02-22 18:52:10] local.INFO: select * from `users` where `id` = ? limit 1 [1] 
[2025-02-22 18:52:10] local.INFO: Emergency Chat: Fetching messages  
[2025-02-22 18:52:10] local.INFO: select * from `chat_messages` order by `created_at` asc  
[2025-02-22 18:52:10] local.WARNING: Emergency Chat: No messages found  
[2025-02-22 18:52:12] local.INFO: select * from `users` where `id` = ? limit 1 [1] 
[2025-02-22 18:52:12] local.INFO: Emergency Chat: Fetching messages  
[2025-02-22 18:52:12] local.INFO: select * from `chat_messages` order by `created_at` asc  
[2025-02-22 18:52:12] local.WARNING: Emergency Chat: No messages found  
[2025-02-22 18:52:14] local.INFO: select * from `users` where `id` = ? limit 1 [1] 
[2025-02-22 18:52:14] local.INFO: Emergency Chat: Fetching messages  
[2025-02-22 18:52:14] local.INFO: select * from `chat_messages` order by `created_at` asc  
[2025-02-22 18:52:14] local.WARNING: Emergency Chat: No messages found  
[2025-02-22 18:52:16] local.INFO: select * from `users` where `id` = ? limit 1 [1] 
[2025-02-22 18:52:16] local.INFO: Emergency Chat: Fetching messages  
[2025-02-22 18:52:16] local.INFO: select * from `chat_messages` order by `created_at` asc  
[2025-02-22 18:52:16] local.WARNING: Emergency Chat: No messages found  
[2025-02-22 18:52:18] local.INFO: select * from `users` where `id` = ? limit 1 [1] 
[2025-02-22 18:52:18] local.INFO: Emergency Chat: Fetching messages  
[2025-02-22 18:52:18] local.INFO: select * from `chat_messages` order by `created_at` asc  
[2025-02-22 18:52:18] local.WARNING: Emergency Chat: No messages found  
[2025-02-22 18:52:20] local.INFO: select * from `users` where `id` = ? limit 1 [1] 
[2025-02-22 18:52:20] local.INFO: Emergency Chat: Fetching messages  
[2025-02-22 18:52:20] local.INFO: select * from `chat_messages` order by `created_at` asc  
[2025-02-22 18:52:20] local.WARNING: Emergency Chat: No messages found  
[2025-02-22 18:52:22] local.INFO: select * from `users` where `id` = ? limit 1 [1] 
[2025-02-22 18:52:22] local.INFO: Emergency Chat: Fetching messages  
[2025-02-22 18:52:22] local.INFO: select * from `chat_messages` order by `created_at` asc  
[2025-02-22 18:52:22] local.WARNING: Emergency Chat: No messages found  
[2025-02-22 18:52:24] local.INFO: select * from `users` where `id` = ? limit 1 [1] 
[2025-02-22 18:52:24] local.INFO: Emergency Chat: Fetching messages  
[2025-02-22 18:52:24] local.INFO: select * from `chat_messages` order by `created_at` asc  
[2025-02-22 18:52:24] local.WARNING: Emergency Chat: No messages found  
[2025-02-22 18:52:26] local.INFO: select * from `users` where `id` = ? limit 1 [1] 
[2025-02-22 18:52:26] local.INFO: Emergency Chat: Fetching messages  
[2025-02-22 18:52:26] local.INFO: select * from `chat_messages` order by `created_at` asc  
[2025-02-22 18:52:26] local.WARNING: Emergency Chat: No messages found  
[2025-02-22 18:52:28] local.INFO: select * from `users` where `id` = ? limit 1 [1] 
[2025-02-22 18:52:28] local.INFO: Emergency Chat: Fetching messages  
[2025-02-22 18:52:28] local.INFO: select * from `chat_messages` order by `created_at` asc  
[2025-02-22 18:52:28] local.WARNING: Emergency Chat: No messages found  
[2025-02-22 18:52:30] local.INFO: select * from `users` where `id` = ? limit 1 [1] 
[2025-02-22 18:52:30] local.INFO: Emergency Chat: Fetching messages  
[2025-02-22 18:52:30] local.INFO: select * from `chat_messages` order by `created_at` asc  
[2025-02-22 18:52:30] local.WARNING: Emergency Chat: No messages found  
[2025-02-22 18:52:32] local.INFO: select * from `users` where `id` = ? limit 1 [1] 
[2025-02-22 18:52:32] local.INFO: Emergency Chat: Fetching messages  
[2025-02-22 18:52:32] local.INFO: select * from `chat_messages` order by `created_at` asc  
[2025-02-22 18:52:32] local.WARNING: Emergency Chat: No messages found  
[2025-02-22 18:52:32] local.INFO: select * from `users` where `id` = ? limit 1 [1] 
[2025-02-22 18:52:32] local.INFO: Emergency Chat: Fetching messages  
[2025-02-22 18:52:32] local.INFO: select * from `chat_messages` order by `created_at` asc  
[2025-02-22 18:52:32] local.WARNING: Emergency Chat: No messages found  
[2025-02-22 18:52:34] local.INFO: select * from `users` where `id` = ? limit 1 [1] 
[2025-02-22 18:52:34] local.INFO: Emergency Chat: Fetching messages  
[2025-02-22 18:52:34] local.INFO: select * from `chat_messages` order by `created_at` asc  
[2025-02-22 18:52:34] local.WARNING: Emergency Chat: No messages found  
[2025-02-22 18:52:36] local.INFO: select * from `users` where `id` = ? limit 1 [1] 
[2025-02-22 18:52:36] local.INFO: Emergency Chat: Fetching messages  
[2025-02-22 18:52:36] local.INFO: select * from `chat_messages` order by `created_at` asc  
[2025-02-22 18:52:36] local.WARNING: Emergency Chat: No messages found  
[2025-02-22 18:52:38] local.INFO: select * from `users` where `id` = ? limit 1 [1] 
[2025-02-22 18:52:38] local.INFO: Emergency Chat: Fetching messages  
[2025-02-22 18:52:38] local.INFO: select * from `chat_messages` order by `created_at` asc  
[2025-02-22 18:52:38] local.WARNING: Emergency Chat: No messages found  
[2025-02-22 18:52:40] local.INFO: select * from `users` where `id` = ? limit 1 [1] 
[2025-02-22 18:52:40] local.INFO: Emergency Chat: Fetching messages  
[2025-02-22 18:52:40] local.INFO: select * from `chat_messages` order by `created_at` asc  
[2025-02-22 18:52:40] local.WARNING: Emergency Chat: No messages found  
[2025-02-22 18:52:42] local.INFO: select * from `users` where `id` = ? limit 1 [1] 
[2025-02-22 18:52:42] local.INFO: Emergency Chat: Fetching messages  
[2025-02-22 18:52:42] local.INFO: select * from `chat_messages` order by `created_at` asc  
[2025-02-22 18:52:42] local.WARNING: Emergency Chat: No messages found  
[2025-02-22 18:52:44] local.INFO: select * from `users` where `id` = ? limit 1 [1] 
[2025-02-22 18:52:44] local.INFO: Emergency Chat: Fetching messages  
[2025-02-22 18:52:44] local.INFO: select * from `chat_messages` order by `created_at` asc  
[2025-02-22 18:52:44] local.WARNING: Emergency Chat: No messages found  
[2025-02-22 18:52:46] local.INFO: select * from `users` where `id` = ? limit 1 [1] 
[2025-02-22 18:52:46] local.INFO: Emergency Chat: Fetching messages  
[2025-02-22 18:52:46] local.INFO: select * from `chat_messages` order by `created_at` asc  
[2025-02-22 18:52:46] local.WARNING: Emergency Chat: No messages found  
[2025-02-22 18:52:48] local.INFO: select * from `users` where `id` = ? limit 1 [1] 
[2025-02-22 18:52:48] local.INFO: Emergency Chat: Fetching messages  
[2025-02-22 18:52:48] local.INFO: select * from `chat_messages` order by `created_at` asc  
[2025-02-22 18:52:48] local.WARNING: Emergency Chat: No messages found  
[2025-02-22 18:52:50] local.INFO: select * from `users` where `id` = ? limit 1 [1] 
[2025-02-22 18:52:50] local.INFO: Emergency Chat: Fetching messages  
[2025-02-22 18:52:50] local.INFO: select * from `chat_messages` order by `created_at` asc  
[2025-02-22 18:52:50] local.WARNING: Emergency Chat: No messages found  
[2025-02-22 18:52:52] local.INFO: select * from `users` where `id` = ? limit 1 [1] 
[2025-02-22 18:52:52] local.INFO: Emergency Chat: Fetching messages  
[2025-02-22 18:52:52] local.INFO: select * from `chat_messages` order by `created_at` asc  
[2025-02-22 18:52:52] local.WARNING: Emergency Chat: No messages found  
[2025-02-22 18:52:54] local.INFO: select * from `users` where `id` = ? limit 1 [1] 
[2025-02-22 18:52:54] local.INFO: Emergency Chat: Fetching messages  
[2025-02-22 18:52:54] local.INFO: select * from `chat_messages` order by `created_at` asc  
[2025-02-22 18:52:54] local.WARNING: Emergency Chat: No messages found  
[2025-02-22 18:52:56] local.INFO: select * from `users` where `id` = ? limit 1 [1] 
[2025-02-22 18:52:56] local.INFO: Emergency Chat: Fetching messages  
[2025-02-22 18:52:56] local.INFO: select * from `chat_messages` order by `created_at` asc  
[2025-02-22 18:52:56] local.WARNING: Emergency Chat: No messages found  
[2025-02-22 18:52:58] local.INFO: select * from `users` where `id` = ? limit 1 [1] 
[2025-02-22 18:52:58] local.INFO: Emergency Chat: Fetching messages  
[2025-02-22 18:52:58] local.INFO: select * from `chat_messages` order by `created_at` asc  
[2025-02-22 18:52:58] local.WARNING: Emergency Chat: No messages found  
[2025-02-22 18:53:00] local.INFO: select * from `users` where `id` = ? limit 1 [1] 
[2025-02-22 18:53:00] local.INFO: Emergency Chat: Fetching messages  
[2025-02-22 18:53:00] local.INFO: select * from `chat_messages` order by `created_at` asc  
[2025-02-22 18:53:00] local.WARNING: Emergency Chat: No messages found  
[2025-02-22 18:53:02] local.INFO: select * from `users` where `id` = ? limit 1 [1] 
[2025-02-22 18:53:02] local.INFO: Emergency Chat: Fetching messages  
[2025-02-22 18:53:02] local.INFO: select * from `chat_messages` order by `created_at` asc  
[2025-02-22 18:53:02] local.WARNING: Emergency Chat: No messages found  
[2025-02-22 18:53:04] local.INFO: select * from `users` where `id` = ? limit 1 [1] 
[2025-02-22 18:53:04] local.INFO: Emergency Chat: Fetching messages  
[2025-02-22 18:53:04] local.INFO: select * from `chat_messages` order by `created_at` asc  
[2025-02-22 18:53:04] local.WARNING: Emergency Chat: No messages found  
[2025-02-22 18:53:06] local.INFO: select * from `users` where `id` = ? limit 1 [1] 
[2025-02-22 18:53:06] local.INFO: Emergency Chat: Fetching messages  
[2025-02-22 18:53:06] local.INFO: select * from `chat_messages` order by `created_at` asc  
[2025-02-22 18:53:06] local.WARNING: Emergency Chat: No messages found  
[2025-02-22 18:53:08] local.INFO: select * from `users` where `id` = ? limit 1 [1] 
[2025-02-22 18:53:08] local.INFO: Emergency Chat: Fetching messages  
[2025-02-22 18:53:08] local.INFO: select * from `chat_messages` order by `created_at` asc  
[2025-02-22 18:53:08] local.WARNING: Emergency Chat: No messages found  
[2025-02-22 18:53:10] local.INFO: select * from `users` where `id` = ? limit 1 [1] 
[2025-02-22 18:53:10] local.INFO: Emergency Chat: Fetching messages  
[2025-02-22 18:53:10] local.INFO: select * from `chat_messages` order by `created_at` asc  
[2025-02-22 18:53:10] local.WARNING: Emergency Chat: No messages found  
[2025-02-22 18:53:12] local.INFO: select * from `users` where `id` = ? limit 1 [1] 
[2025-02-22 18:53:12] local.INFO: Emergency Chat: Fetching messages  
[2025-02-22 18:53:12] local.INFO: select * from `chat_messages` order by `created_at` asc  
[2025-02-22 18:53:12] local.WARNING: Emergency Chat: No messages found  
[2025-02-22 18:53:14] local.INFO: select * from `users` where `id` = ? limit 1 [1] 
[2025-02-22 18:53:14] local.INFO: Emergency Chat: Fetching messages  
[2025-02-22 18:53:14] local.INFO: select * from `chat_messages` order by `created_at` asc  
[2025-02-22 18:53:14] local.WARNING: Emergency Chat: No messages found  
[2025-02-22 18:53:16] local.INFO: select * from `users` where `id` = ? limit 1 [1] 
[2025-02-22 18:53:16] local.INFO: Emergency Chat: Fetching messages  
[2025-02-22 18:53:16] local.INFO: select * from `chat_messages` order by `created_at` asc  
[2025-02-22 18:53:16] local.WARNING: Emergency Chat: No messages found  
[2025-02-22 18:53:18] local.INFO: select * from `users` where `id` = ? limit 1 [1] 
[2025-02-22 18:53:18] local.INFO: Emergency Chat: Fetching messages  
[2025-02-22 18:53:18] local.INFO: select * from `chat_messages` order by `created_at` asc  
[2025-02-22 18:53:18] local.WARNING: Emergency Chat: No messages found  
[2025-02-22 18:53:20] local.INFO: select * from `users` where `id` = ? limit 1 [1] 
[2025-02-22 18:53:20] local.INFO: Emergency Chat: Fetching messages  
[2025-02-22 18:53:20] local.INFO: select * from `chat_messages` order by `created_at` asc  
[2025-02-22 18:53:20] local.WARNING: Emergency Chat: No messages found  
[2025-02-22 18:53:22] local.INFO: select * from `users` where `id` = ? limit 1 [1] 
[2025-02-22 18:53:22] local.INFO: Emergency Chat: Fetching messages  
[2025-02-22 18:53:22] local.INFO: select * from `chat_messages` order by `created_at` asc  
[2025-02-22 18:53:22] local.WARNING: Emergency Chat: No messages found  
[2025-02-22 18:53:24] local.INFO: select * from `users` where `id` = ? limit 1 [1] 
[2025-02-22 18:53:24] local.INFO: Emergency Chat: Fetching messages  
[2025-02-22 18:53:24] local.INFO: select * from `chat_messages` order by `created_at` asc  
[2025-02-22 18:53:24] local.WARNING: Emergency Chat: No messages found  
[2025-02-22 18:53:26] local.INFO: select * from `users` where `id` = ? limit 1 [1] 
[2025-02-22 18:53:26] local.INFO: Emergency Chat: Fetching messages  
[2025-02-22 18:53:26] local.INFO: select * from `chat_messages` order by `created_at` asc  
[2025-02-22 18:53:26] local.WARNING: Emergency Chat: No messages found  
[2025-02-22 18:53:28] local.INFO: select * from `users` where `id` = ? limit 1 [1] 
[2025-02-22 18:53:28] local.INFO: Emergency Chat: Fetching messages  
[2025-02-22 18:53:28] local.INFO: select * from `chat_messages` order by `created_at` asc  
[2025-02-22 18:53:28] local.WARNING: Emergency Chat: No messages found  
[2025-02-22 18:53:30] local.INFO: select * from `users` where `id` = ? limit 1 [1] 
[2025-02-22 18:53:30] local.INFO: Emergency Chat: Fetching messages  
[2025-02-22 18:53:30] local.INFO: select * from `chat_messages` order by `created_at` asc  
[2025-02-22 18:53:30] local.WARNING: Emergency Chat: No messages found  
[2025-02-22 18:53:32] local.INFO: select * from `users` where `id` = ? limit 1 [1] 
[2025-02-22 18:53:32] local.INFO: Emergency Chat: Fetching messages  
[2025-02-22 18:53:32] local.INFO: select * from `chat_messages` order by `created_at` asc  
[2025-02-22 18:53:32] local.WARNING: Emergency Chat: No messages found  
[2025-02-22 18:53:32] local.INFO: select * from `users` where `id` = ? limit 1 [1] 
[2025-02-22 18:53:32] local.INFO: Emergency Chat: Fetching messages  
[2025-02-22 18:53:32] local.INFO: select * from `chat_messages` order by `created_at` asc  
[2025-02-22 18:53:32] local.WARNING: Emergency Chat: No messages found  
[2025-02-22 18:53:34] local.INFO: select * from `users` where `id` = ? limit 1 [1] 
[2025-02-22 18:53:34] local.INFO: Emergency Chat: Fetching messages  
[2025-02-22 18:53:34] local.INFO: select * from `chat_messages` order by `created_at` asc  
[2025-02-22 18:53:34] local.WARNING: Emergency Chat: No messages found  
[2025-02-22 18:53:36] local.INFO: select * from `users` where `id` = ? limit 1 [1] 
[2025-02-22 18:53:36] local.INFO: Emergency Chat: Fetching messages  
[2025-02-22 18:53:36] local.INFO: select * from `chat_messages` order by `created_at` asc  
[2025-02-22 18:53:36] local.WARNING: Emergency Chat: No messages found  
[2025-02-22 18:53:38] local.INFO: select * from `users` where `id` = ? limit 1 [1] 
[2025-02-22 18:53:38] local.INFO: Emergency Chat: Fetching messages  
[2025-02-22 18:53:38] local.INFO: select * from `chat_messages` order by `created_at` asc  
[2025-02-22 18:53:38] local.WARNING: Emergency Chat: No messages found  
[2025-02-22 18:53:39] local.INFO: select * from `users` where `id` = ? limit 1 [1] 
[2025-02-22 18:53:39] local.INFO: Emergency Chat: Fetching messages  
[2025-02-22 18:53:39] local.INFO: select * from `chat_messages` order by `created_at` asc  
[2025-02-22 18:53:39] local.WARNING: Emergency Chat: No messages found  
[2025-02-22 18:53:39] local.INFO: select * from `users` where `id` = ? limit 1 [1] 
[2025-02-22 18:53:39] local.INFO: Emergency Chat: Fetching messages  
[2025-02-22 18:53:39] local.INFO: select * from `chat_messages` order by `created_at` asc  
[2025-02-22 18:53:39] local.WARNING: Emergency Chat: No messages found  
[2025-02-22 18:53:40] local.INFO: select * from `users` where `id` = ? limit 1 [1] 
[2025-02-22 18:53:40] local.INFO: Emergency Chat: Fetching messages  
[2025-02-22 18:53:40] local.INFO: select * from `chat_messages` order by `created_at` asc  
[2025-02-22 18:53:40] local.WARNING: Emergency Chat: No messages found  
[2025-02-22 18:53:41] local.INFO: select * from `users` where `id` = ? limit 1 [1] 
[2025-02-22 18:53:41] local.INFO: Emergency Chat: Fetching messages  
[2025-02-22 18:53:41] local.INFO: select * from `chat_messages` order by `created_at` asc  
[2025-02-22 18:53:41] local.WARNING: Emergency Chat: No messages found  
[2025-02-22 18:53:42] local.INFO: select * from `users` where `id` = ? limit 1 [1] 
[2025-02-22 18:53:42] local.INFO: select * from `users` where `id` = ? limit 1 [1] 
[2025-02-22 18:53:42] local.INFO: Emergency Chat: Fetching messages  
[2025-02-22 18:53:42] local.INFO: select * from `chat_messages` order by `created_at` asc  
[2025-02-22 18:53:42] local.WARNING: Emergency Chat: No messages found  
[2025-02-22 18:53:44] local.INFO: select * from `users` where `id` = ? limit 1 [1] 
[2025-02-22 18:53:44] local.INFO: Emergency Chat: Fetching messages  
[2025-02-22 18:53:44] local.INFO: select * from `chat_messages` order by `created_at` asc  
[2025-02-22 18:53:44] local.WARNING: Emergency Chat: No messages found  
[2025-02-22 18:53:46] local.INFO: select * from `users` where `id` = ? limit 1 [1] 
[2025-02-22 18:53:46] local.INFO: Emergency Chat: Fetching messages  
[2025-02-22 18:53:46] local.INFO: select * from `chat_messages` order by `created_at` asc  
[2025-02-22 18:53:46] local.WARNING: Emergency Chat: No messages found  
[2025-02-22 18:53:46] local.INFO: select * from `users` where `id` = ? limit 1 [1] 
[2025-02-22 18:53:46] local.INFO: select * from `users` where `id` = ? limit 1 [1] 
[2025-02-22 18:53:46] local.INFO: Emergency Chat: Fetching messages  
[2025-02-22 18:53:46] local.INFO: select * from `chat_messages` order by `created_at` asc  
[2025-02-22 18:53:46] local.WARNING: Emergency Chat: No messages found  
[2025-02-22 18:53:48] local.INFO: select * from `users` where `id` = ? limit 1 [1] 
[2025-02-22 18:53:48] local.INFO: Emergency Chat: Fetching messages  
[2025-02-22 18:53:48] local.INFO: select * from `chat_messages` order by `created_at` asc  
[2025-02-22 18:53:48] local.WARNING: Emergency Chat: No messages found  
[2025-02-22 18:53:48] local.INFO: select * from `users` where `id` = ? limit 1 [1] 
[2025-02-22 18:53:48] local.INFO: Emergency Chat: Fetching messages  
[2025-02-22 18:53:48] local.INFO: select * from `chat_messages` order by `created_at` asc  
[2025-02-22 18:53:48] local.WARNING: Emergency Chat: No messages found  
[2025-02-22 18:53:50] local.INFO: select * from `users` where `id` = ? limit 1 [1] 
[2025-02-22 18:53:50] local.INFO: Emergency Chat: Fetching messages  
[2025-02-22 18:53:50] local.INFO: select * from `chat_messages` order by `created_at` asc  
[2025-02-22 18:53:50] local.WARNING: Emergency Chat: No messages found  
[2025-02-22 18:53:50] local.INFO: select * from `users` where `id` = ? limit 1 [1] 
[2025-02-22 18:53:50] local.INFO: Emergency Chat: Incoming message request {"data":{"message":"asdf"}} 
[2025-02-22 18:53:50] local.INFO: insert into `chat_messages` (`user_id`, `body`, `conversation_id`, `updated_at`, `created_at`) values (?, ?, ?, ?, ?) [1,"asdf",1,"2025-02-22 18:53:50","2025-02-22 18:53:50"] 
[2025-02-22 18:53:50] local.INFO: Emergency Chat: Message saved {"user_id":1,"message":"asdf"} 
[2025-02-22 18:53:50] local.INFO: select * from `users` where `id` = ? limit 1 [1] 
[2025-02-22 18:53:50] local.INFO: Emergency Chat: Fetching messages  
[2025-02-22 18:53:50] local.INFO: select * from `chat_messages` order by `created_at` asc  
[2025-02-22 18:53:50] local.INFO: select * from `users` where `users`.`id` in (1)  
[2025-02-22 18:53:50] local.INFO: select * from `users` where `id` = ? limit 1 [1] 
[2025-02-22 18:53:50] local.INFO: Emergency Chat: Fetching messages  
[2025-02-22 18:53:50] local.INFO: select * from `chat_messages` order by `created_at` asc  
[2025-02-22 18:53:50] local.INFO: select * from `users` where `users`.`id` in (1)  
[2025-02-22 18:53:52] local.INFO: select * from `users` where `id` = ? limit 1 [1] 
[2025-02-22 18:53:52] local.INFO: Emergency Chat: Fetching messages  
[2025-02-22 18:53:52] local.INFO: select * from `chat_messages` order by `created_at` asc  
[2025-02-22 18:53:52] local.INFO: select * from `users` where `users`.`id` in (1)  
[2025-02-22 18:53:52] local.INFO: select * from `users` where `id` = ? limit 1 [1] 
[2025-02-22 18:53:52] local.INFO: Emergency Chat: Fetching messages  
[2025-02-22 18:53:52] local.INFO: select * from `chat_messages` order by `created_at` asc  
[2025-02-22 18:53:52] local.INFO: select * from `users` where `users`.`id` in (1)  
[2025-02-22 18:53:54] local.INFO: select * from `users` where `id` = ? limit 1 [1] 
[2025-02-22 18:53:54] local.INFO: Emergency Chat: Fetching messages  
[2025-02-22 18:53:54] local.INFO: select * from `chat_messages` order by `created_at` asc  
[2025-02-22 18:53:54] local.INFO: select * from `users` where `users`.`id` in (1)  
[2025-02-22 18:53:54] local.INFO: select * from `users` where `id` = ? limit 1 [1] 
[2025-02-22 18:53:54] local.INFO: Emergency Chat: Fetching messages  
[2025-02-22 18:53:54] local.INFO: select * from `chat_messages` order by `created_at` asc  
[2025-02-22 18:53:54] local.INFO: select * from `users` where `users`.`id` in (1)  
[2025-02-22 18:53:56] local.INFO: select * from `users` where `id` = ? limit 1 [1] 
[2025-02-22 18:53:56] local.INFO: Emergency Chat: Fetching messages  
[2025-02-22 18:53:56] local.INFO: select * from `chat_messages` order by `created_at` asc  
[2025-02-22 18:53:56] local.INFO: select * from `users` where `users`.`id` in (1)  
[2025-02-22 18:53:56] local.INFO: select * from `users` where `id` = ? limit 1 [1] 
[2025-02-22 18:53:56] local.INFO: Emergency Chat: Fetching messages  
[2025-02-22 18:53:56] local.INFO: select * from `chat_messages` order by `created_at` asc  
[2025-02-22 18:53:56] local.INFO: select * from `users` where `users`.`id` in (1)  
[2025-02-22 18:53:58] local.INFO: select * from `users` where `id` = ? limit 1 [1] 
[2025-02-22 18:53:58] local.INFO: Emergency Chat: Fetching messages  
[2025-02-22 18:53:58] local.INFO: select * from `chat_messages` order by `created_at` asc  
[2025-02-22 18:53:58] local.INFO: select * from `users` where `users`.`id` in (1)  
[2025-02-22 18:53:58] local.INFO: select * from `users` where `id` = ? limit 1 [1] 
[2025-02-22 18:53:58] local.INFO: Emergency Chat: Fetching messages  
[2025-02-22 18:53:58] local.INFO: select * from `chat_messages` order by `created_at` asc  
[2025-02-22 18:53:58] local.INFO: select * from `users` where `users`.`id` in (1)  
[2025-02-22 18:54:00] local.INFO: select * from `users` where `id` = ? limit 1 [1] 
[2025-02-22 18:54:00] local.INFO: Emergency Chat: Fetching messages  
[2025-02-22 18:54:00] local.INFO: select * from `chat_messages` order by `created_at` asc  
[2025-02-22 18:54:00] local.INFO: select * from `users` where `users`.`id` in (1)  
[2025-02-22 18:54:00] local.INFO: select * from `users` where `id` = ? limit 1 [1] 
[2025-02-22 18:54:00] local.INFO: Emergency Chat: Fetching messages  
[2025-02-22 18:54:00] local.INFO: select * from `chat_messages` order by `created_at` asc  
[2025-02-22 18:54:00] local.INFO: select * from `users` where `users`.`id` in (1)  
[2025-02-22 18:54:02] local.INFO: select * from `users` where `id` = ? limit 1 [1] 
[2025-02-22 18:54:02] local.INFO: Emergency Chat: Fetching messages  
[2025-02-22 18:54:02] local.INFO: select * from `chat_messages` order by `created_at` asc  
[2025-02-22 18:54:02] local.INFO: select * from `users` where `users`.`id` in (1)  
[2025-02-22 18:54:02] local.INFO: select * from `users` where `id` = ? limit 1 [1] 
[2025-02-22 18:54:02] local.INFO: Emergency Chat: Fetching messages  
[2025-02-22 18:54:02] local.INFO: select * from `chat_messages` order by `created_at` asc  
[2025-02-22 18:54:02] local.INFO: select * from `users` where `users`.`id` in (1)  
[2025-02-22 18:54:04] local.INFO: select * from `users` where `id` = ? limit 1 [1] 
[2025-02-22 18:54:04] local.INFO: Emergency Chat: Incoming message request {"data":{"message":"testing"}} 
[2025-02-22 18:54:04] local.INFO: insert into `chat_messages` (`user_id`, `body`, `conversation_id`, `updated_at`, `created_at`) values (?, ?, ?, ?, ?) [1,"testing",1,"2025-02-22 18:54:04","2025-02-22 18:54:04"] 
[2025-02-22 18:54:04] local.INFO: Emergency Chat: Message saved {"user_id":1,"message":"testing"} 
[2025-02-22 18:54:04] local.INFO: select * from `users` where `id` = ? limit 1 [1] 
[2025-02-22 18:54:04] local.INFO: Emergency Chat: Fetching messages  
[2025-02-22 18:54:04] local.INFO: select * from `chat_messages` order by `created_at` asc  
[2025-02-22 18:54:04] local.INFO: select * from `users` where `users`.`id` in (1)  
[2025-02-22 18:54:04] local.INFO: select * from `users` where `id` = ? limit 1 [1] 
[2025-02-22 18:54:04] local.INFO: Emergency Chat: Fetching messages  
[2025-02-22 18:54:04] local.INFO: select * from `chat_messages` order by `created_at` asc  
[2025-02-22 18:54:04] local.INFO: select * from `users` where `users`.`id` in (1)  
[2025-02-22 18:54:04] local.INFO: select * from `users` where `id` = ? limit 1 [1] 
[2025-02-22 18:54:04] local.INFO: Emergency Chat: Fetching messages  
[2025-02-22 18:54:04] local.INFO: select * from `chat_messages` order by `created_at` asc  
[2025-02-22 18:54:04] local.INFO: select * from `users` where `users`.`id` in (1)  
[2025-02-22 18:54:06] local.INFO: select * from `users` where `id` = ? limit 1 [1] 
[2025-02-22 18:54:06] local.INFO: Emergency Chat: Fetching messages  
[2025-02-22 18:54:06] local.INFO: select * from `chat_messages` order by `created_at` asc  
[2025-02-22 18:54:06] local.INFO: select * from `users` where `users`.`id` in (1)  
[2025-02-22 18:54:06] local.INFO: select * from `users` where `id` = ? limit 1 [1] 
[2025-02-22 18:54:06] local.INFO: Emergency Chat: Fetching messages  
[2025-02-22 18:54:06] local.INFO: select * from `chat_messages` order by `created_at` asc  
[2025-02-22 18:54:06] local.INFO: select * from `users` where `users`.`id` in (1)  
[2025-02-22 18:54:08] local.INFO: select * from `users` where `id` = ? limit 1 [1] 
[2025-02-22 18:54:08] local.INFO: Emergency Chat: Fetching messages  
[2025-02-22 18:54:08] local.INFO: select * from `chat_messages` order by `created_at` asc  
[2025-02-22 18:54:08] local.INFO: select * from `users` where `users`.`id` in (1)  
[2025-02-22 18:54:08] local.INFO: select * from `users` where `id` = ? limit 1 [1] 
[2025-02-22 18:54:08] local.INFO: Emergency Chat: Fetching messages  
[2025-02-22 18:54:08] local.INFO: select * from `chat_messages` order by `created_at` asc  
[2025-02-22 18:54:08] local.INFO: select * from `users` where `users`.`id` in (1)  
[2025-02-22 18:54:10] local.INFO: select * from `users` where `id` = ? limit 1 [1] 
[2025-02-22 18:54:10] local.INFO: Emergency Chat: Fetching messages  
[2025-02-22 18:54:10] local.INFO: select * from `chat_messages` order by `created_at` asc  
[2025-02-22 18:54:10] local.INFO: select * from `users` where `users`.`id` in (1)  
[2025-02-22 18:54:10] local.INFO: select * from `users` where `id` = ? limit 1 [1] 
[2025-02-22 18:54:10] local.INFO: Emergency Chat: Fetching messages  
[2025-02-22 18:54:10] local.INFO: select * from `chat_messages` order by `created_at` asc  
[2025-02-22 18:54:10] local.INFO: select * from `users` where `users`.`id` in (1)  
[2025-02-22 18:54:12] local.INFO: select * from `users` where `id` = ? limit 1 [1] 
[2025-02-22 18:54:12] local.INFO: Emergency Chat: Fetching messages  
[2025-02-22 18:54:12] local.INFO: select * from `chat_messages` order by `created_at` asc  
[2025-02-22 18:54:12] local.INFO: select * from `users` where `users`.`id` in (1)  
[2025-02-22 18:54:12] local.INFO: select * from `users` where `id` = ? limit 1 [1] 
[2025-02-22 18:54:12] local.INFO: Emergency Chat: Fetching messages  
[2025-02-22 18:54:12] local.INFO: select * from `chat_messages` order by `created_at` asc  
[2025-02-22 18:54:12] local.INFO: select * from `users` where `users`.`id` in (1)  
[2025-02-22 18:54:14] local.INFO: select * from `users` where `id` = ? limit 1 [1] 
[2025-02-22 18:54:14] local.INFO: Emergency Chat: Fetching messages  
[2025-02-22 18:54:14] local.INFO: select * from `chat_messages` order by `created_at` asc  
[2025-02-22 18:54:14] local.INFO: select * from `users` where `users`.`id` in (1)  
[2025-02-22 18:54:14] local.INFO: select * from `users` where `id` = ? limit 1 [1] 
[2025-02-22 18:54:14] local.INFO: Emergency Chat: Fetching messages  
[2025-02-22 18:54:14] local.INFO: select * from `chat_messages` order by `created_at` asc  
[2025-02-22 18:54:14] local.INFO: select * from `users` where `users`.`id` in (1)  
[2025-02-22 18:54:16] local.INFO: select * from `users` where `id` = ? limit 1 [1] 
[2025-02-22 18:54:16] local.INFO: Emergency Chat: Fetching messages  
[2025-02-22 18:54:16] local.INFO: select * from `chat_messages` order by `created_at` asc  
[2025-02-22 18:54:16] local.INFO: select * from `users` where `users`.`id` in (1)  
[2025-02-22 18:54:16] local.INFO: select * from `users` where `id` = ? limit 1 [1] 
[2025-02-22 18:54:16] local.INFO: Emergency Chat: Fetching messages  
[2025-02-22 18:54:16] local.INFO: select * from `chat_messages` order by `created_at` asc  
[2025-02-22 18:54:16] local.INFO: select * from `users` where `users`.`id` in (1)  
[2025-02-22 18:54:18] local.INFO: select * from `users` where `id` = ? limit 1 [1] 
[2025-02-22 18:54:18] local.INFO: Emergency Chat: Fetching messages  
[2025-02-22 18:54:18] local.INFO: select * from `chat_messages` order by `created_at` asc  
[2025-02-22 18:54:18] local.INFO: select * from `users` where `users`.`id` in (1)  
[2025-02-22 18:54:18] local.INFO: select * from `users` where `id` = ? limit 1 [1] 
[2025-02-22 18:54:18] local.INFO: Emergency Chat: Fetching messages  
[2025-02-22 18:54:18] local.INFO: select * from `chat_messages` order by `created_at` asc  
[2025-02-22 18:54:18] local.INFO: select * from `users` where `users`.`id` in (1)  
[2025-02-22 18:54:20] local.INFO: select * from `users` where `id` = ? limit 1 [1] 
[2025-02-22 18:54:20] local.INFO: Emergency Chat: Fetching messages  
[2025-02-22 18:54:20] local.INFO: select * from `chat_messages` order by `created_at` asc  
[2025-02-22 18:54:20] local.INFO: select * from `users` where `users`.`id` in (1)  
[2025-02-22 18:54:20] local.INFO: select * from `users` where `id` = ? limit 1 [1] 
[2025-02-22 18:54:20] local.INFO: Emergency Chat: Fetching messages  
[2025-02-22 18:54:20] local.INFO: select * from `chat_messages` order by `created_at` asc  
[2025-02-22 18:54:20] local.INFO: select * from `users` where `users`.`id` in (1)  
[2025-02-22 18:54:22] local.INFO: select * from `users` where `id` = ? limit 1 [1] 
[2025-02-22 18:54:22] local.INFO: Emergency Chat: Fetching messages  
[2025-02-22 18:54:22] local.INFO: select * from `chat_messages` order by `created_at` asc  
[2025-02-22 18:54:22] local.INFO: select * from `users` where `users`.`id` in (1)  
[2025-02-22 18:54:22] local.INFO: select * from `users` where `id` = ? limit 1 [1] 
[2025-02-22 18:54:22] local.INFO: Emergency Chat: Fetching messages  
[2025-02-22 18:54:22] local.INFO: select * from `chat_messages` order by `created_at` asc  
[2025-02-22 18:54:22] local.INFO: select * from `users` where `users`.`id` in (1)  
[2025-02-22 18:54:24] local.INFO: select * from `users` where `id` = ? limit 1 [1] 
[2025-02-22 18:54:24] local.INFO: Emergency Chat: Fetching messages  
[2025-02-22 18:54:24] local.INFO: select * from `chat_messages` order by `created_at` asc  
[2025-02-22 18:54:24] local.INFO: select * from `users` where `users`.`id` in (1)  
[2025-02-22 18:54:24] local.INFO: select * from `users` where `id` = ? limit 1 [1] 
[2025-02-22 18:54:24] local.INFO: Emergency Chat: Fetching messages  
[2025-02-22 18:54:24] local.INFO: select * from `chat_messages` order by `created_at` asc  
[2025-02-22 18:54:24] local.INFO: select * from `users` where `users`.`id` in (1)  
[2025-02-22 18:54:26] local.INFO: select * from `users` where `id` = ? limit 1 [1] 
[2025-02-22 18:54:26] local.INFO: Emergency Chat: Fetching messages  
[2025-02-22 18:54:26] local.INFO: select * from `chat_messages` order by `created_at` asc  
[2025-02-22 18:54:26] local.INFO: select * from `users` where `users`.`id` in (1)  
[2025-02-22 18:54:26] local.INFO: select * from `users` where `id` = ? limit 1 [1] 
[2025-02-22 18:54:26] local.INFO: Emergency Chat: Fetching messages  
[2025-02-22 18:54:26] local.INFO: select * from `chat_messages` order by `created_at` asc  
[2025-02-22 18:54:26] local.INFO: select * from `users` where `users`.`id` in (1)  
[2025-02-22 18:54:28] local.INFO: select * from `users` where `id` = ? limit 1 [1] 
[2025-02-22 18:54:28] local.INFO: Emergency Chat: Fetching messages  
[2025-02-22 18:54:28] local.INFO: select * from `chat_messages` order by `created_at` asc  
[2025-02-22 18:54:28] local.INFO: select * from `users` where `users`.`id` in (1)  
[2025-02-22 18:54:28] local.INFO: select * from `users` where `id` = ? limit 1 [1] 
[2025-02-22 18:54:28] local.INFO: Emergency Chat: Fetching messages  
[2025-02-22 18:54:28] local.INFO: select * from `chat_messages` order by `created_at` asc  
[2025-02-22 18:54:28] local.INFO: select * from `users` where `users`.`id` in (1)  
[2025-02-22 18:54:30] local.INFO: select * from `users` where `id` = ? limit 1 [1] 
[2025-02-22 18:54:30] local.INFO: Emergency Chat: Fetching messages  
[2025-02-22 18:54:30] local.INFO: select * from `chat_messages` order by `created_at` asc  
[2025-02-22 18:54:30] local.INFO: select * from `users` where `users`.`id` in (1)  
[2025-02-22 18:54:30] local.INFO: select * from `users` where `id` = ? limit 1 [1] 
[2025-02-22 18:54:30] local.INFO: Emergency Chat: Fetching messages  
[2025-02-22 18:54:30] local.INFO: select * from `chat_messages` order by `created_at` asc  
[2025-02-22 18:54:30] local.INFO: select * from `users` where `users`.`id` in (1)  
[2025-02-22 18:54:32] local.INFO: select * from `users` where `id` = ? limit 1 [1] 
[2025-02-22 18:54:32] local.INFO: Emergency Chat: Fetching messages  
[2025-02-22 18:54:32] local.INFO: select * from `chat_messages` order by `created_at` asc  
[2025-02-22 18:54:32] local.INFO: select * from `users` where `users`.`id` in (1)  
[2025-02-22 18:54:32] local.INFO: select * from `users` where `id` = ? limit 1 [1] 
[2025-02-22 18:54:32] local.INFO: Emergency Chat: Fetching messages  
[2025-02-22 18:54:32] local.INFO: select * from `chat_messages` order by `created_at` asc  
[2025-02-22 18:54:32] local.INFO: select * from `users` where `users`.`id` in (1)  
[2025-02-22 18:54:34] local.INFO: select * from `users` where `id` = ? limit 1 [1] 
[2025-02-22 18:54:34] local.INFO: Emergency Chat: Fetching messages  
[2025-02-22 18:54:34] local.INFO: select * from `chat_messages` order by `created_at` asc  
[2025-02-22 18:54:34] local.INFO: select * from `users` where `users`.`id` in (1)  
[2025-02-22 18:54:34] local.INFO: select * from `users` where `id` = ? limit 1 [1] 
[2025-02-22 18:54:34] local.INFO: Emergency Chat: Fetching messages  
[2025-02-22 18:54:34] local.INFO: select * from `chat_messages` order by `created_at` asc  
[2025-02-22 18:54:34] local.INFO: select * from `users` where `users`.`id` in (1)  
[2025-02-22 18:54:36] local.INFO: select * from `users` where `id` = ? limit 1 [1] 
[2025-02-22 18:54:36] local.INFO: Emergency Chat: Fetching messages  
[2025-02-22 18:54:36] local.INFO: select * from `chat_messages` order by `created_at` asc  
[2025-02-22 18:54:36] local.INFO: select * from `users` where `users`.`id` in (1)  
[2025-02-22 18:54:36] local.INFO: select * from `users` where `id` = ? limit 1 [1] 
[2025-02-22 18:54:36] local.INFO: Emergency Chat: Fetching messages  
[2025-02-22 18:54:36] local.INFO: select * from `chat_messages` order by `created_at` asc  
[2025-02-22 18:54:36] local.INFO: select * from `users` where `users`.`id` in (1)  
[2025-02-22 18:54:38] local.INFO: select * from `users` where `id` = ? limit 1 [1] 
[2025-02-22 18:54:38] local.INFO: Emergency Chat: Fetching messages  
[2025-02-22 18:54:38] local.INFO: select * from `chat_messages` order by `created_at` asc  
[2025-02-22 18:54:38] local.INFO: select * from `users` where `users`.`id` in (1)  
[2025-02-22 18:54:38] local.INFO: select * from `users` where `id` = ? limit 1 [1] 
[2025-02-22 18:54:38] local.INFO: Emergency Chat: Fetching messages  
[2025-02-22 18:54:38] local.INFO: select * from `chat_messages` order by `created_at` asc  
[2025-02-22 18:54:38] local.INFO: select * from `users` where `users`.`id` in (1)  
[2025-02-22 18:54:40] local.INFO: select * from `users` where `id` = ? limit 1 [1] 
[2025-02-22 18:54:40] local.INFO: Emergency Chat: Fetching messages  
[2025-02-22 18:54:40] local.INFO: select * from `chat_messages` order by `created_at` asc  
[2025-02-22 18:54:40] local.INFO: select * from `users` where `users`.`id` in (1)  
[2025-02-22 18:54:40] local.INFO: select * from `users` where `id` = ? limit 1 [1] 
[2025-02-22 18:54:40] local.INFO: Emergency Chat: Fetching messages  
[2025-02-22 18:54:40] local.INFO: select * from `chat_messages` order by `created_at` asc  
[2025-02-22 18:54:40] local.INFO: select * from `users` where `users`.`id` in (1)  
[2025-02-22 18:54:42] local.INFO: select * from `users` where `email` = ? limit 1 ["vihi@fsv.io"] 
[2025-02-22 18:54:42] local.INFO: select * from `users` where `id` = ? limit 1 [1] 
[2025-02-22 18:54:42] local.INFO: Emergency Chat: Fetching messages  
[2025-02-22 18:54:42] local.INFO: select * from `chat_messages` order by `created_at` asc  
[2025-02-22 18:54:42] local.INFO: select * from `users` where `users`.`id` in (1)  
[2025-02-22 18:54:42] local.INFO: ✅ User 1 logged in. Fetching Wave token & stream...  
[2025-02-22 18:54:42] local.INFO: 🔄 Requesting new Wave API auth token...  
[2025-02-22 18:54:42] local.INFO: select * from `users` where `id` = ? limit 1 [1] 
[2025-02-22 18:54:42] local.INFO: Emergency Chat: Fetching messages  
[2025-02-22 18:54:42] local.INFO: select * from `chat_messages` order by `created_at` asc  
[2025-02-22 18:54:42] local.INFO: select * from `users` where `users`.`id` in (1)  
[2025-02-22 18:54:43] local.INFO: ✅ Cached new Wave API token for user 1  
[2025-02-22 18:54:43] local.INFO: ⏳ Requesting new HLS stream URLs...  
[2025-02-22 18:54:43] local.DEBUG: 📄 HLS Response: #EXTM3U
#EXT-X-STREAM-INF:BANDWIDTH=1443688
https://wjqdl0y6edyhbizvejw3l8.relay-us-chi-2-prod-dp.vmsproxy.com:443/hls/46991f0f-9e6f-a682-d0fd-b92b2ff03785.m3u8?authKey=b6892781-9355-4555-8d60-2fd5c698ab36&chunked&sessionID=3&hi
#EXT-X-STREAM-INF:BANDWIDTH=28696
https://wjqdl0y6edyhbizvejw3l8.relay-us-chi-2-prod-dp.vmsproxy.com:443/hls/46991f0f-9e6f-a682-d0fd-b92b2ff03785.m3u8?authKey=b6892781-9355-4555-8d60-2fd5c698ab36&chunked&sessionID=3&lo
  
[2025-02-22 18:54:43] local.INFO: ✅ Cached new HLS stream URLs for user 1  
[2025-02-22 18:54:43] local.INFO: select * from `users` where `id` = ? limit 1 [1] 
[2025-02-22 18:54:44] local.INFO: select * from `users` where `id` = ? limit 1 [1] 
[2025-02-22 18:54:44] local.INFO: Emergency Chat: Fetching messages  
[2025-02-22 18:54:44] local.INFO: select * from `chat_messages` order by `created_at` asc  
[2025-02-22 18:54:44] local.INFO: select * from `users` where `users`.`id` in (1)  
[2025-02-22 18:54:44] local.INFO: select * from `users` where `id` = ? limit 1 [1] 
[2025-02-22 18:54:44] local.INFO: Emergency Chat: Fetching messages  
[2025-02-22 18:54:44] local.INFO: select * from `chat_messages` order by `created_at` asc  
[2025-02-22 18:54:44] local.INFO: select * from `users` where `users`.`id` in (1)  
[2025-02-22 18:54:45] local.INFO: select * from `users` where `id` = ? limit 1 [1] 
[2025-02-22 18:54:45] local.INFO: 🚪 User 1 logging out. Clearing cache.  
[2025-02-22 18:54:51] local.INFO: select * from `users` where `email` = ? limit 1 ["adam@fsv.io"] 
[2025-02-22 18:54:51] local.INFO: ✅ User 2 logged in. Fetching Wave token & stream...  
[2025-02-22 18:54:51] local.INFO: 🔄 Requesting new Wave API auth token...  
[2025-02-22 18:54:51] local.INFO: ✅ Cached new Wave API token for user 2  
[2025-02-22 18:54:51] local.INFO: ⏳ Requesting new HLS stream URLs...  
[2025-02-22 18:54:52] local.DEBUG: 📄 HLS Response: #EXTM3U
#EXT-X-STREAM-INF:BANDWIDTH=1362016
https://wjqdl0y6edyhbizvejw3l8.relay-us-chi-2-prod-dp.vmsproxy.com:443/hls/46991f0f-9e6f-a682-d0fd-b92b2ff03785.m3u8?authKey=f546f1a7-ef9f-4fa7-863b-219445258b22&chunked&sessionID=4&hi
#EXT-X-STREAM-INF:BANDWIDTH=24840
https://wjqdl0y6edyhbizvejw3l8.relay-us-chi-2-prod-dp.vmsproxy.com:443/hls/46991f0f-9e6f-a682-d0fd-b92b2ff03785.m3u8?authKey=f546f1a7-ef9f-4fa7-863b-219445258b22&chunked&sessionID=4&lo
  
[2025-02-22 18:54:52] local.INFO: ✅ Cached new HLS stream URLs for user 2  
[2025-02-22 18:54:52] local.INFO: select * from `users` where `id` = ? limit 1 [2] 
[2025-02-22 18:54:52] local.INFO: Emergency Chat: Fetching messages  
[2025-02-22 18:54:52] local.INFO: select * from `chat_messages` order by `created_at` asc  
[2025-02-22 18:54:52] local.INFO: select * from `users` where `users`.`id` in (1)  
[2025-02-22 18:54:54] local.INFO: select * from `users` where `id` = ? limit 1 [2] 
[2025-02-22 18:54:54] local.INFO: Emergency Chat: Fetching messages  
[2025-02-22 18:54:54] local.INFO: select * from `chat_messages` order by `created_at` asc  
[2025-02-22 18:54:54] local.INFO: select * from `users` where `users`.`id` in (1)  
[2025-02-22 18:54:56] local.INFO: select * from `users` where `id` = ? limit 1 [2] 
[2025-02-22 18:54:56] local.INFO: Emergency Chat: Fetching messages  
[2025-02-22 18:54:56] local.INFO: select * from `chat_messages` order by `created_at` asc  
[2025-02-22 18:54:56] local.INFO: select * from `users` where `users`.`id` in (1)  
[2025-02-22 18:54:58] local.INFO: select * from `users` where `id` = ? limit 1 [2] 
[2025-02-22 18:54:58] local.INFO: Emergency Chat: Fetching messages  
[2025-02-22 18:54:58] local.INFO: select * from `chat_messages` order by `created_at` asc  
[2025-02-22 18:54:58] local.INFO: select * from `users` where `users`.`id` in (1)  
[2025-02-22 18:55:00] local.INFO: select * from `users` where `id` = ? limit 1 [2] 
[2025-02-22 18:55:00] local.INFO: Emergency Chat: Fetching messages  
[2025-02-22 18:55:00] local.INFO: select * from `chat_messages` order by `created_at` asc  
[2025-02-22 18:55:00] local.INFO: select * from `users` where `users`.`id` in (1)  
[2025-02-22 18:55:02] local.INFO: select * from `users` where `id` = ? limit 1 [2] 
[2025-02-22 18:55:02] local.INFO: Emergency Chat: Fetching messages  
[2025-02-22 18:55:02] local.INFO: select * from `chat_messages` order by `created_at` asc  
[2025-02-22 18:55:02] local.INFO: select * from `users` where `users`.`id` in (1)  
[2025-02-22 18:55:04] local.INFO: select * from `users` where `id` = ? limit 1 [2] 
[2025-02-22 18:55:04] local.INFO: Emergency Chat: Fetching messages  
[2025-02-22 18:55:04] local.INFO: select * from `chat_messages` order by `created_at` asc  
[2025-02-22 18:55:04] local.INFO: select * from `users` where `users`.`id` in (1)  
[2025-02-22 18:55:06] local.INFO: select * from `users` where `id` = ? limit 1 [2] 
[2025-02-22 18:55:06] local.INFO: Emergency Chat: Fetching messages  
[2025-02-22 18:55:06] local.INFO: select * from `chat_messages` order by `created_at` asc  
[2025-02-22 18:55:06] local.INFO: select * from `users` where `users`.`id` in (1)  
[2025-02-22 18:55:08] local.INFO: select * from `users` where `id` = ? limit 1 [2] 
[2025-02-22 18:55:08] local.INFO: Emergency Chat: Fetching messages  
[2025-02-22 18:55:08] local.INFO: select * from `chat_messages` order by `created_at` asc  
[2025-02-22 18:55:08] local.INFO: select * from `users` where `users`.`id` in (1)  
[2025-02-22 18:55:10] local.INFO: select * from `users` where `id` = ? limit 1 [2] 
[2025-02-22 18:55:10] local.INFO: Emergency Chat: Fetching messages  
[2025-02-22 18:55:10] local.INFO: select * from `chat_messages` order by `created_at` asc  
[2025-02-22 18:55:10] local.INFO: select * from `users` where `users`.`id` in (1)  
[2025-02-22 18:55:12] local.INFO: select * from `users` where `id` = ? limit 1 [2] 
[2025-02-22 18:55:12] local.INFO: Emergency Chat: Fetching messages  
[2025-02-22 18:55:12] local.INFO: select * from `chat_messages` order by `created_at` asc  
[2025-02-22 18:55:12] local.INFO: select * from `users` where `users`.`id` in (1)  
[2025-02-22 18:55:14] local.INFO: select * from `users` where `id` = ? limit 1 [2] 
[2025-02-22 18:55:14] local.INFO: Emergency Chat: Fetching messages  
[2025-02-22 18:55:14] local.INFO: select * from `chat_messages` order by `created_at` asc  
[2025-02-22 18:55:14] local.INFO: select * from `users` where `users`.`id` in (1)  
[2025-02-22 18:55:16] local.INFO: select * from `users` where `id` = ? limit 1 [2] 
[2025-02-22 18:55:16] local.INFO: Emergency Chat: Fetching messages  
[2025-02-22 18:55:16] local.INFO: select * from `chat_messages` order by `created_at` asc  
[2025-02-22 18:55:16] local.INFO: select * from `users` where `users`.`id` in (1)  
[2025-02-22 18:55:18] local.INFO: select * from `users` where `id` = ? limit 1 [2] 
[2025-02-22 18:55:18] local.INFO: Emergency Chat: Fetching messages  
[2025-02-22 18:55:18] local.INFO: select * from `chat_messages` order by `created_at` asc  
[2025-02-22 18:55:18] local.INFO: select * from `users` where `users`.`id` in (1)  
[2025-02-22 18:55:18] local.INFO: select * from `users` where `id` = ? limit 1 [2] 
[2025-02-22 18:55:18] local.INFO: select * from `users` where `id` = ? limit 1 [2] 
[2025-02-22 18:55:18] local.INFO: Emergency Chat: Fetching messages  
[2025-02-22 18:55:18] local.INFO: select * from `chat_messages` order by `created_at` asc  
[2025-02-22 18:55:18] local.INFO: select * from `users` where `users`.`id` in (1)  
[2025-02-22 18:55:20] local.INFO: select * from `users` where `id` = ? limit 1 [2] 
[2025-02-22 18:55:20] local.INFO: Emergency Chat: Fetching messages  
[2025-02-22 18:55:20] local.INFO: select * from `chat_messages` order by `created_at` asc  
[2025-02-22 18:55:20] local.INFO: select * from `users` where `users`.`id` in (1)  
[2025-02-22 18:55:20] local.INFO: select * from `users` where `id` = ? limit 1 [2] 
[2025-02-22 18:55:20] local.INFO: Emergency Chat: Fetching messages  
[2025-02-22 18:55:20] local.INFO: select * from `chat_messages` order by `created_at` asc  
[2025-02-22 18:55:20] local.INFO: select * from `users` where `users`.`id` in (1)  
[2025-02-22 18:55:22] local.INFO: select * from `users` where `id` = ? limit 1 [2] 
[2025-02-22 18:55:22] local.INFO: Emergency Chat: Fetching messages  
[2025-02-22 18:55:22] local.INFO: select * from `chat_messages` order by `created_at` asc  
[2025-02-22 18:55:22] local.INFO: select * from `users` where `users`.`id` in (1)  
[2025-02-22 18:55:22] local.INFO: select * from `users` where `id` = ? limit 1 [2] 
[2025-02-22 18:55:22] local.INFO: Emergency Chat: Fetching messages  
[2025-02-22 18:55:22] local.INFO: select * from `chat_messages` order by `created_at` asc  
[2025-02-22 18:55:22] local.INFO: select * from `users` where `users`.`id` in (1)  
[2025-02-22 18:55:24] local.INFO: select * from `users` where `id` = ? limit 1 [2] 
[2025-02-22 18:55:24] local.INFO: Emergency Chat: Fetching messages  
[2025-02-22 18:55:24] local.INFO: select * from `chat_messages` order by `created_at` asc  
[2025-02-22 18:55:24] local.INFO: select * from `users` where `users`.`id` in (1)  
[2025-02-22 18:55:24] local.INFO: select * from `users` where `id` = ? limit 1 [2] 
[2025-02-22 18:55:24] local.INFO: Emergency Chat: Fetching messages  
[2025-02-22 18:55:24] local.INFO: select * from `chat_messages` order by `created_at` asc  
[2025-02-22 18:55:24] local.INFO: select * from `users` where `users`.`id` in (1)  
[2025-02-22 18:55:25] local.INFO: select * from `users` where `id` = ? limit 1 [2] 
[2025-02-22 18:55:25] local.INFO: Emergency Chat: Incoming message request {"data":{"message":"test back"}} 
[2025-02-22 18:55:25] local.INFO: insert into `chat_messages` (`user_id`, `body`, `conversation_id`, `updated_at`, `created_at`) values (?, ?, ?, ?, ?) [2,"test back",1,"2025-02-22 18:55:25","2025-02-22 18:55:25"] 
[2025-02-22 18:55:25] local.INFO: Emergency Chat: Message saved {"user_id":2,"message":"test back"} 
[2025-02-22 18:55:25] local.INFO: select * from `users` where `id` = ? limit 1 [2] 
[2025-02-22 18:55:25] local.INFO: Emergency Chat: Fetching messages  
[2025-02-22 18:55:25] local.INFO: select * from `chat_messages` order by `created_at` asc  
[2025-02-22 18:55:25] local.INFO: select * from `users` where `users`.`id` in (1, 2)  
[2025-02-22 18:55:26] local.INFO: select * from `users` where `id` = ? limit 1 [2] 
[2025-02-22 18:55:26] local.INFO: Emergency Chat: Fetching messages  
[2025-02-22 18:55:26] local.INFO: select * from `chat_messages` order by `created_at` asc  
[2025-02-22 18:55:26] local.INFO: select * from `users` where `users`.`id` in (1, 2)  
[2025-02-22 18:55:26] local.INFO: select * from `users` where `id` = ? limit 1 [2] 
[2025-02-22 18:55:26] local.INFO: Emergency Chat: Fetching messages  
[2025-02-22 18:55:26] local.INFO: select * from `chat_messages` order by `created_at` asc  
[2025-02-22 18:55:26] local.INFO: select * from `users` where `users`.`id` in (1, 2)  
[2025-02-22 18:55:28] local.INFO: select * from `users` where `id` = ? limit 1 [2] 
[2025-02-22 18:55:28] local.INFO: Emergency Chat: Fetching messages  
[2025-02-22 18:55:28] local.INFO: select * from `chat_messages` order by `created_at` asc  
[2025-02-22 18:55:28] local.INFO: select * from `users` where `users`.`id` in (1, 2)  
[2025-02-22 18:55:28] local.INFO: select * from `users` where `id` = ? limit 1 [2] 
[2025-02-22 18:55:28] local.INFO: Emergency Chat: Fetching messages  
[2025-02-22 18:55:28] local.INFO: select * from `chat_messages` order by `created_at` asc  
[2025-02-22 18:55:28] local.INFO: select * from `users` where `users`.`id` in (1, 2)  
[2025-02-22 18:55:30] local.INFO: select * from `users` where `id` = ? limit 1 [2] 
[2025-02-22 18:55:30] local.INFO: Emergency Chat: Fetching messages  
[2025-02-22 18:55:30] local.INFO: select * from `chat_messages` order by `created_at` asc  
[2025-02-22 18:55:30] local.INFO: select * from `users` where `users`.`id` in (1, 2)  
[2025-02-22 18:55:30] local.INFO: select * from `users` where `id` = ? limit 1 [2] 
[2025-02-22 18:55:30] local.INFO: Emergency Chat: Fetching messages  
[2025-02-22 18:55:30] local.INFO: select * from `chat_messages` order by `created_at` asc  
[2025-02-22 18:55:30] local.INFO: select * from `users` where `users`.`id` in (1, 2)  
[2025-02-22 18:55:32] local.INFO: select * from `users` where `id` = ? limit 1 [2] 
[2025-02-22 18:55:32] local.INFO: Emergency Chat: Fetching messages  
[2025-02-22 18:55:32] local.INFO: select * from `chat_messages` order by `created_at` asc  
[2025-02-22 18:55:32] local.INFO: select * from `users` where `users`.`id` in (1, 2)  
[2025-02-22 18:55:32] local.INFO: select * from `users` where `id` = ? limit 1 [2] 
[2025-02-22 18:55:32] local.INFO: Emergency Chat: Fetching messages  
[2025-02-22 18:55:32] local.INFO: select * from `chat_messages` order by `created_at` asc  
[2025-02-22 18:55:32] local.INFO: select * from `users` where `users`.`id` in (1, 2)  
[2025-02-22 18:55:34] local.INFO: select * from `users` where `id` = ? limit 1 [2] 
[2025-02-22 18:55:34] local.INFO: Emergency Chat: Fetching messages  
[2025-02-22 18:55:34] local.INFO: select * from `chat_messages` order by `created_at` asc  
[2025-02-22 18:55:34] local.INFO: select * from `users` where `users`.`id` in (1, 2)  
[2025-02-22 18:55:34] local.INFO: select * from `users` where `id` = ? limit 1 [2] 
[2025-02-22 18:55:34] local.INFO: Emergency Chat: Fetching messages  
[2025-02-22 18:55:34] local.INFO: select * from `chat_messages` order by `created_at` asc  
[2025-02-22 18:55:34] local.INFO: select * from `users` where `users`.`id` in (1, 2)  
[2025-02-22 18:55:35] local.INFO: select * from `users` where `id` = ? limit 1 [1] 
[2025-02-22 18:55:35] local.INFO: select * from `users` where `id` = ? limit 1 [1] 
[2025-02-22 18:55:35] local.INFO: Emergency Chat: Fetching messages  
[2025-02-22 18:55:35] local.INFO: select * from `chat_messages` order by `created_at` asc  
[2025-02-22 18:55:35] local.INFO: select * from `users` where `users`.`id` in (1, 2)  
[2025-02-22 18:55:36] local.INFO: select * from `users` where `id` = ? limit 1 [2] 
[2025-02-22 18:55:36] local.INFO: Emergency Chat: Fetching messages  
[2025-02-22 18:55:36] local.INFO: select * from `chat_messages` order by `created_at` asc  
[2025-02-22 18:55:36] local.INFO: select * from `users` where `users`.`id` in (1, 2)  
[2025-02-22 18:55:36] local.INFO: select * from `users` where `id` = ? limit 1 [2] 
[2025-02-22 18:55:36] local.INFO: Emergency Chat: Fetching messages  
[2025-02-22 18:55:36] local.INFO: select * from `chat_messages` order by `created_at` asc  
[2025-02-22 18:55:36] local.INFO: select * from `users` where `users`.`id` in (1, 2)  
[2025-02-22 18:55:37] local.INFO: select * from `users` where `id` = ? limit 1 [1] 
[2025-02-22 18:55:37] local.INFO: Emergency Chat: Fetching messages  
[2025-02-22 18:55:37] local.INFO: select * from `chat_messages` order by `created_at` asc  
[2025-02-22 18:55:37] local.INFO: select * from `users` where `users`.`id` in (1, 2)  
[2025-02-22 18:55:38] local.INFO: select * from `users` where `id` = ? limit 1 [2] 
[2025-02-22 18:55:38] local.INFO: Emergency Chat: Fetching messages  
[2025-02-22 18:55:38] local.INFO: select * from `chat_messages` order by `created_at` asc  
[2025-02-22 18:55:38] local.INFO: select * from `users` where `users`.`id` in (1, 2)  
[2025-02-22 18:55:38] local.INFO: select * from `users` where `id` = ? limit 1 [2] 
[2025-02-22 18:55:38] local.INFO: Emergency Chat: Fetching messages  
[2025-02-22 18:55:38] local.INFO: select * from `chat_messages` order by `created_at` asc  
[2025-02-22 18:55:38] local.INFO: select * from `users` where `users`.`id` in (1, 2)  
[2025-02-22 18:55:39] local.INFO: select * from `users` where `id` = ? limit 1 [1] 
[2025-02-22 18:55:39] local.INFO: Emergency Chat: Fetching messages  
[2025-02-22 18:55:39] local.INFO: select * from `chat_messages` order by `created_at` asc  
[2025-02-22 18:55:39] local.INFO: select * from `users` where `users`.`id` in (1, 2)  
[2025-02-22 18:55:40] local.INFO: select * from `users` where `id` = ? limit 1 [2] 
[2025-02-22 18:55:40] local.INFO: Emergency Chat: Fetching messages  
[2025-02-22 18:55:40] local.INFO: select * from `chat_messages` order by `created_at` asc  
[2025-02-22 18:55:40] local.INFO: select * from `users` where `users`.`id` in (1, 2)  
[2025-02-22 18:55:40] local.INFO: select * from `users` where `id` = ? limit 1 [2] 
[2025-02-22 18:55:40] local.INFO: Emergency Chat: Fetching messages  
[2025-02-22 18:55:40] local.INFO: select * from `chat_messages` order by `created_at` asc  
[2025-02-22 18:55:40] local.INFO: select * from `users` where `users`.`id` in (1, 2)  
[2025-02-22 18:55:41] local.INFO: select * from `users` where `id` = ? limit 1 [1] 
[2025-02-22 18:55:41] local.INFO: Emergency Chat: Incoming message request {"data":{"message":"back test"}} 
[2025-02-22 18:55:41] local.INFO: insert into `chat_messages` (`user_id`, `body`, `conversation_id`, `updated_at`, `created_at`) values (?, ?, ?, ?, ?) [1,"back test",1,"2025-02-22 18:55:41","2025-02-22 18:55:41"] 
[2025-02-22 18:55:41] local.INFO: Emergency Chat: Message saved {"user_id":1,"message":"back test"} 
[2025-02-22 18:55:41] local.INFO: select * from `users` where `id` = ? limit 1 [1] 
[2025-02-22 18:55:41] local.INFO: Emergency Chat: Fetching messages  
[2025-02-22 18:55:41] local.INFO: select * from `chat_messages` order by `created_at` asc  
[2025-02-22 18:55:41] local.INFO: select * from `users` where `users`.`id` in (1, 2)  
[2025-02-22 18:55:41] local.INFO: select * from `users` where `id` = ? limit 1 [1] 
[2025-02-22 18:55:41] local.INFO: Emergency Chat: Fetching messages  
[2025-02-22 18:55:41] local.INFO: select * from `chat_messages` order by `created_at` asc  
[2025-02-22 18:55:41] local.INFO: select * from `users` where `users`.`id` in (1, 2)  
[2025-02-22 18:55:42] local.INFO: select * from `users` where `id` = ? limit 1 [2] 
[2025-02-22 18:55:42] local.INFO: Emergency Chat: Fetching messages  
[2025-02-22 18:55:42] local.INFO: select * from `chat_messages` order by `created_at` asc  
[2025-02-22 18:55:42] local.INFO: select * from `users` where `users`.`id` in (1, 2)  
[2025-02-22 18:55:42] local.INFO: select * from `users` where `id` = ? limit 1 [2] 
[2025-02-22 18:55:42] local.INFO: Emergency Chat: Fetching messages  
[2025-02-22 18:55:42] local.INFO: select * from `chat_messages` order by `created_at` asc  
[2025-02-22 18:55:42] local.INFO: select * from `users` where `users`.`id` in (1, 2)  
[2025-02-22 18:55:43] local.INFO: select * from `users` where `id` = ? limit 1 [1] 
[2025-02-22 18:55:43] local.INFO: Emergency Chat: Fetching messages  
[2025-02-22 18:55:43] local.INFO: select * from `chat_messages` order by `created_at` asc  
[2025-02-22 18:55:43] local.INFO: select * from `users` where `users`.`id` in (1, 2)  
[2025-02-22 18:55:44] local.INFO: select * from `users` where `id` = ? limit 1 [2] 
[2025-02-22 18:55:44] local.INFO: Emergency Chat: Fetching messages  
[2025-02-22 18:55:44] local.INFO: select * from `chat_messages` order by `created_at` asc  
[2025-02-22 18:55:44] local.INFO: select * from `users` where `users`.`id` in (1, 2)  
[2025-02-22 18:55:44] local.INFO: select * from `users` where `id` = ? limit 1 [2] 
[2025-02-22 18:55:44] local.INFO: Emergency Chat: Fetching messages  
[2025-02-22 18:55:44] local.INFO: select * from `chat_messages` order by `created_at` asc  
[2025-02-22 18:55:44] local.INFO: select * from `users` where `users`.`id` in (1, 2)  
[2025-02-22 18:55:45] local.INFO: select * from `users` where `id` = ? limit 1 [1] 
[2025-02-22 18:55:45] local.INFO: Emergency Chat: Fetching messages  
[2025-02-22 18:55:45] local.INFO: select * from `chat_messages` order by `created_at` asc  
[2025-02-22 18:55:45] local.INFO: select * from `users` where `users`.`id` in (1, 2)  
[2025-02-22 18:55:46] local.INFO: select * from `users` where `id` = ? limit 1 [2] 
[2025-02-22 18:55:46] local.INFO: Emergency Chat: Fetching messages  
[2025-02-22 18:55:46] local.INFO: select * from `chat_messages` order by `created_at` asc  
[2025-02-22 18:55:46] local.INFO: select * from `users` where `users`.`id` in (1, 2)  
[2025-02-22 18:55:46] local.INFO: select * from `users` where `id` = ? limit 1 [2] 
[2025-02-22 18:55:46] local.INFO: Emergency Chat: Fetching messages  
[2025-02-22 18:55:46] local.INFO: select * from `chat_messages` order by `created_at` asc  
[2025-02-22 18:55:46] local.INFO: select * from `users` where `users`.`id` in (1, 2)  
[2025-02-22 18:55:47] local.INFO: select * from `users` where `id` = ? limit 1 [1] 
[2025-02-22 18:55:47] local.INFO: Emergency Chat: Fetching messages  
[2025-02-22 18:55:47] local.INFO: select * from `chat_messages` order by `created_at` asc  
[2025-02-22 18:55:47] local.INFO: select * from `users` where `users`.`id` in (1, 2)  
[2025-02-22 18:55:48] local.INFO: select * from `users` where `id` = ? limit 1 [2] 
[2025-02-22 18:55:48] local.INFO: Emergency Chat: Fetching messages  
[2025-02-22 18:55:48] local.INFO: select * from `chat_messages` order by `created_at` asc  
[2025-02-22 18:55:48] local.INFO: select * from `users` where `users`.`id` in (1, 2)  
[2025-02-22 18:55:48] local.INFO: select * from `users` where `id` = ? limit 1 [2] 
[2025-02-22 18:55:48] local.INFO: Emergency Chat: Fetching messages  
[2025-02-22 18:55:48] local.INFO: select * from `chat_messages` order by `created_at` asc  
[2025-02-22 18:55:48] local.INFO: select * from `users` where `users`.`id` in (1, 2)  
[2025-02-22 18:55:49] local.INFO: select * from `users` where `id` = ? limit 1 [1] 
[2025-02-22 18:55:49] local.INFO: Emergency Chat: Fetching messages  
[2025-02-22 18:55:49] local.INFO: select * from `chat_messages` order by `created_at` asc  
[2025-02-22 18:55:49] local.INFO: select * from `users` where `users`.`id` in (1, 2)  
[2025-02-22 18:55:50] local.INFO: select * from `users` where `id` = ? limit 1 [2] 
[2025-02-22 18:55:50] local.INFO: Emergency Chat: Fetching messages  
[2025-02-22 18:55:50] local.INFO: select * from `chat_messages` order by `created_at` asc  
[2025-02-22 18:55:50] local.INFO: select * from `users` where `users`.`id` in (1, 2)  
[2025-02-22 18:55:50] local.INFO: select * from `users` where `id` = ? limit 1 [2] 
[2025-02-22 18:55:50] local.INFO: Emergency Chat: Fetching messages  
[2025-02-22 18:55:50] local.INFO: select * from `chat_messages` order by `created_at` asc  
[2025-02-22 18:55:50] local.INFO: select * from `users` where `users`.`id` in (1, 2)  
[2025-02-22 18:55:51] local.INFO: select * from `users` where `id` = ? limit 1 [1] 
[2025-02-22 18:55:51] local.INFO: Emergency Chat: Fetching messages  
[2025-02-22 18:55:51] local.INFO: select * from `chat_messages` order by `created_at` asc  
[2025-02-22 18:55:51] local.INFO: select * from `users` where `users`.`id` in (1, 2)  
[2025-02-22 18:55:52] local.INFO: select * from `users` where `id` = ? limit 1 [2] 
[2025-02-22 18:55:52] local.INFO: Emergency Chat: Fetching messages  
[2025-02-22 18:55:52] local.INFO: select * from `chat_messages` order by `created_at` asc  
[2025-02-22 18:55:52] local.INFO: select * from `users` where `users`.`id` in (1, 2)  
[2025-02-22 18:55:52] local.INFO: select * from `users` where `id` = ? limit 1 [2] 
[2025-02-22 18:55:52] local.INFO: Emergency Chat: Fetching messages  
[2025-02-22 18:55:52] local.INFO: select * from `chat_messages` order by `created_at` asc  
[2025-02-22 18:55:52] local.INFO: select * from `users` where `users`.`id` in (1, 2)  
[2025-02-22 18:55:53] local.INFO: select * from `users` where `id` = ? limit 1 [1] 
[2025-02-22 18:55:53] local.INFO: Emergency Chat: Fetching messages  
[2025-02-22 18:55:53] local.INFO: select * from `chat_messages` order by `created_at` asc  
[2025-02-22 18:55:53] local.INFO: select * from `users` where `users`.`id` in (1, 2)  
[2025-02-22 18:55:54] local.INFO: select * from `users` where `id` = ? limit 1 [2] 
[2025-02-22 18:55:54] local.INFO: Emergency Chat: Fetching messages  
[2025-02-22 18:55:54] local.INFO: select * from `chat_messages` order by `created_at` asc  
[2025-02-22 18:55:54] local.INFO: select * from `users` where `users`.`id` in (1, 2)  
[2025-02-22 18:55:54] local.INFO: select * from `users` where `id` = ? limit 1 [2] 
[2025-02-22 18:55:54] local.INFO: Emergency Chat: Fetching messages  
[2025-02-22 18:55:54] local.INFO: select * from `chat_messages` order by `created_at` asc  
[2025-02-22 18:55:54] local.INFO: select * from `users` where `users`.`id` in (1, 2)  
[2025-02-22 18:55:55] local.INFO: select * from `users` where `id` = ? limit 1 [1] 
[2025-02-22 18:55:55] local.INFO: Emergency Chat: Fetching messages  
[2025-02-22 18:55:55] local.INFO: select * from `chat_messages` order by `created_at` asc  
[2025-02-22 18:55:55] local.INFO: select * from `users` where `users`.`id` in (1, 2)  
[2025-02-22 18:55:56] local.INFO: select * from `users` where `id` = ? limit 1 [2] 
[2025-02-22 18:55:56] local.INFO: Emergency Chat: Fetching messages  
[2025-02-22 18:55:56] local.INFO: select * from `chat_messages` order by `created_at` asc  
[2025-02-22 18:55:56] local.INFO: select * from `users` where `users`.`id` in (1, 2)  
[2025-02-22 18:55:56] local.INFO: select * from `users` where `id` = ? limit 1 [2] 
[2025-02-22 18:55:56] local.INFO: Emergency Chat: Fetching messages  
[2025-02-22 18:55:56] local.INFO: select * from `chat_messages` order by `created_at` asc  
[2025-02-22 18:55:56] local.INFO: select * from `users` where `users`.`id` in (1, 2)  
[2025-02-22 18:55:57] local.INFO: select * from `users` where `id` = ? limit 1 [1] 
[2025-02-22 18:55:57] local.INFO: Emergency Chat: Fetching messages  
[2025-02-22 18:55:57] local.INFO: select * from `chat_messages` order by `created_at` asc  
[2025-02-22 18:55:57] local.INFO: select * from `users` where `users`.`id` in (1, 2)  
[2025-02-22 18:55:58] local.INFO: select * from `users` where `id` = ? limit 1 [2] 
[2025-02-22 18:55:58] local.INFO: Emergency Chat: Fetching messages  
[2025-02-22 18:55:58] local.INFO: select * from `chat_messages` order by `created_at` asc  
[2025-02-22 18:55:58] local.INFO: select * from `users` where `users`.`id` in (1, 2)  
[2025-02-22 18:55:58] local.INFO: select * from `users` where `id` = ? limit 1 [2] 
[2025-02-22 18:55:58] local.INFO: Emergency Chat: Fetching messages  
[2025-02-22 18:55:58] local.INFO: select * from `chat_messages` order by `created_at` asc  
[2025-02-22 18:55:58] local.INFO: select * from `users` where `users`.`id` in (1, 2)  
[2025-02-22 18:55:59] local.INFO: select * from `users` where `id` = ? limit 1 [1] 
[2025-02-22 18:55:59] local.INFO: Emergency Chat: Fetching messages  
[2025-02-22 18:55:59] local.INFO: select * from `chat_messages` order by `created_at` asc  
[2025-02-22 18:55:59] local.INFO: select * from `users` where `users`.`id` in (1, 2)  
[2025-02-22 18:56:00] local.INFO: select * from `users` where `id` = ? limit 1 [2] 
[2025-02-22 18:56:00] local.INFO: Emergency Chat: Fetching messages  
[2025-02-22 18:56:00] local.INFO: select * from `chat_messages` order by `created_at` asc  
[2025-02-22 18:56:00] local.INFO: select * from `users` where `users`.`id` in (1, 2)  
[2025-02-22 18:56:00] local.INFO: select * from `users` where `id` = ? limit 1 [2] 
[2025-02-22 18:56:00] local.INFO: Emergency Chat: Fetching messages  
[2025-02-22 18:56:00] local.INFO: select * from `chat_messages` order by `created_at` asc  
[2025-02-22 18:56:00] local.INFO: select * from `users` where `users`.`id` in (1, 2)  
[2025-02-22 18:56:01] local.INFO: select * from `users` where `id` = ? limit 1 [1] 
[2025-02-22 18:56:01] local.INFO: Emergency Chat: Fetching messages  
[2025-02-22 18:56:01] local.INFO: select * from `chat_messages` order by `created_at` asc  
[2025-02-22 18:56:01] local.INFO: select * from `users` where `users`.`id` in (1, 2)  
[2025-02-22 18:56:02] local.INFO: select * from `users` where `id` = ? limit 1 [2] 
[2025-02-22 18:56:02] local.INFO: Emergency Chat: Fetching messages  
[2025-02-22 18:56:02] local.INFO: select * from `chat_messages` order by `created_at` asc  
[2025-02-22 18:56:02] local.INFO: select * from `users` where `users`.`id` in (1, 2)  
[2025-02-22 18:56:02] local.INFO: select * from `users` where `id` = ? limit 1 [2] 
[2025-02-22 18:56:02] local.INFO: Emergency Chat: Fetching messages  
[2025-02-22 18:56:02] local.INFO: select * from `chat_messages` order by `created_at` asc  
[2025-02-22 18:56:02] local.INFO: select * from `users` where `users`.`id` in (1, 2)  
[2025-02-22 18:56:03] local.INFO: select * from `users` where `id` = ? limit 1 [1] 
[2025-02-22 18:56:03] local.INFO: Emergency Chat: Fetching messages  
[2025-02-22 18:56:03] local.INFO: select * from `chat_messages` order by `created_at` asc  
[2025-02-22 18:56:03] local.INFO: select * from `users` where `users`.`id` in (1, 2)  
[2025-02-22 18:56:04] local.INFO: select * from `users` where `id` = ? limit 1 [2] 
[2025-02-22 18:56:04] local.INFO: Emergency Chat: Fetching messages  
[2025-02-22 18:56:04] local.INFO: select * from `chat_messages` order by `created_at` asc  
[2025-02-22 18:56:04] local.INFO: select * from `users` where `users`.`id` in (1, 2)  
[2025-02-22 18:56:04] local.INFO: select * from `users` where `id` = ? limit 1 [2] 
[2025-02-22 18:56:04] local.INFO: Emergency Chat: Fetching messages  
[2025-02-22 18:56:04] local.INFO: select * from `chat_messages` order by `created_at` asc  
[2025-02-22 18:56:04] local.INFO: select * from `users` where `users`.`id` in (1, 2)  
[2025-02-22 18:56:05] local.INFO: select * from `users` where `id` = ? limit 1 [1] 
[2025-02-22 18:56:05] local.INFO: Emergency Chat: Fetching messages  
[2025-02-22 18:56:05] local.INFO: select * from `chat_messages` order by `created_at` asc  
[2025-02-22 18:56:05] local.INFO: select * from `users` where `users`.`id` in (1, 2)  
[2025-02-22 18:56:06] local.INFO: select * from `users` where `id` = ? limit 1 [2] 
[2025-02-22 18:56:06] local.INFO: Emergency Chat: Fetching messages  
[2025-02-22 18:56:06] local.INFO: select * from `chat_messages` order by `created_at` asc  
[2025-02-22 18:56:06] local.INFO: select * from `users` where `users`.`id` in (1, 2)  
[2025-02-22 18:56:06] local.INFO: select * from `users` where `id` = ? limit 1 [2] 
[2025-02-22 18:56:06] local.INFO: Emergency Chat: Fetching messages  
[2025-02-22 18:56:06] local.INFO: select * from `chat_messages` order by `created_at` asc  
[2025-02-22 18:56:06] local.INFO: select * from `users` where `users`.`id` in (1, 2)  
[2025-02-22 18:56:07] local.INFO: select * from `users` where `id` = ? limit 1 [1] 
[2025-02-22 18:56:07] local.INFO: Emergency Chat: Fetching messages  
[2025-02-22 18:56:07] local.INFO: select * from `chat_messages` order by `created_at` asc  
[2025-02-22 18:56:07] local.INFO: select * from `users` where `users`.`id` in (1, 2)  
[2025-02-22 18:56:08] local.INFO: select * from `users` where `id` = ? limit 1 [2] 
[2025-02-22 18:56:08] local.INFO: Emergency Chat: Fetching messages  
[2025-02-22 18:56:08] local.INFO: select * from `chat_messages` order by `created_at` asc  
[2025-02-22 18:56:08] local.INFO: select * from `users` where `users`.`id` in (1, 2)  
[2025-02-22 18:56:08] local.INFO: select * from `users` where `id` = ? limit 1 [2] 
[2025-02-22 18:56:08] local.INFO: Emergency Chat: Fetching messages  
[2025-02-22 18:56:08] local.INFO: select * from `chat_messages` order by `created_at` asc  
[2025-02-22 18:56:08] local.INFO: select * from `users` where `users`.`id` in (1, 2)  
[2025-02-22 18:56:09] local.INFO: select * from `users` where `id` = ? limit 1 [1] 
[2025-02-22 18:56:09] local.INFO: Emergency Chat: Fetching messages  
[2025-02-22 18:56:09] local.INFO: select * from `chat_messages` order by `created_at` asc  
[2025-02-22 18:56:09] local.INFO: select * from `users` where `users`.`id` in (1, 2)  
[2025-02-22 18:56:10] local.INFO: select * from `users` where `id` = ? limit 1 [2] 
[2025-02-22 18:56:10] local.INFO: Emergency Chat: Fetching messages  
[2025-02-22 18:56:10] local.INFO: select * from `chat_messages` order by `created_at` asc  
[2025-02-22 18:56:10] local.INFO: select * from `users` where `users`.`id` in (1, 2)  
[2025-02-22 18:56:10] local.INFO: select * from `users` where `id` = ? limit 1 [2] 
[2025-02-22 18:56:10] local.INFO: Emergency Chat: Fetching messages  
[2025-02-22 18:56:10] local.INFO: select * from `chat_messages` order by `created_at` asc  
[2025-02-22 18:56:10] local.INFO: select * from `users` where `users`.`id` in (1, 2)  
[2025-02-22 18:56:11] local.INFO: select * from `users` where `id` = ? limit 1 [1] 
[2025-02-22 18:56:11] local.INFO: Emergency Chat: Fetching messages  
[2025-02-22 18:56:11] local.INFO: select * from `chat_messages` order by `created_at` asc  
[2025-02-22 18:56:11] local.INFO: select * from `users` where `users`.`id` in (1, 2)  
[2025-02-22 18:56:12] local.INFO: select * from `users` where `id` = ? limit 1 [2] 
[2025-02-22 18:56:12] local.INFO: Emergency Chat: Fetching messages  
[2025-02-22 18:56:12] local.INFO: select * from `chat_messages` order by `created_at` asc  
[2025-02-22 18:56:12] local.INFO: select * from `users` where `users`.`id` in (1, 2)  
[2025-02-22 18:56:12] local.INFO: select * from `users` where `id` = ? limit 1 [2] 
[2025-02-22 18:56:12] local.INFO: Emergency Chat: Fetching messages  
[2025-02-22 18:56:12] local.INFO: select * from `chat_messages` order by `created_at` asc  
[2025-02-22 18:56:12] local.INFO: select * from `users` where `users`.`id` in (1, 2)  
[2025-02-22 18:56:13] local.INFO: select * from `users` where `id` = ? limit 1 [1] 
[2025-02-22 18:56:13] local.INFO: Emergency Chat: Fetching messages  
[2025-02-22 18:56:13] local.INFO: select * from `chat_messages` order by `created_at` asc  
[2025-02-22 18:56:13] local.INFO: select * from `users` where `users`.`id` in (1, 2)  
[2025-02-22 18:56:14] local.INFO: select * from `users` where `id` = ? limit 1 [2] 
[2025-02-22 18:56:14] local.INFO: Emergency Chat: Fetching messages  
[2025-02-22 18:56:14] local.INFO: select * from `chat_messages` order by `created_at` asc  
[2025-02-22 18:56:14] local.INFO: select * from `users` where `users`.`id` in (1, 2)  
[2025-02-22 18:56:14] local.INFO: select * from `users` where `id` = ? limit 1 [2] 
[2025-02-22 18:56:14] local.INFO: Emergency Chat: Fetching messages  
[2025-02-22 18:56:14] local.INFO: select * from `chat_messages` order by `created_at` asc  
[2025-02-22 18:56:14] local.INFO: select * from `users` where `users`.`id` in (1, 2)  
[2025-02-22 18:56:15] local.INFO: select * from `users` where `id` = ? limit 1 [1] 
[2025-02-22 18:56:15] local.INFO: Emergency Chat: Fetching messages  
[2025-02-22 18:56:15] local.INFO: select * from `chat_messages` order by `created_at` asc  
[2025-02-22 18:56:15] local.INFO: select * from `users` where `users`.`id` in (1, 2)  
[2025-02-22 18:56:16] local.INFO: select * from `users` where `id` = ? limit 1 [2] 
[2025-02-22 18:56:16] local.INFO: Emergency Chat: Fetching messages  
[2025-02-22 18:56:16] local.INFO: select * from `chat_messages` order by `created_at` asc  
[2025-02-22 18:56:16] local.INFO: select * from `users` where `users`.`id` in (1, 2)  
[2025-02-22 18:56:16] local.INFO: select * from `users` where `id` = ? limit 1 [2] 
[2025-02-22 18:56:16] local.INFO: Emergency Chat: Fetching messages  
[2025-02-22 18:56:16] local.INFO: select * from `chat_messages` order by `created_at` asc  
[2025-02-22 18:56:16] local.INFO: select * from `users` where `users`.`id` in (1, 2)  
[2025-02-22 18:56:17] local.INFO: select * from `users` where `id` = ? limit 1 [1] 
[2025-02-22 18:56:17] local.INFO: Emergency Chat: Fetching messages  
[2025-02-22 18:56:17] local.INFO: select * from `chat_messages` order by `created_at` asc  
[2025-02-22 18:56:17] local.INFO: select * from `users` where `users`.`id` in (1, 2)  
[2025-02-22 18:56:18] local.INFO: select * from `users` where `id` = ? limit 1 [2] 
[2025-02-22 18:56:18] local.INFO: Emergency Chat: Fetching messages  
[2025-02-22 18:56:18] local.INFO: select * from `chat_messages` order by `created_at` asc  
[2025-02-22 18:56:18] local.INFO: select * from `users` where `users`.`id` in (1, 2)  
[2025-02-22 18:56:18] local.INFO: select * from `users` where `id` = ? limit 1 [2] 
[2025-02-22 18:56:18] local.INFO: Emergency Chat: Fetching messages  
[2025-02-22 18:56:18] local.INFO: select * from `chat_messages` order by `created_at` asc  
[2025-02-22 18:56:18] local.INFO: select * from `users` where `users`.`id` in (1, 2)  
[2025-02-22 18:56:19] local.INFO: select * from `users` where `id` = ? limit 1 [1] 
[2025-02-22 18:56:19] local.INFO: Emergency Chat: Fetching messages  
[2025-02-22 18:56:19] local.INFO: select * from `chat_messages` order by `created_at` asc  
[2025-02-22 18:56:19] local.INFO: select * from `users` where `users`.`id` in (1, 2)  
[2025-02-22 18:56:20] local.INFO: select * from `users` where `id` = ? limit 1 [2] 
[2025-02-22 18:56:20] local.INFO: Emergency Chat: Fetching messages  
[2025-02-22 18:56:20] local.INFO: select * from `chat_messages` order by `created_at` asc  
[2025-02-22 18:56:20] local.INFO: select * from `users` where `users`.`id` in (1, 2)  
[2025-02-22 18:56:20] local.INFO: select * from `users` where `id` = ? limit 1 [2] 
[2025-02-22 18:56:20] local.INFO: select * from `school_infos` limit 1  
[2025-02-22 18:56:20] local.INFO: select * from `rooms`  
[2025-02-22 18:56:20] local.INFO: select * from `users` where `home_room` is not null  
[2025-02-22 18:56:20] local.ERROR: SQLSTATE[42S22]: Column not found: 1054 Unknown column 'current_occupancy' in 'field list' (Connection: mysql, SQL: select sum(`current_occupancy`) as aggregate from `rooms`) {"userId":2,"exception":"[object] (Illuminate\\Database\\QueryException(code: 42S22): SQLSTATE[42S22]: Column not found: 1054 Unknown column 'current_occupancy' in 'field list' (Connection: mysql, SQL: select sum(`current_occupancy`) as aggregate from `rooms`) at /var/www/html/school.fsv.io/vendor/laravel/framework/src/Illuminate/Database/Connection.php:829)
[stacktrace]
#0 /var/www/html/school.fsv.io/vendor/laravel/framework/src/Illuminate/Database/Connection.php(783): Illuminate\\Database\\Connection->runQueryCallback()
#1 /var/www/html/school.fsv.io/vendor/laravel/framework/src/Illuminate/Database/Connection.php(431): Illuminate\\Database\\Connection->run()
#2 /var/www/html/school.fsv.io/vendor/laravel/framework/src/Illuminate/Database/Query/Builder.php(2914): Illuminate\\Database\\Connection->select()
#3 /var/www/html/school.fsv.io/vendor/laravel/framework/src/Illuminate/Database/Query/Builder.php(2902): Illuminate\\Database\\Query\\Builder->runSelect()
#4 /var/www/html/school.fsv.io/vendor/laravel/framework/src/Illuminate/Database/Query/Builder.php(3456): Illuminate\\Database\\Query\\Builder->Illuminate\\Database\\Query\\{closure}()
#5 /var/www/html/school.fsv.io/vendor/laravel/framework/src/Illuminate/Database/Query/Builder.php(2903): Illuminate\\Database\\Query\\Builder->onceWithColumns()
#6 /var/www/html/school.fsv.io/vendor/laravel/framework/src/Illuminate/Database/Query/Builder.php(3383): Illuminate\\Database\\Query\\Builder->get()
#7 /var/www/html/school.fsv.io/vendor/laravel/framework/src/Illuminate/Database/Query/Builder.php(3344): Illuminate\\Database\\Query\\Builder->aggregate()
#8 /var/www/html/school.fsv.io/vendor/laravel/framework/src/Illuminate/Database/Eloquent/Builder.php(1982): Illuminate\\Database\\Query\\Builder->sum()
#9 /var/www/html/school.fsv.io/vendor/laravel/framework/src/Illuminate/Support/Traits/ForwardsCalls.php(23): Illuminate\\Database\\Eloquent\\Builder->__call()
#10 /var/www/html/school.fsv.io/vendor/laravel/framework/src/Illuminate/Database/Eloquent/Model.php(2335): Illuminate\\Database\\Eloquent\\Model->forwardCallTo()
#11 /var/www/html/school.fsv.io/vendor/laravel/framework/src/Illuminate/Database/Eloquent/Model.php(2347): Illuminate\\Database\\Eloquent\\Model->__call()
#12 /var/www/html/school.fsv.io/app/Http/Controllers/EmergencyController.php(25): Illuminate\\Database\\Eloquent\\Model::__callStatic()
#13 /var/www/html/school.fsv.io/vendor/laravel/framework/src/Illuminate/Routing/Controller.php(54): App\\Http\\Controllers\\EmergencyController->report()
#14 /var/www/html/school.fsv.io/vendor/laravel/framework/src/Illuminate/Routing/ControllerDispatcher.php(43): Illuminate\\Routing\\Controller->callAction()
#15 /var/www/html/school.fsv.io/vendor/laravel/framework/src/Illuminate/Routing/Route.php(260): Illuminate\\Routing\\ControllerDispatcher->dispatch()
#16 /var/www/html/school.fsv.io/vendor/laravel/framework/src/Illuminate/Routing/Route.php(205): Illuminate\\Routing\\Route->runController()
#17 /var/www/html/school.fsv.io/vendor/laravel/framework/src/Illuminate/Routing/Router.php(806): Illuminate\\Routing\\Route->run()
#18 /var/www/html/school.fsv.io/vendor/laravel/framework/src/Illuminate/Pipeline/Pipeline.php(144): Illuminate\\Routing\\Router->Illuminate\\Routing\\{closure}()
#19 /var/www/html/school.fsv.io/vendor/laravel/framework/src/Illuminate/Routing/Middleware/SubstituteBindings.php(50): Illuminate\\Pipeline\\Pipeline->Illuminate\\Pipeline\\{closure}()
#20 /var/www/html/school.fsv.io/vendor/laravel/framework/src/Illuminate/Pipeline/Pipeline.php(183): Illuminate\\Routing\\Middleware\\SubstituteBindings->handle()
#21 /var/www/html/school.fsv.io/vendor/laravel/framework/src/Illuminate/Auth/Middleware/Authenticate.php(57): Illuminate\\Pipeline\\Pipeline->Illuminate\\Pipeline\\{closure}()
#22 /var/www/html/school.fsv.io/vendor/laravel/framework/src/Illuminate/Pipeline/Pipeline.php(183): Illuminate\\Auth\\Middleware\\Authenticate->handle()
#23 /var/www/html/school.fsv.io/vendor/laravel/framework/src/Illuminate/Foundation/Http/Middleware/VerifyCsrfToken.php(78): Illuminate\\Pipeline\\Pipeline->Illuminate\\Pipeline\\{closure}()
#24 /var/www/html/school.fsv.io/vendor/laravel/framework/src/Illuminate/Pipeline/Pipeline.php(183): Illuminate\\Foundation\\Http\\Middleware\\VerifyCsrfToken->handle()
#25 /var/www/html/school.fsv.io/vendor/laravel/framework/src/Illuminate/View/Middleware/ShareErrorsFromSession.php(49): Illuminate\\Pipeline\\Pipeline->Illuminate\\Pipeline\\{closure}()
#26 /var/www/html/school.fsv.io/vendor/laravel/framework/src/Illuminate/Pipeline/Pipeline.php(183): Illuminate\\View\\Middleware\\ShareErrorsFromSession->handle()
#27 /var/www/html/school.fsv.io/vendor/laravel/framework/src/Illuminate/Session/Middleware/StartSession.php(121): Illuminate\\Pipeline\\Pipeline->Illuminate\\Pipeline\\{closure}()
#28 /var/www/html/school.fsv.io/vendor/laravel/framework/src/Illuminate/Session/Middleware/StartSession.php(64): Illuminate\\Session\\Middleware\\StartSession->handleStatefulRequest()
#29 /var/www/html/school.fsv.io/vendor/laravel/framework/src/Illuminate/Pipeline/Pipeline.php(183): Illuminate\\Session\\Middleware\\StartSession->handle()
#30 /var/www/html/school.fsv.io/vendor/laravel/framework/src/Illuminate/Cookie/Middleware/AddQueuedCookiesToResponse.php(37): Illuminate\\Pipeline\\Pipeline->Illuminate\\Pipeline\\{closure}()
#31 /var/www/html/school.fsv.io/vendor/laravel/framework/src/Illuminate/Pipeline/Pipeline.php(183): Illuminate\\Cookie\\Middleware\\AddQueuedCookiesToResponse->handle()
#32 /var/www/html/school.fsv.io/vendor/laravel/framework/src/Illuminate/Cookie/Middleware/EncryptCookies.php(67): Illuminate\\Pipeline\\Pipeline->Illuminate\\Pipeline\\{closure}()
#33 /var/www/html/school.fsv.io/vendor/laravel/framework/src/Illuminate/Pipeline/Pipeline.php(183): Illuminate\\Cookie\\Middleware\\EncryptCookies->handle()
#34 /var/www/html/school.fsv.io/vendor/laravel/framework/src/Illuminate/Pipeline/Pipeline.php(119): Illuminate\\Pipeline\\Pipeline->Illuminate\\Pipeline\\{closure}()
#35 /var/www/html/school.fsv.io/vendor/laravel/framework/src/Illuminate/Routing/Router.php(807): Illuminate\\Pipeline\\Pipeline->then()
#36 /var/www/html/school.fsv.io/vendor/laravel/framework/src/Illuminate/Routing/Router.php(784): Illuminate\\Routing\\Router->runRouteWithinStack()
#37 /var/www/html/school.fsv.io/vendor/laravel/framework/src/Illuminate/Routing/Router.php(748): Illuminate\\Routing\\Router->runRoute()
#38 /var/www/html/school.fsv.io/vendor/laravel/framework/src/Illuminate/Routing/Router.php(737): Illuminate\\Routing\\Router->dispatchToRoute()
#39 /var/www/html/school.fsv.io/vendor/laravel/framework/src/Illuminate/Foundation/Http/Kernel.php(200): Illuminate\\Routing\\Router->dispatch()
#40 /var/www/html/school.fsv.io/vendor/laravel/framework/src/Illuminate/Pipeline/Pipeline.php(144): Illuminate\\Foundation\\Http\\Kernel->Illuminate\\Foundation\\Http\\{closure}()
#41 /var/www/html/school.fsv.io/vendor/laravel/framework/src/Illuminate/Foundation/Http/Middleware/TransformsRequest.php(21): Illuminate\\Pipeline\\Pipeline->Illuminate\\Pipeline\\{closure}()
#42 /var/www/html/school.fsv.io/vendor/laravel/framework/src/Illuminate/Foundation/Http/Middleware/ConvertEmptyStringsToNull.php(31): Illuminate\\Foundation\\Http\\Middleware\\TransformsRequest->handle()
#43 /var/www/html/school.fsv.io/vendor/laravel/framework/src/Illuminate/Pipeline/Pipeline.php(183): Illuminate\\Foundation\\Http\\Middleware\\ConvertEmptyStringsToNull->handle()
#44 /var/www/html/school.fsv.io/vendor/laravel/framework/src/Illuminate/Foundation/Http/Middleware/TransformsRequest.php(21): Illuminate\\Pipeline\\Pipeline->Illuminate\\Pipeline\\{closure}()
#45 /var/www/html/school.fsv.io/vendor/laravel/framework/src/Illuminate/Foundation/Http/Middleware/TrimStrings.php(40): Illuminate\\Foundation\\Http\\Middleware\\TransformsRequest->handle()
#46 /var/www/html/school.fsv.io/vendor/laravel/framework/src/Illuminate/Pipeline/Pipeline.php(183): Illuminate\\Foundation\\Http\\Middleware\\TrimStrings->handle()
#47 /var/www/html/school.fsv.io/vendor/laravel/framework/src/Illuminate/Foundation/Http/Middleware/ValidatePostSize.php(27): Illuminate\\Pipeline\\Pipeline->Illuminate\\Pipeline\\{closure}()
#48 /var/www/html/school.fsv.io/vendor/laravel/framework/src/Illuminate/Pipeline/Pipeline.php(183): Illuminate\\Foundation\\Http\\Middleware\\ValidatePostSize->handle()
#49 /var/www/html/school.fsv.io/vendor/laravel/framework/src/Illuminate/Foundation/Http/Middleware/PreventRequestsDuringMaintenance.php(99): Illuminate\\Pipeline\\Pipeline->Illuminate\\Pipeline\\{closure}()
#50 /var/www/html/school.fsv.io/vendor/laravel/framework/src/Illuminate/Pipeline/Pipeline.php(183): Illuminate\\Foundation\\Http\\Middleware\\PreventRequestsDuringMaintenance->handle()
#51 /var/www/html/school.fsv.io/vendor/laravel/framework/src/Illuminate/Http/Middleware/HandleCors.php(49): Illuminate\\Pipeline\\Pipeline->Illuminate\\Pipeline\\{closure}()
#52 /var/www/html/school.fsv.io/vendor/laravel/framework/src/Illuminate/Pipeline/Pipeline.php(183): Illuminate\\Http\\Middleware\\HandleCors->handle()
#53 /var/www/html/school.fsv.io/vendor/laravel/framework/src/Illuminate/Http/Middleware/TrustProxies.php(39): Illuminate\\Pipeline\\Pipeline->Illuminate\\Pipeline\\{closure}()
#54 /var/www/html/school.fsv.io/vendor/laravel/framework/src/Illuminate/Pipeline/Pipeline.php(183): Illuminate\\Http\\Middleware\\TrustProxies->handle()
#55 /var/www/html/school.fsv.io/vendor/laravel/framework/src/Illuminate/Pipeline/Pipeline.php(119): Illuminate\\Pipeline\\Pipeline->Illuminate\\Pipeline\\{closure}()
#56 /var/www/html/school.fsv.io/vendor/laravel/framework/src/Illuminate/Foundation/Http/Kernel.php(175): Illuminate\\Pipeline\\Pipeline->then()
#57 /var/www/html/school.fsv.io/vendor/laravel/framework/src/Illuminate/Foundation/Http/Kernel.php(144): Illuminate\\Foundation\\Http\\Kernel->sendRequestThroughRouter()
#58 /var/www/html/school.fsv.io/public/index.php(52): Illuminate\\Foundation\\Http\\Kernel->handle()
#59 {main}

[previous exception] [object] (PDOException(code: 42S22): SQLSTATE[42S22]: Column not found: 1054 Unknown column 'current_occupancy' in 'field list' at /var/www/html/school.fsv.io/vendor/laravel/framework/src/Illuminate/Database/Connection.php:423)
[stacktrace]
#0 /var/www/html/school.fsv.io/vendor/laravel/framework/src/Illuminate/Database/Connection.php(423): PDO->prepare()
#1 /var/www/html/school.fsv.io/vendor/laravel/framework/src/Illuminate/Database/Connection.php(816): Illuminate\\Database\\Connection->Illuminate\\Database\\{closure}()
#2 /var/www/html/school.fsv.io/vendor/laravel/framework/src/Illuminate/Database/Connection.php(783): Illuminate\\Database\\Connection->runQueryCallback()
#3 /var/www/html/school.fsv.io/vendor/laravel/framework/src/Illuminate/Database/Connection.php(431): Illuminate\\Database\\Connection->run()
#4 /var/www/html/school.fsv.io/vendor/laravel/framework/src/Illuminate/Database/Query/Builder.php(2914): Illuminate\\Database\\Connection->select()
#5 /var/www/html/school.fsv.io/vendor/laravel/framework/src/Illuminate/Database/Query/Builder.php(2902): Illuminate\\Database\\Query\\Builder->runSelect()
#6 /var/www/html/school.fsv.io/vendor/laravel/framework/src/Illuminate/Database/Query/Builder.php(3456): Illuminate\\Database\\Query\\Builder->Illuminate\\Database\\Query\\{closure}()
#7 /var/www/html/school.fsv.io/vendor/laravel/framework/src/Illuminate/Database/Query/Builder.php(2903): Illuminate\\Database\\Query\\Builder->onceWithColumns()
#8 /var/www/html/school.fsv.io/vendor/laravel/framework/src/Illuminate/Database/Query/Builder.php(3383): Illuminate\\Database\\Query\\Builder->get()
#9 /var/www/html/school.fsv.io/vendor/laravel/framework/src/Illuminate/Database/Query/Builder.php(3344): Illuminate\\Database\\Query\\Builder->aggregate()
#10 /var/www/html/school.fsv.io/vendor/laravel/framework/src/Illuminate/Database/Eloquent/Builder.php(1982): Illuminate\\Database\\Query\\Builder->sum()
#11 /var/www/html/school.fsv.io/vendor/laravel/framework/src/Illuminate/Support/Traits/ForwardsCalls.php(23): Illuminate\\Database\\Eloquent\\Builder->__call()
#12 /var/www/html/school.fsv.io/vendor/laravel/framework/src/Illuminate/Database/Eloquent/Model.php(2335): Illuminate\\Database\\Eloquent\\Model->forwardCallTo()
#13 /var/www/html/school.fsv.io/vendor/laravel/framework/src/Illuminate/Database/Eloquent/Model.php(2347): Illuminate\\Database\\Eloquent\\Model->__call()
#14 /var/www/html/school.fsv.io/app/Http/Controllers/EmergencyController.php(25): Illuminate\\Database\\Eloquent\\Model::__callStatic()
#15 /var/www/html/school.fsv.io/vendor/laravel/framework/src/Illuminate/Routing/Controller.php(54): App\\Http\\Controllers\\EmergencyController->report()
#16 /var/www/html/school.fsv.io/vendor/laravel/framework/src/Illuminate/Routing/ControllerDispatcher.php(43): Illuminate\\Routing\\Controller->callAction()
#17 /var/www/html/school.fsv.io/vendor/laravel/framework/src/Illuminate/Routing/Route.php(260): Illuminate\\Routing\\ControllerDispatcher->dispatch()
#18 /var/www/html/school.fsv.io/vendor/laravel/framework/src/Illuminate/Routing/Route.php(205): Illuminate\\Routing\\Route->runController()
#19 /var/www/html/school.fsv.io/vendor/laravel/framework/src/Illuminate/Routing/Router.php(806): Illuminate\\Routing\\Route->run()
#20 /var/www/html/school.fsv.io/vendor/laravel/framework/src/Illuminate/Pipeline/Pipeline.php(144): Illuminate\\Routing\\Router->Illuminate\\Routing\\{closure}()
#21 /var/www/html/school.fsv.io/vendor/laravel/framework/src/Illuminate/Routing/Middleware/SubstituteBindings.php(50): Illuminate\\Pipeline\\Pipeline->Illuminate\\Pipeline\\{closure}()
#22 /var/www/html/school.fsv.io/vendor/laravel/framework/src/Illuminate/Pipeline/Pipeline.php(183): Illuminate\\Routing\\Middleware\\SubstituteBindings->handle()
#23 /var/www/html/school.fsv.io/vendor/laravel/framework/src/Illuminate/Auth/Middleware/Authenticate.php(57): Illuminate\\Pipeline\\Pipeline->Illuminate\\Pipeline\\{closure}()
#24 /var/www/html/school.fsv.io/vendor/laravel/framework/src/Illuminate/Pipeline/Pipeline.php(183): Illuminate\\Auth\\Middleware\\Authenticate->handle()
#25 /var/www/html/school.fsv.io/vendor/laravel/framework/src/Illuminate/Foundation/Http/Middleware/VerifyCsrfToken.php(78): Illuminate\\Pipeline\\Pipeline->Illuminate\\Pipeline\\{closure}()
#26 /var/www/html/school.fsv.io/vendor/laravel/framework/src/Illuminate/Pipeline/Pipeline.php(183): Illuminate\\Foundation\\Http\\Middleware\\VerifyCsrfToken->handle()
#27 /var/www/html/school.fsv.io/vendor/laravel/framework/src/Illuminate/View/Middleware/ShareErrorsFromSession.php(49): Illuminate\\Pipeline\\Pipeline->Illuminate\\Pipeline\\{closure}()
#28 /var/www/html/school.fsv.io/vendor/laravel/framework/src/Illuminate/Pipeline/Pipeline.php(183): Illuminate\\View\\Middleware\\ShareErrorsFromSession->handle()
#29 /var/www/html/school.fsv.io/vendor/laravel/framework/src/Illuminate/Session/Middleware/StartSession.php(121): Illuminate\\Pipeline\\Pipeline->Illuminate\\Pipeline\\{closure}()
#30 /var/www/html/school.fsv.io/vendor/laravel/framework/src/Illuminate/Session/Middleware/StartSession.php(64): Illuminate\\Session\\Middleware\\StartSession->handleStatefulRequest()
#31 /var/www/html/school.fsv.io/vendor/laravel/framework/src/Illuminate/Pipeline/Pipeline.php(183): Illuminate\\Session\\Middleware\\StartSession->handle()
#32 /var/www/html/school.fsv.io/vendor/laravel/framework/src/Illuminate/Cookie/Middleware/AddQueuedCookiesToResponse.php(37): Illuminate\\Pipeline\\Pipeline->Illuminate\\Pipeline\\{closure}()
#33 /var/www/html/school.fsv.io/vendor/laravel/framework/src/Illuminate/Pipeline/Pipeline.php(183): Illuminate\\Cookie\\Middleware\\AddQueuedCookiesToResponse->handle()
#34 /var/www/html/school.fsv.io/vendor/laravel/framework/src/Illuminate/Cookie/Middleware/EncryptCookies.php(67): Illuminate\\Pipeline\\Pipeline->Illuminate\\Pipeline\\{closure}()
#35 /var/www/html/school.fsv.io/vendor/laravel/framework/src/Illuminate/Pipeline/Pipeline.php(183): Illuminate\\Cookie\\Middleware\\EncryptCookies->handle()
#36 /var/www/html/school.fsv.io/vendor/laravel/framework/src/Illuminate/Pipeline/Pipeline.php(119): Illuminate\\Pipeline\\Pipeline->Illuminate\\Pipeline\\{closure}()
#37 /var/www/html/school.fsv.io/vendor/laravel/framework/src/Illuminate/Routing/Router.php(807): Illuminate\\Pipeline\\Pipeline->then()
#38 /var/www/html/school.fsv.io/vendor/laravel/framework/src/Illuminate/Routing/Router.php(784): Illuminate\\Routing\\Router->runRouteWithinStack()
#39 /var/www/html/school.fsv.io/vendor/laravel/framework/src/Illuminate/Routing/Router.php(748): Illuminate\\Routing\\Router->runRoute()
#40 /var/www/html/school.fsv.io/vendor/laravel/framework/src/Illuminate/Routing/Router.php(737): Illuminate\\Routing\\Router->dispatchToRoute()
#41 /var/www/html/school.fsv.io/vendor/laravel/framework/src/Illuminate/Foundation/Http/Kernel.php(200): Illuminate\\Routing\\Router->dispatch()
#42 /var/www/html/school.fsv.io/vendor/laravel/framework/src/Illuminate/Pipeline/Pipeline.php(144): Illuminate\\Foundation\\Http\\Kernel->Illuminate\\Foundation\\Http\\{closure}()
#43 /var/www/html/school.fsv.io/vendor/laravel/framework/src/Illuminate/Foundation/Http/Middleware/TransformsRequest.php(21): Illuminate\\Pipeline\\Pipeline->Illuminate\\Pipeline\\{closure}()
#44 /var/www/html/school.fsv.io/vendor/laravel/framework/src/Illuminate/Foundation/Http/Middleware/ConvertEmptyStringsToNull.php(31): Illuminate\\Foundation\\Http\\Middleware\\TransformsRequest->handle()
#45 /var/www/html/school.fsv.io/vendor/laravel/framework/src/Illuminate/Pipeline/Pipeline.php(183): Illuminate\\Foundation\\Http\\Middleware\\ConvertEmptyStringsToNull->handle()
#46 /var/www/html/school.fsv.io/vendor/laravel/framework/src/Illuminate/Foundation/Http/Middleware/TransformsRequest.php(21): Illuminate\\Pipeline\\Pipeline->Illuminate\\Pipeline\\{closure}()
#47 /var/www/html/school.fsv.io/vendor/laravel/framework/src/Illuminate/Foundation/Http/Middleware/TrimStrings.php(40): Illuminate\\Foundation\\Http\\Middleware\\TransformsRequest->handle()
#48 /var/www/html/school.fsv.io/vendor/laravel/framework/src/Illuminate/Pipeline/Pipeline.php(183): Illuminate\\Foundation\\Http\\Middleware\\TrimStrings->handle()
#49 /var/www/html/school.fsv.io/vendor/laravel/framework/src/Illuminate/Foundation/Http/Middleware/ValidatePostSize.php(27): Illuminate\\Pipeline\\Pipeline->Illuminate\\Pipeline\\{closure}()
#50 /var/www/html/school.fsv.io/vendor/laravel/framework/src/Illuminate/Pipeline/Pipeline.php(183): Illuminate\\Foundation\\Http\\Middleware\\ValidatePostSize->handle()
#51 /var/www/html/school.fsv.io/vendor/laravel/framework/src/Illuminate/Foundation/Http/Middleware/PreventRequestsDuringMaintenance.php(99): Illuminate\\Pipeline\\Pipeline->Illuminate\\Pipeline\\{closure}()
#52 /var/www/html/school.fsv.io/vendor/laravel/framework/src/Illuminate/Pipeline/Pipeline.php(183): Illuminate\\Foundation\\Http\\Middleware\\PreventRequestsDuringMaintenance->handle()
#53 /var/www/html/school.fsv.io/vendor/laravel/framework/src/Illuminate/Http/Middleware/HandleCors.php(49): Illuminate\\Pipeline\\Pipeline->Illuminate\\Pipeline\\{closure}()
#54 /var/www/html/school.fsv.io/vendor/laravel/framework/src/Illuminate/Pipeline/Pipeline.php(183): Illuminate\\Http\\Middleware\\HandleCors->handle()
#55 /var/www/html/school.fsv.io/vendor/laravel/framework/src/Illuminate/Http/Middleware/TrustProxies.php(39): Illuminate\\Pipeline\\Pipeline->Illuminate\\Pipeline\\{closure}()
#56 /var/www/html/school.fsv.io/vendor/laravel/framework/src/Illuminate/Pipeline/Pipeline.php(183): Illuminate\\Http\\Middleware\\TrustProxies->handle()
#57 /var/www/html/school.fsv.io/vendor/laravel/framework/src/Illuminate/Pipeline/Pipeline.php(119): Illuminate\\Pipeline\\Pipeline->Illuminate\\Pipeline\\{closure}()
#58 /var/www/html/school.fsv.io/vendor/laravel/framework/src/Illuminate/Foundation/Http/Kernel.php(175): Illuminate\\Pipeline\\Pipeline->then()
#59 /var/www/html/school.fsv.io/vendor/laravel/framework/src/Illuminate/Foundation/Http/Kernel.php(144): Illuminate\\Foundation\\Http\\Kernel->sendRequestThroughRouter()
#60 /var/www/html/school.fsv.io/public/index.php(52): Illuminate\\Foundation\\Http\\Kernel->handle()
#61 {main}
"} 
[2025-02-22 18:56:21] local.INFO: select * from `users` where `id` = ? limit 1 [1] 
[2025-02-22 18:56:21] local.INFO: Emergency Chat: Fetching messages  
[2025-02-22 18:56:21] local.INFO: select * from `chat_messages` order by `created_at` asc  
[2025-02-22 18:56:21] local.INFO: select * from `users` where `users`.`id` in (1, 2)  
[2025-02-22 18:56:22] local.INFO: select * from `users` where `id` = ? limit 1 [2] 
[2025-02-22 18:56:22] local.INFO: Emergency Chat: Fetching messages  
[2025-02-22 18:56:22] local.INFO: select * from `chat_messages` order by `created_at` asc  
[2025-02-22 18:56:22] local.INFO: select * from `users` where `users`.`id` in (1, 2)  
[2025-02-22 18:56:23] local.INFO: select * from `users` where `id` = ? limit 1 [1] 
[2025-02-22 18:56:23] local.INFO: Emergency Chat: Fetching messages  
[2025-02-22 18:56:23] local.INFO: select * from `chat_messages` order by `created_at` asc  
[2025-02-22 18:56:23] local.INFO: select * from `users` where `users`.`id` in (1, 2)  
[2025-02-22 18:56:24] local.INFO: select * from `users` where `id` = ? limit 1 [2] 
[2025-02-22 18:56:24] local.INFO: Emergency Chat: Fetching messages  
[2025-02-22 18:56:24] local.INFO: select * from `chat_messages` order by `created_at` asc  
[2025-02-22 18:56:24] local.INFO: select * from `users` where `users`.`id` in (1, 2)  
[2025-02-22 18:56:25] local.INFO: select * from `users` where `id` = ? limit 1 [1] 
[2025-02-22 18:56:25] local.INFO: Emergency Chat: Fetching messages  
[2025-02-22 18:56:25] local.INFO: select * from `chat_messages` order by `created_at` asc  
[2025-02-22 18:56:25] local.INFO: select * from `users` where `users`.`id` in (1, 2)  
[2025-02-22 18:56:26] local.INFO: select * from `users` where `id` = ? limit 1 [2] 
[2025-02-22 18:56:26] local.INFO: Emergency Chat: Fetching messages  
[2025-02-22 18:56:26] local.INFO: select * from `chat_messages` order by `created_at` asc  
[2025-02-22 18:56:26] local.INFO: select * from `users` where `users`.`id` in (1, 2)  
[2025-02-22 18:56:27] local.INFO: select * from `users` where `id` = ? limit 1 [1] 
[2025-02-22 18:56:27] local.INFO: Emergency Chat: Fetching messages  
[2025-02-22 18:56:27] local.INFO: select * from `chat_messages` order by `created_at` asc  
[2025-02-22 18:56:27] local.INFO: select * from `users` where `users`.`id` in (1, 2)  
[2025-02-22 18:56:28] local.INFO: select * from `users` where `id` = ? limit 1 [2] 
[2025-02-22 18:56:28] local.INFO: Emergency Chat: Fetching messages  
[2025-02-22 18:56:28] local.INFO: select * from `chat_messages` order by `created_at` asc  
[2025-02-22 18:56:28] local.INFO: select * from `users` where `users`.`id` in (1, 2)  
[2025-02-22 18:56:29] local.INFO: select * from `users` where `id` = ? limit 1 [1] 
[2025-02-22 18:56:29] local.INFO: Emergency Chat: Fetching messages  
[2025-02-22 18:56:29] local.INFO: select * from `chat_messages` order by `created_at` asc  
[2025-02-22 18:56:29] local.INFO: select * from `users` where `users`.`id` in (1, 2)  
[2025-02-22 18:56:30] local.INFO: select * from `users` where `id` = ? limit 1 [2] 
[2025-02-22 18:56:30] local.INFO: Emergency Chat: Fetching messages  
[2025-02-22 18:56:30] local.INFO: select * from `chat_messages` order by `created_at` asc  
[2025-02-22 18:56:30] local.INFO: select * from `users` where `users`.`id` in (1, 2)  
[2025-02-22 18:56:31] local.INFO: select * from `users` where `id` = ? limit 1 [1] 
[2025-02-22 18:56:31] local.INFO: Emergency Chat: Fetching messages  
[2025-02-22 18:56:31] local.INFO: select * from `chat_messages` order by `created_at` asc  
[2025-02-22 18:56:31] local.INFO: select * from `users` where `users`.`id` in (1, 2)  
[2025-02-22 18:56:32] local.INFO: select * from `users` where `id` = ? limit 1 [2] 
[2025-02-22 18:56:32] local.INFO: Emergency Chat: Fetching messages  
[2025-02-22 18:56:32] local.INFO: select * from `chat_messages` order by `created_at` asc  
[2025-02-22 18:56:32] local.INFO: select * from `users` where `users`.`id` in (1, 2)  
[2025-02-22 18:56:33] local.INFO: select * from `users` where `id` = ? limit 1 [1] 
[2025-02-22 18:56:33] local.INFO: Emergency Chat: Fetching messages  
[2025-02-22 18:56:33] local.INFO: select * from `chat_messages` order by `created_at` asc  
[2025-02-22 18:56:33] local.INFO: select * from `users` where `users`.`id` in (1, 2)  
[2025-02-22 18:56:34] local.INFO: select * from `users` where `id` = ? limit 1 [2] 
[2025-02-22 18:56:34] local.INFO: Emergency Chat: Fetching messages  
[2025-02-22 18:56:34] local.INFO: select * from `chat_messages` order by `created_at` asc  
[2025-02-22 18:56:34] local.INFO: select * from `users` where `users`.`id` in (1, 2)  
[2025-02-22 18:56:35] local.INFO: select * from `users` where `id` = ? limit 1 [1] 
[2025-02-22 18:56:35] local.INFO: Emergency Chat: Fetching messages  
[2025-02-22 18:56:35] local.INFO: select * from `chat_messages` order by `created_at` asc  
[2025-02-22 18:56:35] local.INFO: select * from `users` where `users`.`id` in (1, 2)  
[2025-02-22 18:56:36] local.INFO: select * from `users` where `id` = ? limit 1 [2] 
[2025-02-22 18:56:36] local.INFO: Emergency Chat: Fetching messages  
[2025-02-22 18:56:36] local.INFO: select * from `chat_messages` order by `created_at` asc  
[2025-02-22 18:56:36] local.INFO: select * from `users` where `users`.`id` in (1, 2)  
[2025-02-22 18:56:37] local.INFO: select * from `users` where `id` = ? limit 1 [1] 
[2025-02-22 18:56:37] local.INFO: Emergency Chat: Fetching messages  
[2025-02-22 18:56:37] local.INFO: select * from `chat_messages` order by `created_at` asc  
[2025-02-22 18:56:37] local.INFO: select * from `users` where `users`.`id` in (1, 2)  
[2025-02-22 18:56:38] local.INFO: select * from `users` where `id` = ? limit 1 [2] 
[2025-02-22 18:56:38] local.INFO: Emergency Chat: Fetching messages  
[2025-02-22 18:56:38] local.INFO: select * from `chat_messages` order by `created_at` asc  
[2025-02-22 18:56:38] local.INFO: select * from `users` where `users`.`id` in (1, 2)  
[2025-02-22 18:56:39] local.INFO: select * from `users` where `id` = ? limit 1 [1] 
[2025-02-22 18:56:39] local.INFO: Emergency Chat: Fetching messages  
[2025-02-22 18:56:39] local.INFO: select * from `chat_messages` order by `created_at` asc  
[2025-02-22 18:56:39] local.INFO: select * from `users` where `users`.`id` in (1, 2)  
[2025-02-22 18:56:40] local.INFO: select * from `users` where `id` = ? limit 1 [2] 
[2025-02-22 18:56:40] local.INFO: Emergency Chat: Fetching messages  
[2025-02-22 18:56:40] local.INFO: select * from `chat_messages` order by `created_at` asc  
[2025-02-22 18:56:40] local.INFO: select * from `users` where `users`.`id` in (1, 2)  
[2025-02-22 18:56:41] local.INFO: select * from `users` where `id` = ? limit 1 [1] 
[2025-02-22 18:56:41] local.INFO: Emergency Chat: Fetching messages  
[2025-02-22 18:56:41] local.INFO: select * from `chat_messages` order by `created_at` asc  
[2025-02-22 18:56:41] local.INFO: select * from `users` where `users`.`id` in (1, 2)  
[2025-02-22 18:56:42] local.INFO: select * from `users` where `id` = ? limit 1 [2] 
[2025-02-22 18:56:42] local.INFO: Emergency Chat: Fetching messages  
[2025-02-22 18:56:42] local.INFO: select * from `chat_messages` order by `created_at` asc  
[2025-02-22 18:56:42] local.INFO: select * from `users` where `users`.`id` in (1, 2)  
[2025-02-22 18:56:43] local.INFO: select * from `users` where `id` = ? limit 1 [1] 
[2025-02-22 18:56:43] local.INFO: Emergency Chat: Fetching messages  
[2025-02-22 18:56:43] local.INFO: select * from `chat_messages` order by `created_at` asc  
[2025-02-22 18:56:43] local.INFO: select * from `users` where `users`.`id` in (1, 2)  
[2025-02-22 18:56:44] local.INFO: select * from `users` where `id` = ? limit 1 [2] 
[2025-02-22 18:56:44] local.INFO: Emergency Chat: Fetching messages  
[2025-02-22 18:56:44] local.INFO: select * from `chat_messages` order by `created_at` asc  
[2025-02-22 18:56:44] local.INFO: select * from `users` where `users`.`id` in (1, 2)  
[2025-02-22 18:56:45] local.INFO: select * from `users` where `id` = ? limit 1 [1] 
[2025-02-22 18:56:45] local.INFO: Emergency Chat: Fetching messages  
[2025-02-22 18:56:45] local.INFO: select * from `chat_messages` order by `created_at` asc  
[2025-02-22 18:56:45] local.INFO: select * from `users` where `users`.`id` in (1, 2)  
[2025-02-22 18:56:45] local.INFO: select * from `users` where `id` = ? limit 1 [1] 
[2025-02-22 18:56:45] local.INFO: select * from `school_infos` limit 1  
[2025-02-22 18:56:45] local.INFO: select * from `rooms`  
[2025-02-22 18:56:45] local.INFO: select * from `users` where `home_room` is not null  
[2025-02-22 18:56:45] local.ERROR: SQLSTATE[42S22]: Column not found: 1054 Unknown column 'current_occupancy' in 'field list' (Connection: mysql, SQL: select sum(`current_occupancy`) as aggregate from `rooms`) {"userId":1,"exception":"[object] (Illuminate\\Database\\QueryException(code: 42S22): SQLSTATE[42S22]: Column not found: 1054 Unknown column 'current_occupancy' in 'field list' (Connection: mysql, SQL: select sum(`current_occupancy`) as aggregate from `rooms`) at /var/www/html/school.fsv.io/vendor/laravel/framework/src/Illuminate/Database/Connection.php:829)
[stacktrace]
#0 /var/www/html/school.fsv.io/vendor/laravel/framework/src/Illuminate/Database/Connection.php(783): Illuminate\\Database\\Connection->runQueryCallback()
#1 /var/www/html/school.fsv.io/vendor/laravel/framework/src/Illuminate/Database/Connection.php(431): Illuminate\\Database\\Connection->run()
#2 /var/www/html/school.fsv.io/vendor/laravel/framework/src/Illuminate/Database/Query/Builder.php(2914): Illuminate\\Database\\Connection->select()
#3 /var/www/html/school.fsv.io/vendor/laravel/framework/src/Illuminate/Database/Query/Builder.php(2902): Illuminate\\Database\\Query\\Builder->runSelect()
#4 /var/www/html/school.fsv.io/vendor/laravel/framework/src/Illuminate/Database/Query/Builder.php(3456): Illuminate\\Database\\Query\\Builder->Illuminate\\Database\\Query\\{closure}()
#5 /var/www/html/school.fsv.io/vendor/laravel/framework/src/Illuminate/Database/Query/Builder.php(2903): Illuminate\\Database\\Query\\Builder->onceWithColumns()
#6 /var/www/html/school.fsv.io/vendor/laravel/framework/src/Illuminate/Database/Query/Builder.php(3383): Illuminate\\Database\\Query\\Builder->get()
#7 /var/www/html/school.fsv.io/vendor/laravel/framework/src/Illuminate/Database/Query/Builder.php(3344): Illuminate\\Database\\Query\\Builder->aggregate()
#8 /var/www/html/school.fsv.io/vendor/laravel/framework/src/Illuminate/Database/Eloquent/Builder.php(1982): Illuminate\\Database\\Query\\Builder->sum()
#9 /var/www/html/school.fsv.io/vendor/laravel/framework/src/Illuminate/Support/Traits/ForwardsCalls.php(23): Illuminate\\Database\\Eloquent\\Builder->__call()
#10 /var/www/html/school.fsv.io/vendor/laravel/framework/src/Illuminate/Database/Eloquent/Model.php(2335): Illuminate\\Database\\Eloquent\\Model->forwardCallTo()
#11 /var/www/html/school.fsv.io/vendor/laravel/framework/src/Illuminate/Database/Eloquent/Model.php(2347): Illuminate\\Database\\Eloquent\\Model->__call()
#12 /var/www/html/school.fsv.io/app/Http/Controllers/EmergencyController.php(25): Illuminate\\Database\\Eloquent\\Model::__callStatic()
#13 /var/www/html/school.fsv.io/vendor/laravel/framework/src/Illuminate/Routing/Controller.php(54): App\\Http\\Controllers\\EmergencyController->report()
#14 /var/www/html/school.fsv.io/vendor/laravel/framework/src/Illuminate/Routing/ControllerDispatcher.php(43): Illuminate\\Routing\\Controller->callAction()
#15 /var/www/html/school.fsv.io/vendor/laravel/framework/src/Illuminate/Routing/Route.php(260): Illuminate\\Routing\\ControllerDispatcher->dispatch()
#16 /var/www/html/school.fsv.io/vendor/laravel/framework/src/Illuminate/Routing/Route.php(205): Illuminate\\Routing\\Route->runController()
#17 /var/www/html/school.fsv.io/vendor/laravel/framework/src/Illuminate/Routing/Router.php(806): Illuminate\\Routing\\Route->run()
#18 /var/www/html/school.fsv.io/vendor/laravel/framework/src/Illuminate/Pipeline/Pipeline.php(144): Illuminate\\Routing\\Router->Illuminate\\Routing\\{closure}()
#19 /var/www/html/school.fsv.io/vendor/laravel/framework/src/Illuminate/Routing/Middleware/SubstituteBindings.php(50): Illuminate\\Pipeline\\Pipeline->Illuminate\\Pipeline\\{closure}()
#20 /var/www/html/school.fsv.io/vendor/laravel/framework/src/Illuminate/Pipeline/Pipeline.php(183): Illuminate\\Routing\\Middleware\\SubstituteBindings->handle()
#21 /var/www/html/school.fsv.io/vendor/laravel/framework/src/Illuminate/Auth/Middleware/Authenticate.php(57): Illuminate\\Pipeline\\Pipeline->Illuminate\\Pipeline\\{closure}()
#22 /var/www/html/school.fsv.io/vendor/laravel/framework/src/Illuminate/Pipeline/Pipeline.php(183): Illuminate\\Auth\\Middleware\\Authenticate->handle()
#23 /var/www/html/school.fsv.io/vendor/laravel/framework/src/Illuminate/Foundation/Http/Middleware/VerifyCsrfToken.php(78): Illuminate\\Pipeline\\Pipeline->Illuminate\\Pipeline\\{closure}()
#24 /var/www/html/school.fsv.io/vendor/laravel/framework/src/Illuminate/Pipeline/Pipeline.php(183): Illuminate\\Foundation\\Http\\Middleware\\VerifyCsrfToken->handle()
#25 /var/www/html/school.fsv.io/vendor/laravel/framework/src/Illuminate/View/Middleware/ShareErrorsFromSession.php(49): Illuminate\\Pipeline\\Pipeline->Illuminate\\Pipeline\\{closure}()
#26 /var/www/html/school.fsv.io/vendor/laravel/framework/src/Illuminate/Pipeline/Pipeline.php(183): Illuminate\\View\\Middleware\\ShareErrorsFromSession->handle()
#27 /var/www/html/school.fsv.io/vendor/laravel/framework/src/Illuminate/Session/Middleware/StartSession.php(121): Illuminate\\Pipeline\\Pipeline->Illuminate\\Pipeline\\{closure}()
#28 /var/www/html/school.fsv.io/vendor/laravel/framework/src/Illuminate/Session/Middleware/StartSession.php(64): Illuminate\\Session\\Middleware\\StartSession->handleStatefulRequest()
#29 /var/www/html/school.fsv.io/vendor/laravel/framework/src/Illuminate/Pipeline/Pipeline.php(183): Illuminate\\Session\\Middleware\\StartSession->handle()
#30 /var/www/html/school.fsv.io/vendor/laravel/framework/src/Illuminate/Cookie/Middleware/AddQueuedCookiesToResponse.php(37): Illuminate\\Pipeline\\Pipeline->Illuminate\\Pipeline\\{closure}()
#31 /var/www/html/school.fsv.io/vendor/laravel/framework/src/Illuminate/Pipeline/Pipeline.php(183): Illuminate\\Cookie\\Middleware\\AddQueuedCookiesToResponse->handle()
#32 /var/www/html/school.fsv.io/vendor/laravel/framework/src/Illuminate/Cookie/Middleware/EncryptCookies.php(67): Illuminate\\Pipeline\\Pipeline->Illuminate\\Pipeline\\{closure}()
#33 /var/www/html/school.fsv.io/vendor/laravel/framework/src/Illuminate/Pipeline/Pipeline.php(183): Illuminate\\Cookie\\Middleware\\EncryptCookies->handle()
#34 /var/www/html/school.fsv.io/vendor/laravel/framework/src/Illuminate/Pipeline/Pipeline.php(119): Illuminate\\Pipeline\\Pipeline->Illuminate\\Pipeline\\{closure}()
#35 /var/www/html/school.fsv.io/vendor/laravel/framework/src/Illuminate/Routing/Router.php(807): Illuminate\\Pipeline\\Pipeline->then()
#36 /var/www/html/school.fsv.io/vendor/laravel/framework/src/Illuminate/Routing/Router.php(784): Illuminate\\Routing\\Router->runRouteWithinStack()
#37 /var/www/html/school.fsv.io/vendor/laravel/framework/src/Illuminate/Routing/Router.php(748): Illuminate\\Routing\\Router->runRoute()
#38 /var/www/html/school.fsv.io/vendor/laravel/framework/src/Illuminate/Routing/Router.php(737): Illuminate\\Routing\\Router->dispatchToRoute()
#39 /var/www/html/school.fsv.io/vendor/laravel/framework/src/Illuminate/Foundation/Http/Kernel.php(200): Illuminate\\Routing\\Router->dispatch()
#40 /var/www/html/school.fsv.io/vendor/laravel/framework/src/Illuminate/Pipeline/Pipeline.php(144): Illuminate\\Foundation\\Http\\Kernel->Illuminate\\Foundation\\Http\\{closure}()
#41 /var/www/html/school.fsv.io/vendor/laravel/framework/src/Illuminate/Foundation/Http/Middleware/TransformsRequest.php(21): Illuminate\\Pipeline\\Pipeline->Illuminate\\Pipeline\\{closure}()
#42 /var/www/html/school.fsv.io/vendor/laravel/framework/src/Illuminate/Foundation/Http/Middleware/ConvertEmptyStringsToNull.php(31): Illuminate\\Foundation\\Http\\Middleware\\TransformsRequest->handle()
#43 /var/www/html/school.fsv.io/vendor/laravel/framework/src/Illuminate/Pipeline/Pipeline.php(183): Illuminate\\Foundation\\Http\\Middleware\\ConvertEmptyStringsToNull->handle()
#44 /var/www/html/school.fsv.io/vendor/laravel/framework/src/Illuminate/Foundation/Http/Middleware/TransformsRequest.php(21): Illuminate\\Pipeline\\Pipeline->Illuminate\\Pipeline\\{closure}()
#45 /var/www/html/school.fsv.io/vendor/laravel/framework/src/Illuminate/Foundation/Http/Middleware/TrimStrings.php(40): Illuminate\\Foundation\\Http\\Middleware\\TransformsRequest->handle()
#46 /var/www/html/school.fsv.io/vendor/laravel/framework/src/Illuminate/Pipeline/Pipeline.php(183): Illuminate\\Foundation\\Http\\Middleware\\TrimStrings->handle()
#47 /var/www/html/school.fsv.io/vendor/laravel/framework/src/Illuminate/Foundation/Http/Middleware/ValidatePostSize.php(27): Illuminate\\Pipeline\\Pipeline->Illuminate\\Pipeline\\{closure}()
#48 /var/www/html/school.fsv.io/vendor/laravel/framework/src/Illuminate/Pipeline/Pipeline.php(183): Illuminate\\Foundation\\Http\\Middleware\\ValidatePostSize->handle()
#49 /var/www/html/school.fsv.io/vendor/laravel/framework/src/Illuminate/Foundation/Http/Middleware/PreventRequestsDuringMaintenance.php(99): Illuminate\\Pipeline\\Pipeline->Illuminate\\Pipeline\\{closure}()
#50 /var/www/html/school.fsv.io/vendor/laravel/framework/src/Illuminate/Pipeline/Pipeline.php(183): Illuminate\\Foundation\\Http\\Middleware\\PreventRequestsDuringMaintenance->handle()
#51 /var/www/html/school.fsv.io/vendor/laravel/framework/src/Illuminate/Http/Middleware/HandleCors.php(49): Illuminate\\Pipeline\\Pipeline->Illuminate\\Pipeline\\{closure}()
#52 /var/www/html/school.fsv.io/vendor/laravel/framework/src/Illuminate/Pipeline/Pipeline.php(183): Illuminate\\Http\\Middleware\\HandleCors->handle()
#53 /var/www/html/school.fsv.io/vendor/laravel/framework/src/Illuminate/Http/Middleware/TrustProxies.php(39): Illuminate\\Pipeline\\Pipeline->Illuminate\\Pipeline\\{closure}()
#54 /var/www/html/school.fsv.io/vendor/laravel/framework/src/Illuminate/Pipeline/Pipeline.php(183): Illuminate\\Http\\Middleware\\TrustProxies->handle()
#55 /var/www/html/school.fsv.io/vendor/laravel/framework/src/Illuminate/Pipeline/Pipeline.php(119): Illuminate\\Pipeline\\Pipeline->Illuminate\\Pipeline\\{closure}()
#56 /var/www/html/school.fsv.io/vendor/laravel/framework/src/Illuminate/Foundation/Http/Kernel.php(175): Illuminate\\Pipeline\\Pipeline->then()
#57 /var/www/html/school.fsv.io/vendor/laravel/framework/src/Illuminate/Foundation/Http/Kernel.php(144): Illuminate\\Foundation\\Http\\Kernel->sendRequestThroughRouter()
#58 /var/www/html/school.fsv.io/public/index.php(52): Illuminate\\Foundation\\Http\\Kernel->handle()
#59 {main}

[previous exception] [object] (PDOException(code: 42S22): SQLSTATE[42S22]: Column not found: 1054 Unknown column 'current_occupancy' in 'field list' at /var/www/html/school.fsv.io/vendor/laravel/framework/src/Illuminate/Database/Connection.php:423)
[stacktrace]
#0 /var/www/html/school.fsv.io/vendor/laravel/framework/src/Illuminate/Database/Connection.php(423): PDO->prepare()
#1 /var/www/html/school.fsv.io/vendor/laravel/framework/src/Illuminate/Database/Connection.php(816): Illuminate\\Database\\Connection->Illuminate\\Database\\{closure}()
#2 /var/www/html/school.fsv.io/vendor/laravel/framework/src/Illuminate/Database/Connection.php(783): Illuminate\\Database\\Connection->runQueryCallback()
#3 /var/www/html/school.fsv.io/vendor/laravel/framework/src/Illuminate/Database/Connection.php(431): Illuminate\\Database\\Connection->run()
#4 /var/www/html/school.fsv.io/vendor/laravel/framework/src/Illuminate/Database/Query/Builder.php(2914): Illuminate\\Database\\Connection->select()
#5 /var/www/html/school.fsv.io/vendor/laravel/framework/src/Illuminate/Database/Query/Builder.php(2902): Illuminate\\Database\\Query\\Builder->runSelect()
#6 /var/www/html/school.fsv.io/vendor/laravel/framework/src/Illuminate/Database/Query/Builder.php(3456): Illuminate\\Database\\Query\\Builder->Illuminate\\Database\\Query\\{closure}()
#7 /var/www/html/school.fsv.io/vendor/laravel/framework/src/Illuminate/Database/Query/Builder.php(2903): Illuminate\\Database\\Query\\Builder->onceWithColumns()
#8 /var/www/html/school.fsv.io/vendor/laravel/framework/src/Illuminate/Database/Query/Builder.php(3383): Illuminate\\Database\\Query\\Builder->get()
#9 /var/www/html/school.fsv.io/vendor/laravel/framework/src/Illuminate/Database/Query/Builder.php(3344): Illuminate\\Database\\Query\\Builder->aggregate()
#10 /var/www/html/school.fsv.io/vendor/laravel/framework/src/Illuminate/Database/Eloquent/Builder.php(1982): Illuminate\\Database\\Query\\Builder->sum()
#11 /var/www/html/school.fsv.io/vendor/laravel/framework/src/Illuminate/Support/Traits/ForwardsCalls.php(23): Illuminate\\Database\\Eloquent\\Builder->__call()
#12 /var/www/html/school.fsv.io/vendor/laravel/framework/src/Illuminate/Database/Eloquent/Model.php(2335): Illuminate\\Database\\Eloquent\\Model->forwardCallTo()
#13 /var/www/html/school.fsv.io/vendor/laravel/framework/src/Illuminate/Database/Eloquent/Model.php(2347): Illuminate\\Database\\Eloquent\\Model->__call()
#14 /var/www/html/school.fsv.io/app/Http/Controllers/EmergencyController.php(25): Illuminate\\Database\\Eloquent\\Model::__callStatic()
#15 /var/www/html/school.fsv.io/vendor/laravel/framework/src/Illuminate/Routing/Controller.php(54): App\\Http\\Controllers\\EmergencyController->report()
#16 /var/www/html/school.fsv.io/vendor/laravel/framework/src/Illuminate/Routing/ControllerDispatcher.php(43): Illuminate\\Routing\\Controller->callAction()
#17 /var/www/html/school.fsv.io/vendor/laravel/framework/src/Illuminate/Routing/Route.php(260): Illuminate\\Routing\\ControllerDispatcher->dispatch()
#18 /var/www/html/school.fsv.io/vendor/laravel/framework/src/Illuminate/Routing/Route.php(205): Illuminate\\Routing\\Route->runController()
#19 /var/www/html/school.fsv.io/vendor/laravel/framework/src/Illuminate/Routing/Router.php(806): Illuminate\\Routing\\Route->run()
#20 /var/www/html/school.fsv.io/vendor/laravel/framework/src/Illuminate/Pipeline/Pipeline.php(144): Illuminate\\Routing\\Router->Illuminate\\Routing\\{closure}()
#21 /var/www/html/school.fsv.io/vendor/laravel/framework/src/Illuminate/Routing/Middleware/SubstituteBindings.php(50): Illuminate\\Pipeline\\Pipeline->Illuminate\\Pipeline\\{closure}()
#22 /var/www/html/school.fsv.io/vendor/laravel/framework/src/Illuminate/Pipeline/Pipeline.php(183): Illuminate\\Routing\\Middleware\\SubstituteBindings->handle()
#23 /var/www/html/school.fsv.io/vendor/laravel/framework/src/Illuminate/Auth/Middleware/Authenticate.php(57): Illuminate\\Pipeline\\Pipeline->Illuminate\\Pipeline\\{closure}()
#24 /var/www/html/school.fsv.io/vendor/laravel/framework/src/Illuminate/Pipeline/Pipeline.php(183): Illuminate\\Auth\\Middleware\\Authenticate->handle()
#25 /var/www/html/school.fsv.io/vendor/laravel/framework/src/Illuminate/Foundation/Http/Middleware/VerifyCsrfToken.php(78): Illuminate\\Pipeline\\Pipeline->Illuminate\\Pipeline\\{closure}()
#26 /var/www/html/school.fsv.io/vendor/laravel/framework/src/Illuminate/Pipeline/Pipeline.php(183): Illuminate\\Foundation\\Http\\Middleware\\VerifyCsrfToken->handle()
#27 /var/www/html/school.fsv.io/vendor/laravel/framework/src/Illuminate/View/Middleware/ShareErrorsFromSession.php(49): Illuminate\\Pipeline\\Pipeline->Illuminate\\Pipeline\\{closure}()
#28 /var/www/html/school.fsv.io/vendor/laravel/framework/src/Illuminate/Pipeline/Pipeline.php(183): Illuminate\\View\\Middleware\\ShareErrorsFromSession->handle()
#29 /var/www/html/school.fsv.io/vendor/laravel/framework/src/Illuminate/Session/Middleware/StartSession.php(121): Illuminate\\Pipeline\\Pipeline->Illuminate\\Pipeline\\{closure}()
#30 /var/www/html/school.fsv.io/vendor/laravel/framework/src/Illuminate/Session/Middleware/StartSession.php(64): Illuminate\\Session\\Middleware\\StartSession->handleStatefulRequest()
#31 /var/www/html/school.fsv.io/vendor/laravel/framework/src/Illuminate/Pipeline/Pipeline.php(183): Illuminate\\Session\\Middleware\\StartSession->handle()
#32 /var/www/html/school.fsv.io/vendor/laravel/framework/src/Illuminate/Cookie/Middleware/AddQueuedCookiesToResponse.php(37): Illuminate\\Pipeline\\Pipeline->Illuminate\\Pipeline\\{closure}()
#33 /var/www/html/school.fsv.io/vendor/laravel/framework/src/Illuminate/Pipeline/Pipeline.php(183): Illuminate\\Cookie\\Middleware\\AddQueuedCookiesToResponse->handle()
#34 /var/www/html/school.fsv.io/vendor/laravel/framework/src/Illuminate/Cookie/Middleware/EncryptCookies.php(67): Illuminate\\Pipeline\\Pipeline->Illuminate\\Pipeline\\{closure}()
#35 /var/www/html/school.fsv.io/vendor/laravel/framework/src/Illuminate/Pipeline/Pipeline.php(183): Illuminate\\Cookie\\Middleware\\EncryptCookies->handle()
#36 /var/www/html/school.fsv.io/vendor/laravel/framework/src/Illuminate/Pipeline/Pipeline.php(119): Illuminate\\Pipeline\\Pipeline->Illuminate\\Pipeline\\{closure}()
#37 /var/www/html/school.fsv.io/vendor/laravel/framework/src/Illuminate/Routing/Router.php(807): Illuminate\\Pipeline\\Pipeline->then()
#38 /var/www/html/school.fsv.io/vendor/laravel/framework/src/Illuminate/Routing/Router.php(784): Illuminate\\Routing\\Router->runRouteWithinStack()
#39 /var/www/html/school.fsv.io/vendor/laravel/framework/src/Illuminate/Routing/Router.php(748): Illuminate\\Routing\\Router->runRoute()
#40 /var/www/html/school.fsv.io/vendor/laravel/framework/src/Illuminate/Routing/Router.php(737): Illuminate\\Routing\\Router->dispatchToRoute()
#41 /var/www/html/school.fsv.io/vendor/laravel/framework/src/Illuminate/Foundation/Http/Kernel.php(200): Illuminate\\Routing\\Router->dispatch()
#42 /var/www/html/school.fsv.io/vendor/laravel/framework/src/Illuminate/Pipeline/Pipeline.php(144): Illuminate\\Foundation\\Http\\Kernel->Illuminate\\Foundation\\Http\\{closure}()
#43 /var/www/html/school.fsv.io/vendor/laravel/framework/src/Illuminate/Foundation/Http/Middleware/TransformsRequest.php(21): Illuminate\\Pipeline\\Pipeline->Illuminate\\Pipeline\\{closure}()
#44 /var/www/html/school.fsv.io/vendor/laravel/framework/src/Illuminate/Foundation/Http/Middleware/ConvertEmptyStringsToNull.php(31): Illuminate\\Foundation\\Http\\Middleware\\TransformsRequest->handle()
#45 /var/www/html/school.fsv.io/vendor/laravel/framework/src/Illuminate/Pipeline/Pipeline.php(183): Illuminate\\Foundation\\Http\\Middleware\\ConvertEmptyStringsToNull->handle()
#46 /var/www/html/school.fsv.io/vendor/laravel/framework/src/Illuminate/Foundation/Http/Middleware/TransformsRequest.php(21): Illuminate\\Pipeline\\Pipeline->Illuminate\\Pipeline\\{closure}()
#47 /var/www/html/school.fsv.io/vendor/laravel/framework/src/Illuminate/Foundation/Http/Middleware/TrimStrings.php(40): Illuminate\\Foundation\\Http\\Middleware\\TransformsRequest->handle()
#48 /var/www/html/school.fsv.io/vendor/laravel/framework/src/Illuminate/Pipeline/Pipeline.php(183): Illuminate\\Foundation\\Http\\Middleware\\TrimStrings->handle()
#49 /var/www/html/school.fsv.io/vendor/laravel/framework/src/Illuminate/Foundation/Http/Middleware/ValidatePostSize.php(27): Illuminate\\Pipeline\\Pipeline->Illuminate\\Pipeline\\{closure}()
#50 /var/www/html/school.fsv.io/vendor/laravel/framework/src/Illuminate/Pipeline/Pipeline.php(183): Illuminate\\Foundation\\Http\\Middleware\\ValidatePostSize->handle()
#51 /var/www/html/school.fsv.io/vendor/laravel/framework/src/Illuminate/Foundation/Http/Middleware/PreventRequestsDuringMaintenance.php(99): Illuminate\\Pipeline\\Pipeline->Illuminate\\Pipeline\\{closure}()
#52 /var/www/html/school.fsv.io/vendor/laravel/framework/src/Illuminate/Pipeline/Pipeline.php(183): Illuminate\\Foundation\\Http\\Middleware\\PreventRequestsDuringMaintenance->handle()
#53 /var/www/html/school.fsv.io/vendor/laravel/framework/src/Illuminate/Http/Middleware/HandleCors.php(49): Illuminate\\Pipeline\\Pipeline->Illuminate\\Pipeline\\{closure}()
#54 /var/www/html/school.fsv.io/vendor/laravel/framework/src/Illuminate/Pipeline/Pipeline.php(183): Illuminate\\Http\\Middleware\\HandleCors->handle()
#55 /var/www/html/school.fsv.io/vendor/laravel/framework/src/Illuminate/Http/Middleware/TrustProxies.php(39): Illuminate\\Pipeline\\Pipeline->Illuminate\\Pipeline\\{closure}()
#56 /var/www/html/school.fsv.io/vendor/laravel/framework/src/Illuminate/Pipeline/Pipeline.php(183): Illuminate\\Http\\Middleware\\TrustProxies->handle()
#57 /var/www/html/school.fsv.io/vendor/laravel/framework/src/Illuminate/Pipeline/Pipeline.php(119): Illuminate\\Pipeline\\Pipeline->Illuminate\\Pipeline\\{closure}()
#58 /var/www/html/school.fsv.io/vendor/laravel/framework/src/Illuminate/Foundation/Http/Kernel.php(175): Illuminate\\Pipeline\\Pipeline->then()
#59 /var/www/html/school.fsv.io/vendor/laravel/framework/src/Illuminate/Foundation/Http/Kernel.php(144): Illuminate\\Foundation\\Http\\Kernel->sendRequestThroughRouter()
#60 /var/www/html/school.fsv.io/public/index.php(52): Illuminate\\Foundation\\Http\\Kernel->handle()
#61 {main}
"} 
[2025-02-22 18:56:46] local.INFO: select * from `users` where `id` = ? limit 1 [2] 
[2025-02-22 18:56:46] local.INFO: Emergency Chat: Fetching messages  
[2025-02-22 18:56:46] local.INFO: select * from `chat_messages` order by `created_at` asc  
[2025-02-22 18:56:46] local.INFO: select * from `users` where `users`.`id` in (1, 2)  
[2025-02-22 18:56:48] local.INFO: select * from `users` where `id` = ? limit 1 [2] 
[2025-02-22 18:56:48] local.INFO: Emergency Chat: Fetching messages  
[2025-02-22 18:56:48] local.INFO: select * from `chat_messages` order by `created_at` asc  
[2025-02-22 18:56:48] local.INFO: select * from `users` where `users`.`id` in (1, 2)  
[2025-02-22 18:56:50] local.INFO: select * from `users` where `id` = ? limit 1 [2] 
[2025-02-22 18:56:50] local.INFO: Emergency Chat: Fetching messages  
[2025-02-22 18:56:50] local.INFO: select * from `chat_messages` order by `created_at` asc  
[2025-02-22 18:56:50] local.INFO: select * from `users` where `users`.`id` in (1, 2)  
[2025-02-22 18:56:52] local.INFO: select * from `users` where `id` = ? limit 1 [2] 
[2025-02-22 18:56:52] local.INFO: Emergency Chat: Fetching messages  
[2025-02-22 18:56:52] local.INFO: select * from `chat_messages` order by `created_at` asc  
[2025-02-22 18:56:52] local.INFO: select * from `users` where `users`.`id` in (1, 2)  
[2025-02-22 18:56:54] local.INFO: select * from `users` where `id` = ? limit 1 [2] 
[2025-02-22 18:56:54] local.INFO: Emergency Chat: Fetching messages  
[2025-02-22 18:56:54] local.INFO: select * from `chat_messages` order by `created_at` asc  
[2025-02-22 18:56:54] local.INFO: select * from `users` where `users`.`id` in (1, 2)  
[2025-02-22 18:56:56] local.INFO: select * from `users` where `id` = ? limit 1 [2] 
[2025-02-22 18:56:56] local.INFO: Emergency Chat: Fetching messages  
[2025-02-22 18:56:56] local.INFO: select * from `chat_messages` order by `created_at` asc  
[2025-02-22 18:56:56] local.INFO: select * from `users` where `users`.`id` in (1, 2)  
[2025-02-22 18:56:58] local.INFO: select * from `users` where `id` = ? limit 1 [2] 
[2025-02-22 18:56:58] local.INFO: Emergency Chat: Fetching messages  
[2025-02-22 18:56:58] local.INFO: select * from `chat_messages` order by `created_at` asc  
[2025-02-22 18:56:58] local.INFO: select * from `users` where `users`.`id` in (1, 2)  
[2025-02-22 18:57:00] local.INFO: select * from `users` where `id` = ? limit 1 [2] 
[2025-02-22 18:57:00] local.INFO: Emergency Chat: Fetching messages  
[2025-02-22 18:57:00] local.INFO: select * from `chat_messages` order by `created_at` asc  
[2025-02-22 18:57:00] local.INFO: select * from `users` where `users`.`id` in (1, 2)  
[2025-02-22 18:57:02] local.INFO: select * from `users` where `id` = ? limit 1 [2] 
[2025-02-22 18:57:02] local.INFO: Emergency Chat: Fetching messages  
[2025-02-22 18:57:02] local.INFO: select * from `chat_messages` order by `created_at` asc  
[2025-02-22 18:57:02] local.INFO: select * from `users` where `users`.`id` in (1, 2)  
[2025-02-22 18:57:04] local.INFO: select * from `users` where `id` = ? limit 1 [2] 
[2025-02-22 18:57:04] local.INFO: Emergency Chat: Fetching messages  
[2025-02-22 18:57:04] local.INFO: select * from `chat_messages` order by `created_at` asc  
[2025-02-22 18:57:04] local.INFO: select * from `users` where `users`.`id` in (1, 2)  
[2025-02-22 18:57:06] local.INFO: select * from `users` where `id` = ? limit 1 [2] 
[2025-02-22 18:57:06] local.INFO: Emergency Chat: Fetching messages  
[2025-02-22 18:57:06] local.INFO: select * from `chat_messages` order by `created_at` asc  
[2025-02-22 18:57:06] local.INFO: select * from `users` where `users`.`id` in (1, 2)  
[2025-02-22 18:57:08] local.INFO: select * from `users` where `id` = ? limit 1 [2] 
[2025-02-22 18:57:08] local.INFO: Emergency Chat: Fetching messages  
[2025-02-22 18:57:08] local.INFO: select * from `chat_messages` order by `created_at` asc  
[2025-02-22 18:57:08] local.INFO: select * from `users` where `users`.`id` in (1, 2)  
[2025-02-22 18:57:10] local.INFO: select * from `users` where `id` = ? limit 1 [2] 
[2025-02-22 18:57:10] local.INFO: Emergency Chat: Fetching messages  
[2025-02-22 18:57:10] local.INFO: select * from `chat_messages` order by `created_at` asc  
[2025-02-22 18:57:10] local.INFO: select * from `users` where `users`.`id` in (1, 2)  
[2025-02-22 18:57:12] local.INFO: select * from `users` where `id` = ? limit 1 [2] 
[2025-02-22 18:57:12] local.INFO: Emergency Chat: Fetching messages  
[2025-02-22 18:57:12] local.INFO: select * from `chat_messages` order by `created_at` asc  
[2025-02-22 18:57:12] local.INFO: select * from `users` where `users`.`id` in (1, 2)  
[2025-02-22 18:57:14] local.INFO: select * from `users` where `id` = ? limit 1 [2] 
[2025-02-22 18:57:14] local.INFO: Emergency Chat: Fetching messages  
[2025-02-22 18:57:14] local.INFO: select * from `chat_messages` order by `created_at` asc  
[2025-02-22 18:57:14] local.INFO: select * from `users` where `users`.`id` in (1, 2)  
[2025-02-22 18:57:16] local.INFO: select * from `users` where `id` = ? limit 1 [2] 
[2025-02-22 18:57:16] local.INFO: Emergency Chat: Fetching messages  
[2025-02-22 18:57:16] local.INFO: select * from `chat_messages` order by `created_at` asc  
[2025-02-22 18:57:16] local.INFO: select * from `users` where `users`.`id` in (1, 2)  
[2025-02-22 18:57:18] local.INFO: select * from `users` where `id` = ? limit 1 [2] 
[2025-02-22 18:57:18] local.INFO: Emergency Chat: Fetching messages  
[2025-02-22 18:57:18] local.INFO: select * from `chat_messages` order by `created_at` asc  
[2025-02-22 18:57:18] local.INFO: select * from `users` where `users`.`id` in (1, 2)  
[2025-02-22 18:57:20] local.INFO: select * from `users` where `id` = ? limit 1 [2] 
[2025-02-22 18:57:20] local.INFO: Emergency Chat: Fetching messages  
[2025-02-22 18:57:20] local.INFO: select * from `chat_messages` order by `created_at` asc  
[2025-02-22 18:57:20] local.INFO: select * from `users` where `users`.`id` in (1, 2)  
[2025-02-22 18:57:22] local.INFO: select * from `users` where `id` = ? limit 1 [2] 
[2025-02-22 18:57:22] local.INFO: Emergency Chat: Fetching messages  
[2025-02-22 18:57:22] local.INFO: select * from `chat_messages` order by `created_at` asc  
[2025-02-22 18:57:22] local.INFO: select * from `users` where `users`.`id` in (1, 2)  
[2025-02-22 18:57:24] local.INFO: select * from `users` where `id` = ? limit 1 [2] 
[2025-02-22 18:57:24] local.INFO: Emergency Chat: Fetching messages  
[2025-02-22 18:57:24] local.INFO: select * from `chat_messages` order by `created_at` asc  
[2025-02-22 18:57:24] local.INFO: select * from `users` where `users`.`id` in (1, 2)  
[2025-02-22 18:57:27] local.INFO: select * from `users` where `id` = ? limit 1 [2] 
[2025-02-22 18:57:27] local.INFO: Emergency Chat: Fetching messages  
[2025-02-22 18:57:27] local.INFO: select * from `chat_messages` order by `created_at` asc  
[2025-02-22 18:57:27] local.INFO: select * from `users` where `users`.`id` in (1, 2)  
[2025-02-22 18:57:29] local.INFO: select * from `users` where `id` = ? limit 1 [2] 
[2025-02-22 18:57:29] local.INFO: Emergency Chat: Fetching messages  
[2025-02-22 18:57:29] local.INFO: select * from `chat_messages` order by `created_at` asc  
[2025-02-22 18:57:29] local.INFO: select * from `users` where `users`.`id` in (1, 2)  
[2025-02-22 18:57:31] local.INFO: select * from `users` where `id` = ? limit 1 [2] 
[2025-02-22 18:57:31] local.INFO: Emergency Chat: Fetching messages  
[2025-02-22 18:57:31] local.INFO: select * from `chat_messages` order by `created_at` asc  
[2025-02-22 18:57:31] local.INFO: select * from `users` where `users`.`id` in (1, 2)  
[2025-02-22 18:57:33] local.INFO: select * from `users` where `id` = ? limit 1 [2] 
[2025-02-22 18:57:33] local.INFO: Emergency Chat: Fetching messages  
[2025-02-22 18:57:33] local.INFO: select * from `chat_messages` order by `created_at` asc  
[2025-02-22 18:57:33] local.INFO: select * from `users` where `users`.`id` in (1, 2)  
[2025-02-22 18:57:35] local.INFO: select * from `users` where `id` = ? limit 1 [2] 
[2025-02-22 18:57:35] local.INFO: Emergency Chat: Fetching messages  
[2025-02-22 18:57:35] local.INFO: select * from `chat_messages` order by `created_at` asc  
[2025-02-22 18:57:35] local.INFO: select * from `users` where `users`.`id` in (1, 2)  
[2025-02-22 18:57:37] local.INFO: select * from `users` where `id` = ? limit 1 [2] 
[2025-02-22 18:57:37] local.INFO: Emergency Chat: Fetching messages  
[2025-02-22 18:57:37] local.INFO: select * from `chat_messages` order by `created_at` asc  
[2025-02-22 18:57:37] local.INFO: select * from `users` where `users`.`id` in (1, 2)  
[2025-02-22 18:57:39] local.INFO: select * from `users` where `id` = ? limit 1 [2] 
[2025-02-22 18:57:39] local.INFO: Emergency Chat: Fetching messages  
[2025-02-22 18:57:39] local.INFO: select * from `chat_messages` order by `created_at` asc  
[2025-02-22 18:57:39] local.INFO: select * from `users` where `users`.`id` in (1, 2)  
[2025-02-22 18:57:41] local.INFO: select * from `users` where `id` = ? limit 1 [2] 
[2025-02-22 18:57:41] local.INFO: Emergency Chat: Fetching messages  
[2025-02-22 18:57:41] local.INFO: select * from `chat_messages` order by `created_at` asc  
[2025-02-22 18:57:41] local.INFO: select * from `users` where `users`.`id` in (1, 2)  
[2025-02-22 18:57:43] local.INFO: select * from `users` where `id` = ? limit 1 [2] 
[2025-02-22 18:57:43] local.INFO: Emergency Chat: Fetching messages  
[2025-02-22 18:57:43] local.INFO: select * from `chat_messages` order by `created_at` asc  
[2025-02-22 18:57:43] local.INFO: select * from `users` where `users`.`id` in (1, 2)  
[2025-02-22 18:57:45] local.INFO: select * from `users` where `id` = ? limit 1 [2] 
[2025-02-22 18:57:45] local.INFO: Emergency Chat: Fetching messages  
[2025-02-22 18:57:45] local.INFO: select * from `chat_messages` order by `created_at` asc  
[2025-02-22 18:57:45] local.INFO: select * from `users` where `users`.`id` in (1, 2)  
[2025-02-22 18:57:47] local.INFO: select * from `users` where `id` = ? limit 1 [2] 
[2025-02-22 18:57:47] local.INFO: Emergency Chat: Fetching messages  
[2025-02-22 18:57:47] local.INFO: select * from `chat_messages` order by `created_at` asc  
[2025-02-22 18:57:47] local.INFO: select * from `users` where `users`.`id` in (1, 2)  
[2025-02-22 18:57:49] local.INFO: select * from `users` where `id` = ? limit 1 [2] 
[2025-02-22 18:57:49] local.INFO: Emergency Chat: Fetching messages  
[2025-02-22 18:57:49] local.INFO: select * from `chat_messages` order by `created_at` asc  
[2025-02-22 18:57:49] local.INFO: select * from `users` where `users`.`id` in (1, 2)  
[2025-02-22 18:57:51] local.INFO: select * from `users` where `id` = ? limit 1 [2] 
[2025-02-22 18:57:51] local.INFO: Emergency Chat: Fetching messages  
[2025-02-22 18:57:51] local.INFO: select * from `chat_messages` order by `created_at` asc  
[2025-02-22 18:57:51] local.INFO: select * from `users` where `users`.`id` in (1, 2)  
[2025-02-22 18:57:53] local.INFO: select * from `users` where `id` = ? limit 1 [2] 
[2025-02-22 18:57:53] local.INFO: Emergency Chat: Fetching messages  
[2025-02-22 18:57:53] local.INFO: select * from `chat_messages` order by `created_at` asc  
[2025-02-22 18:57:53] local.INFO: select * from `users` where `users`.`id` in (1, 2)  
[2025-02-22 18:57:55] local.INFO: select * from `users` where `id` = ? limit 1 [2] 
[2025-02-22 18:57:55] local.INFO: Emergency Chat: Fetching messages  
[2025-02-22 18:57:55] local.INFO: select * from `chat_messages` order by `created_at` asc  
[2025-02-22 18:57:55] local.INFO: select * from `users` where `users`.`id` in (1, 2)  
[2025-02-22 18:57:57] local.INFO: select * from `users` where `id` = ? limit 1 [2] 
[2025-02-22 18:57:57] local.INFO: Emergency Chat: Fetching messages  
[2025-02-22 18:57:57] local.INFO: select * from `chat_messages` order by `created_at` asc  
[2025-02-22 18:57:57] local.INFO: select * from `users` where `users`.`id` in (1, 2)  
[2025-02-22 18:57:59] local.INFO: select * from `users` where `id` = ? limit 1 [2] 
[2025-02-22 18:57:59] local.INFO: Emergency Chat: Fetching messages  
[2025-02-22 18:57:59] local.INFO: select * from `chat_messages` order by `created_at` asc  
[2025-02-22 18:57:59] local.INFO: select * from `users` where `users`.`id` in (1, 2)  
[2025-02-22 18:58:01] local.INFO: select * from `users` where `id` = ? limit 1 [2] 
[2025-02-22 18:58:01] local.INFO: Emergency Chat: Fetching messages  
[2025-02-22 18:58:01] local.INFO: select * from `chat_messages` order by `created_at` asc  
[2025-02-22 18:58:01] local.INFO: select * from `users` where `users`.`id` in (1, 2)  
[2025-02-22 18:58:03] local.INFO: select * from `users` where `id` = ? limit 1 [2] 
[2025-02-22 18:58:03] local.INFO: Emergency Chat: Fetching messages  
[2025-02-22 18:58:03] local.INFO: select * from `chat_messages` order by `created_at` asc  
[2025-02-22 18:58:03] local.INFO: select * from `users` where `users`.`id` in (1, 2)  
[2025-02-22 18:58:05] local.INFO: select * from `users` where `id` = ? limit 1 [2] 
[2025-02-22 18:58:05] local.INFO: Emergency Chat: Fetching messages  
[2025-02-22 18:58:05] local.INFO: select * from `chat_messages` order by `created_at` asc  
[2025-02-22 18:58:05] local.INFO: select * from `users` where `users`.`id` in (1, 2)  
[2025-02-22 18:58:07] local.INFO: select * from `users` where `id` = ? limit 1 [2] 
[2025-02-22 18:58:07] local.INFO: Emergency Chat: Fetching messages  
[2025-02-22 18:58:07] local.INFO: select * from `chat_messages` order by `created_at` asc  
[2025-02-22 18:58:07] local.INFO: select * from `users` where `users`.`id` in (1, 2)  
[2025-02-22 18:58:09] local.INFO: select * from `users` where `id` = ? limit 1 [2] 
[2025-02-22 18:58:09] local.INFO: Emergency Chat: Fetching messages  
[2025-02-22 18:58:09] local.INFO: select * from `chat_messages` order by `created_at` asc  
[2025-02-22 18:58:09] local.INFO: select * from `users` where `users`.`id` in (1, 2)  
[2025-02-22 18:58:11] local.INFO: select * from `users` where `id` = ? limit 1 [2] 
[2025-02-22 18:58:11] local.INFO: Emergency Chat: Fetching messages  
[2025-02-22 18:58:11] local.INFO: select * from `chat_messages` order by `created_at` asc  
[2025-02-22 18:58:11] local.INFO: select * from `users` where `users`.`id` in (1, 2)  
[2025-02-22 18:58:13] local.INFO: select * from `users` where `id` = ? limit 1 [2] 
[2025-02-22 18:58:13] local.INFO: Emergency Chat: Fetching messages  
[2025-02-22 18:58:13] local.INFO: select * from `chat_messages` order by `created_at` asc  
[2025-02-22 18:58:13] local.INFO: select * from `users` where `users`.`id` in (1, 2)  
[2025-02-22 18:58:15] local.INFO: select * from `users` where `id` = ? limit 1 [2] 
[2025-02-22 18:58:15] local.INFO: Emergency Chat: Fetching messages  
[2025-02-22 18:58:15] local.INFO: select * from `chat_messages` order by `created_at` asc  
[2025-02-22 18:58:15] local.INFO: select * from `users` where `users`.`id` in (1, 2)  
[2025-02-22 18:58:17] local.INFO: select * from `users` where `id` = ? limit 1 [2] 
[2025-02-22 18:58:17] local.INFO: Emergency Chat: Fetching messages  
[2025-02-22 18:58:17] local.INFO: select * from `chat_messages` order by `created_at` asc  
[2025-02-22 18:58:17] local.INFO: select * from `users` where `users`.`id` in (1, 2)  
[2025-02-22 18:58:19] local.INFO: select * from `users` where `id` = ? limit 1 [2] 
[2025-02-22 18:58:19] local.INFO: Emergency Chat: Fetching messages  
[2025-02-22 18:58:19] local.INFO: select * from `chat_messages` order by `created_at` asc  
[2025-02-22 18:58:19] local.INFO: select * from `users` where `users`.`id` in (1, 2)  
[2025-02-22 18:58:21] local.INFO: select * from `users` where `id` = ? limit 1 [2] 
[2025-02-22 18:58:21] local.INFO: Emergency Chat: Fetching messages  
[2025-02-22 18:58:21] local.INFO: select * from `chat_messages` order by `created_at` asc  
[2025-02-22 18:58:21] local.INFO: select * from `users` where `users`.`id` in (1, 2)  
[2025-02-22 18:58:23] local.INFO: select * from `users` where `id` = ? limit 1 [2] 
[2025-02-22 18:58:23] local.INFO: Emergency Chat: Fetching messages  
[2025-02-22 18:58:23] local.INFO: select * from `chat_messages` order by `created_at` asc  
[2025-02-22 18:58:23] local.INFO: select * from `users` where `users`.`id` in (1, 2)  
[2025-02-22 18:58:32] local.INFO: select * from `users` where `id` = ? limit 1 [2] 
[2025-02-22 18:58:32] local.INFO: Emergency Chat: Fetching messages  
[2025-02-22 18:58:32] local.INFO: select * from `chat_messages` order by `created_at` asc  
[2025-02-22 18:58:32] local.INFO: select * from `users` where `users`.`id` in (1, 2)  
[2025-02-22 18:59:32] local.INFO: select * from `users` where `id` = ? limit 1 [2] 
[2025-02-22 18:59:32] local.INFO: Emergency Chat: Fetching messages  
[2025-02-22 18:59:32] local.INFO: select * from `chat_messages` order by `created_at` asc  
[2025-02-22 18:59:32] local.INFO: select * from `users` where `users`.`id` in (1, 2)  
[2025-02-22 19:00:15] local.INFO: select * from `users` where `id` = ? limit 1 [2] 
[2025-02-22 19:00:15] local.INFO: Emergency Chat: Fetching messages  
[2025-02-22 19:00:15] local.INFO: select * from `chat_messages` order by `created_at` asc  
[2025-02-22 19:00:15] local.INFO: select * from `users` where `users`.`id` in (1, 2)  
[2025-02-22 19:00:16] local.INFO: select * from `users` where `id` = ? limit 1 [2] 
[2025-02-22 19:00:16] local.INFO: Emergency Chat: Fetching messages  
[2025-02-22 19:00:16] local.INFO: select * from `chat_messages` order by `created_at` asc  
[2025-02-22 19:00:16] local.INFO: select * from `users` where `users`.`id` in (1, 2)  
[2025-02-22 19:00:18] local.INFO: select * from `users` where `id` = ? limit 1 [2] 
[2025-02-22 19:00:18] local.INFO: Emergency Chat: Fetching messages  
[2025-02-22 19:00:18] local.INFO: select * from `chat_messages` order by `created_at` asc  
[2025-02-22 19:00:18] local.INFO: select * from `users` where `users`.`id` in (1, 2)  
[2025-02-22 19:00:20] local.INFO: select * from `users` where `id` = ? limit 1 [2] 
[2025-02-22 19:00:20] local.INFO: Emergency Chat: Fetching messages  
[2025-02-22 19:00:20] local.INFO: select * from `chat_messages` order by `created_at` asc  
[2025-02-22 19:00:20] local.INFO: select * from `users` where `users`.`id` in (1, 2)  
[2025-02-22 19:00:22] local.INFO: select * from `users` where `id` = ? limit 1 [2] 
[2025-02-22 19:00:22] local.INFO: Emergency Chat: Fetching messages  
[2025-02-22 19:00:22] local.INFO: select * from `chat_messages` order by `created_at` asc  
[2025-02-22 19:00:22] local.INFO: select * from `users` where `users`.`id` in (1, 2)  
[2025-02-22 19:00:24] local.INFO: select * from `users` where `id` = ? limit 1 [2] 
[2025-02-22 19:00:24] local.INFO: Emergency Chat: Fetching messages  
[2025-02-22 19:00:24] local.INFO: select * from `chat_messages` order by `created_at` asc  
[2025-02-22 19:00:24] local.INFO: select * from `users` where `users`.`id` in (1, 2)  
[2025-02-22 19:00:26] local.INFO: select * from `users` where `id` = ? limit 1 [2] 
[2025-02-22 19:00:26] local.INFO: Emergency Chat: Fetching messages  
[2025-02-22 19:00:26] local.INFO: select * from `chat_messages` order by `created_at` asc  
[2025-02-22 19:00:26] local.INFO: select * from `users` where `users`.`id` in (1, 2)  
[2025-02-22 19:00:28] local.INFO: select * from `users` where `id` = ? limit 1 [2] 
[2025-02-22 19:00:28] local.INFO: Emergency Chat: Fetching messages  
[2025-02-22 19:00:28] local.INFO: select * from `chat_messages` order by `created_at` asc  
[2025-02-22 19:00:28] local.INFO: select * from `users` where `users`.`id` in (1, 2)  
[2025-02-22 19:00:30] local.INFO: select * from `users` where `id` = ? limit 1 [2] 
[2025-02-22 19:00:30] local.INFO: Emergency Chat: Fetching messages  
[2025-02-22 19:00:30] local.INFO: select * from `chat_messages` order by `created_at` asc  
[2025-02-22 19:00:30] local.INFO: select * from `users` where `users`.`id` in (1, 2)  
[2025-02-22 19:00:32] local.INFO: select * from `users` where `id` = ? limit 1 [2] 
[2025-02-22 19:00:32] local.INFO: Emergency Chat: Fetching messages  
[2025-02-22 19:00:32] local.INFO: select * from `chat_messages` order by `created_at` asc  
[2025-02-22 19:00:32] local.INFO: select * from `users` where `users`.`id` in (1, 2)  
[2025-02-22 19:00:34] local.INFO: select * from `users` where `id` = ? limit 1 [2] 
[2025-02-22 19:00:34] local.INFO: Emergency Chat: Fetching messages  
[2025-02-22 19:00:34] local.INFO: select * from `chat_messages` order by `created_at` asc  
[2025-02-22 19:00:34] local.INFO: select * from `users` where `users`.`id` in (1, 2)  
[2025-02-22 19:00:36] local.INFO: select * from `users` where `id` = ? limit 1 [2] 
[2025-02-22 19:00:36] local.INFO: Emergency Chat: Fetching messages  
[2025-02-22 19:00:36] local.INFO: select * from `chat_messages` order by `created_at` asc  
[2025-02-22 19:00:36] local.INFO: select * from `users` where `users`.`id` in (1, 2)  
[2025-02-22 19:00:38] local.INFO: select * from `users` where `id` = ? limit 1 [2] 
[2025-02-22 19:00:38] local.INFO: Emergency Chat: Fetching messages  
[2025-02-22 19:00:38] local.INFO: select * from `chat_messages` order by `created_at` asc  
[2025-02-22 19:00:38] local.INFO: select * from `users` where `users`.`id` in (1, 2)  
[2025-02-22 19:00:40] local.INFO: select * from `users` where `id` = ? limit 1 [2] 
[2025-02-22 19:00:40] local.INFO: Emergency Chat: Fetching messages  
[2025-02-22 19:00:40] local.INFO: select * from `chat_messages` order by `created_at` asc  
[2025-02-22 19:00:40] local.INFO: select * from `users` where `users`.`id` in (1, 2)  
[2025-02-22 19:00:42] local.INFO: select * from `users` where `id` = ? limit 1 [2] 
[2025-02-22 19:00:42] local.INFO: Emergency Chat: Fetching messages  
[2025-02-22 19:00:42] local.INFO: select * from `chat_messages` order by `created_at` asc  
[2025-02-22 19:00:42] local.INFO: select * from `users` where `users`.`id` in (1, 2)  
[2025-02-22 19:00:44] local.INFO: select * from `users` where `id` = ? limit 1 [2] 
[2025-02-22 19:00:44] local.INFO: Emergency Chat: Fetching messages  
[2025-02-22 19:00:44] local.INFO: select * from `chat_messages` order by `created_at` asc  
[2025-02-22 19:00:44] local.INFO: select * from `users` where `users`.`id` in (1, 2)  
[2025-02-22 19:00:46] local.INFO: select * from `users` where `id` = ? limit 1 [2] 
[2025-02-22 19:00:46] local.INFO: Emergency Chat: Fetching messages  
[2025-02-22 19:00:46] local.INFO: select * from `chat_messages` order by `created_at` asc  
[2025-02-22 19:00:46] local.INFO: select * from `users` where `users`.`id` in (1, 2)  
[2025-02-22 19:00:48] local.INFO: select * from `users` where `id` = ? limit 1 [2] 
[2025-02-22 19:00:48] local.INFO: Emergency Chat: Fetching messages  
[2025-02-22 19:00:48] local.INFO: select * from `chat_messages` order by `created_at` asc  
[2025-02-22 19:00:48] local.INFO: select * from `users` where `users`.`id` in (1, 2)  
[2025-02-22 19:00:50] local.INFO: select * from `users` where `id` = ? limit 1 [2] 
[2025-02-22 19:00:50] local.INFO: Emergency Chat: Fetching messages  
[2025-02-22 19:00:50] local.INFO: select * from `chat_messages` order by `created_at` asc  
[2025-02-22 19:00:50] local.INFO: select * from `users` where `users`.`id` in (1, 2)  
[2025-02-22 19:00:52] local.INFO: select * from `users` where `id` = ? limit 1 [2] 
[2025-02-22 19:00:52] local.INFO: Emergency Chat: Fetching messages  
[2025-02-22 19:00:52] local.INFO: select * from `chat_messages` order by `created_at` asc  
[2025-02-22 19:00:52] local.INFO: select * from `users` where `users`.`id` in (1, 2)  
[2025-02-22 19:00:54] local.INFO: select * from `users` where `id` = ? limit 1 [2] 
[2025-02-22 19:00:54] local.INFO: Emergency Chat: Fetching messages  
[2025-02-22 19:00:54] local.INFO: select * from `chat_messages` order by `created_at` asc  
[2025-02-22 19:00:54] local.INFO: select * from `users` where `users`.`id` in (1, 2)  
[2025-02-22 19:00:56] local.INFO: select * from `users` where `id` = ? limit 1 [2] 
[2025-02-22 19:00:56] local.INFO: Emergency Chat: Fetching messages  
[2025-02-22 19:00:56] local.INFO: select * from `chat_messages` order by `created_at` asc  
[2025-02-22 19:00:56] local.INFO: select * from `users` where `users`.`id` in (1, 2)  
[2025-02-22 19:00:58] local.INFO: select * from `users` where `id` = ? limit 1 [2] 
[2025-02-22 19:00:58] local.INFO: Emergency Chat: Fetching messages  
[2025-02-22 19:00:58] local.INFO: select * from `chat_messages` order by `created_at` asc  
[2025-02-22 19:00:58] local.INFO: select * from `users` where `users`.`id` in (1, 2)  
[2025-02-22 19:01:00] local.INFO: select * from `users` where `id` = ? limit 1 [2] 
[2025-02-22 19:01:00] local.INFO: Emergency Chat: Fetching messages  
[2025-02-22 19:01:00] local.INFO: select * from `chat_messages` order by `created_at` asc  
[2025-02-22 19:01:00] local.INFO: select * from `users` where `users`.`id` in (1, 2)  
[2025-02-22 19:01:02] local.INFO: select * from `users` where `id` = ? limit 1 [2] 
[2025-02-22 19:01:02] local.INFO: Emergency Chat: Fetching messages  
[2025-02-22 19:01:02] local.INFO: select * from `chat_messages` order by `created_at` asc  
[2025-02-22 19:01:02] local.INFO: select * from `users` where `users`.`id` in (1, 2)  
[2025-02-22 19:01:04] local.INFO: select * from `users` where `id` = ? limit 1 [2] 
[2025-02-22 19:01:04] local.INFO: Emergency Chat: Fetching messages  
[2025-02-22 19:01:04] local.INFO: select * from `chat_messages` order by `created_at` asc  
[2025-02-22 19:01:04] local.INFO: select * from `users` where `users`.`id` in (1, 2)  
[2025-02-22 19:01:06] local.INFO: select * from `users` where `id` = ? limit 1 [2] 
[2025-02-22 19:01:06] local.INFO: Emergency Chat: Fetching messages  
[2025-02-22 19:01:06] local.INFO: select * from `chat_messages` order by `created_at` asc  
[2025-02-22 19:01:06] local.INFO: select * from `users` where `users`.`id` in (1, 2)  
[2025-02-22 19:01:08] local.INFO: select * from `users` where `id` = ? limit 1 [2] 
[2025-02-22 19:01:08] local.INFO: Emergency Chat: Fetching messages  
[2025-02-22 19:01:08] local.INFO: select * from `chat_messages` order by `created_at` asc  
[2025-02-22 19:01:08] local.INFO: select * from `users` where `users`.`id` in (1, 2)  
[2025-02-22 19:01:10] local.INFO: select * from `users` where `id` = ? limit 1 [2] 
[2025-02-22 19:01:10] local.INFO: Emergency Chat: Fetching messages  
[2025-02-22 19:01:10] local.INFO: select * from `chat_messages` order by `created_at` asc  
[2025-02-22 19:01:10] local.INFO: select * from `users` where `users`.`id` in (1, 2)  
[2025-02-22 19:01:12] local.INFO: select * from `users` where `id` = ? limit 1 [2] 
[2025-02-22 19:01:12] local.INFO: Emergency Chat: Fetching messages  
[2025-02-22 19:01:12] local.INFO: select * from `chat_messages` order by `created_at` asc  
[2025-02-22 19:01:12] local.INFO: select * from `users` where `users`.`id` in (1, 2)  
[2025-02-22 19:01:14] local.INFO: select * from `users` where `id` = ? limit 1 [2] 
[2025-02-22 19:01:14] local.INFO: Emergency Chat: Fetching messages  
[2025-02-22 19:01:14] local.INFO: select * from `chat_messages` order by `created_at` asc  
[2025-02-22 19:01:14] local.INFO: select * from `users` where `users`.`id` in (1, 2)  
[2025-02-22 19:01:16] local.INFO: select * from `users` where `id` = ? limit 1 [2] 
[2025-02-22 19:01:16] local.INFO: Emergency Chat: Fetching messages  
[2025-02-22 19:01:16] local.INFO: select * from `chat_messages` order by `created_at` asc  
[2025-02-22 19:01:16] local.INFO: select * from `users` where `users`.`id` in (1, 2)  
[2025-02-22 19:01:18] local.INFO: select * from `users` where `id` = ? limit 1 [2] 
[2025-02-22 19:01:18] local.INFO: Emergency Chat: Fetching messages  
[2025-02-22 19:01:18] local.INFO: select * from `chat_messages` order by `created_at` asc  
[2025-02-22 19:01:18] local.INFO: select * from `users` where `users`.`id` in (1, 2)  
[2025-02-22 19:01:20] local.INFO: select * from `users` where `id` = ? limit 1 [2] 
[2025-02-22 19:01:20] local.INFO: Emergency Chat: Fetching messages  
[2025-02-22 19:01:20] local.INFO: select * from `chat_messages` order by `created_at` asc  
[2025-02-22 19:01:20] local.INFO: select * from `users` where `users`.`id` in (1, 2)  
[2025-02-22 19:01:22] local.INFO: select * from `users` where `id` = ? limit 1 [2] 
[2025-02-22 19:01:22] local.INFO: Emergency Chat: Fetching messages  
[2025-02-22 19:01:22] local.INFO: select * from `chat_messages` order by `created_at` asc  
[2025-02-22 19:01:22] local.INFO: select * from `users` where `users`.`id` in (1, 2)  
[2025-02-22 19:01:24] local.INFO: select * from `users` where `id` = ? limit 1 [2] 
[2025-02-22 19:01:24] local.INFO: Emergency Chat: Fetching messages  
[2025-02-22 19:01:24] local.INFO: select * from `chat_messages` order by `created_at` asc  
[2025-02-22 19:01:24] local.INFO: select * from `users` where `users`.`id` in (1, 2)  
[2025-02-22 19:01:26] local.INFO: select * from `users` where `id` = ? limit 1 [2] 
[2025-02-22 19:01:26] local.INFO: Emergency Chat: Fetching messages  
[2025-02-22 19:01:26] local.INFO: select * from `chat_messages` order by `created_at` asc  
[2025-02-22 19:01:26] local.INFO: select * from `users` where `users`.`id` in (1, 2)  
[2025-02-22 19:01:28] local.INFO: select * from `users` where `id` = ? limit 1 [2] 
[2025-02-22 19:01:28] local.INFO: Emergency Chat: Fetching messages  
[2025-02-22 19:01:28] local.INFO: select * from `chat_messages` order by `created_at` asc  
[2025-02-22 19:01:28] local.INFO: select * from `users` where `users`.`id` in (1, 2)  
[2025-02-22 19:01:30] local.INFO: select * from `users` where `id` = ? limit 1 [2] 
[2025-02-22 19:01:30] local.INFO: Emergency Chat: Fetching messages  
[2025-02-22 19:01:30] local.INFO: select * from `chat_messages` order by `created_at` asc  
[2025-02-22 19:01:30] local.INFO: select * from `users` where `users`.`id` in (1, 2)  
[2025-02-22 19:01:32] local.INFO: select * from `users` where `id` = ? limit 1 [2] 
[2025-02-22 19:01:32] local.INFO: Emergency Chat: Fetching messages  
[2025-02-22 19:01:32] local.INFO: select * from `chat_messages` order by `created_at` asc  
[2025-02-22 19:01:32] local.INFO: select * from `users` where `users`.`id` in (1, 2)  
[2025-02-22 19:01:34] local.INFO: select * from `users` where `id` = ? limit 1 [2] 
[2025-02-22 19:01:34] local.INFO: Emergency Chat: Fetching messages  
[2025-02-22 19:01:34] local.INFO: select * from `chat_messages` order by `created_at` asc  
[2025-02-22 19:01:34] local.INFO: select * from `users` where `users`.`id` in (1, 2)  
[2025-02-22 19:01:36] local.INFO: select * from `users` where `id` = ? limit 1 [2] 
[2025-02-22 19:01:36] local.INFO: Emergency Chat: Fetching messages  
[2025-02-22 19:01:36] local.INFO: select * from `chat_messages` order by `created_at` asc  
[2025-02-22 19:01:36] local.INFO: select * from `users` where `users`.`id` in (1, 2)  
[2025-02-22 19:01:38] local.INFO: select * from `users` where `id` = ? limit 1 [2] 
[2025-02-22 19:01:38] local.INFO: Emergency Chat: Fetching messages  
[2025-02-22 19:01:38] local.INFO: select * from `chat_messages` order by `created_at` asc  
[2025-02-22 19:01:38] local.INFO: select * from `users` where `users`.`id` in (1, 2)  
[2025-02-22 19:01:40] local.INFO: select * from `users` where `id` = ? limit 1 [2] 
[2025-02-22 19:01:40] local.INFO: Emergency Chat: Fetching messages  
[2025-02-22 19:01:40] local.INFO: select * from `chat_messages` order by `created_at` asc  
[2025-02-22 19:01:40] local.INFO: select * from `users` where `users`.`id` in (1, 2)  
[2025-02-22 19:01:42] local.INFO: select * from `users` where `id` = ? limit 1 [2] 
[2025-02-22 19:01:42] local.INFO: Emergency Chat: Fetching messages  
[2025-02-22 19:01:42] local.INFO: select * from `chat_messages` order by `created_at` asc  
[2025-02-22 19:01:42] local.INFO: select * from `users` where `users`.`id` in (1, 2)  
[2025-02-22 19:01:44] local.INFO: select * from `users` where `id` = ? limit 1 [2] 
[2025-02-22 19:01:44] local.INFO: Emergency Chat: Fetching messages  
[2025-02-22 19:01:44] local.INFO: select * from `chat_messages` order by `created_at` asc  
[2025-02-22 19:01:44] local.INFO: select * from `users` where `users`.`id` in (1, 2)  
[2025-02-22 19:01:46] local.INFO: select * from `users` where `id` = ? limit 1 [2] 
[2025-02-22 19:01:46] local.INFO: Emergency Chat: Fetching messages  
[2025-02-22 19:01:46] local.INFO: select * from `chat_messages` order by `created_at` asc  
[2025-02-22 19:01:46] local.INFO: select * from `users` where `users`.`id` in (1, 2)  
[2025-02-22 19:01:48] local.INFO: select * from `users` where `id` = ? limit 1 [2] 
[2025-02-22 19:01:48] local.INFO: Emergency Chat: Fetching messages  
[2025-02-22 19:01:48] local.INFO: select * from `chat_messages` order by `created_at` asc  
[2025-02-22 19:01:48] local.INFO: select * from `users` where `users`.`id` in (1, 2)  
[2025-02-22 19:01:50] local.INFO: select * from `users` where `id` = ? limit 1 [2] 
[2025-02-22 19:01:50] local.INFO: Emergency Chat: Fetching messages  
[2025-02-22 19:01:50] local.INFO: select * from `chat_messages` order by `created_at` asc  
[2025-02-22 19:01:50] local.INFO: select * from `users` where `users`.`id` in (1, 2)  
[2025-02-22 19:01:52] local.INFO: select * from `users` where `id` = ? limit 1 [2] 
[2025-02-22 19:01:52] local.INFO: Emergency Chat: Fetching messages  
[2025-02-22 19:01:52] local.INFO: select * from `chat_messages` order by `created_at` asc  
[2025-02-22 19:01:52] local.INFO: select * from `users` where `users`.`id` in (1, 2)  
[2025-02-22 19:01:54] local.INFO: select * from `users` where `id` = ? limit 1 [2] 
[2025-02-22 19:01:54] local.INFO: Emergency Chat: Fetching messages  
[2025-02-22 19:01:54] local.INFO: select * from `chat_messages` order by `created_at` asc  
[2025-02-22 19:01:54] local.INFO: select * from `users` where `users`.`id` in (1, 2)  
[2025-02-22 19:01:56] local.INFO: select * from `users` where `id` = ? limit 1 [2] 
[2025-02-22 19:01:56] local.INFO: Emergency Chat: Fetching messages  
[2025-02-22 19:01:56] local.INFO: select * from `chat_messages` order by `created_at` asc  
[2025-02-22 19:01:56] local.INFO: select * from `users` where `users`.`id` in (1, 2)  
[2025-02-22 19:01:58] local.INFO: select * from `users` where `id` = ? limit 1 [2] 
[2025-02-22 19:01:58] local.INFO: Emergency Chat: Fetching messages  
[2025-02-22 19:01:58] local.INFO: select * from `chat_messages` order by `created_at` asc  
[2025-02-22 19:01:58] local.INFO: select * from `users` where `users`.`id` in (1, 2)  
[2025-02-22 19:02:00] local.INFO: select * from `users` where `id` = ? limit 1 [2] 
[2025-02-22 19:02:00] local.INFO: Emergency Chat: Fetching messages  
[2025-02-22 19:02:00] local.INFO: select * from `chat_messages` order by `created_at` asc  
[2025-02-22 19:02:00] local.INFO: select * from `users` where `users`.`id` in (1, 2)  
[2025-02-22 19:02:02] local.INFO: select * from `users` where `id` = ? limit 1 [2] 
[2025-02-22 19:02:02] local.INFO: Emergency Chat: Fetching messages  
[2025-02-22 19:02:02] local.INFO: select * from `chat_messages` order by `created_at` asc  
[2025-02-22 19:02:02] local.INFO: select * from `users` where `users`.`id` in (1, 2)  
[2025-02-22 19:02:04] local.INFO: select * from `users` where `id` = ? limit 1 [2] 
[2025-02-22 19:02:04] local.INFO: Emergency Chat: Fetching messages  
[2025-02-22 19:02:04] local.INFO: select * from `chat_messages` order by `created_at` asc  
[2025-02-22 19:02:04] local.INFO: select * from `users` where `users`.`id` in (1, 2)  
[2025-02-22 19:02:06] local.INFO: select * from `users` where `id` = ? limit 1 [2] 
[2025-02-22 19:02:06] local.INFO: Emergency Chat: Fetching messages  
[2025-02-22 19:02:06] local.INFO: select * from `chat_messages` order by `created_at` asc  
[2025-02-22 19:02:06] local.INFO: select * from `users` where `users`.`id` in (1, 2)  
[2025-02-22 19:02:08] local.INFO: select * from `users` where `id` = ? limit 1 [2] 
[2025-02-22 19:02:08] local.INFO: Emergency Chat: Fetching messages  
[2025-02-22 19:02:08] local.INFO: select * from `chat_messages` order by `created_at` asc  
[2025-02-22 19:02:08] local.INFO: select * from `users` where `users`.`id` in (1, 2)  
[2025-02-22 19:02:10] local.INFO: select * from `users` where `id` = ? limit 1 [2] 
[2025-02-22 19:02:10] local.INFO: Emergency Chat: Fetching messages  
[2025-02-22 19:02:10] local.INFO: select * from `chat_messages` order by `created_at` asc  
[2025-02-22 19:02:10] local.INFO: select * from `users` where `users`.`id` in (1, 2)  
[2025-02-22 19:02:12] local.INFO: select * from `users` where `id` = ? limit 1 [2] 
[2025-02-22 19:02:12] local.INFO: Emergency Chat: Fetching messages  
[2025-02-22 19:02:12] local.INFO: select * from `chat_messages` order by `created_at` asc  
[2025-02-22 19:02:12] local.INFO: select * from `users` where `users`.`id` in (1, 2)  
[2025-02-22 19:02:14] local.INFO: select * from `users` where `id` = ? limit 1 [2] 
[2025-02-22 19:02:14] local.INFO: Emergency Chat: Fetching messages  
[2025-02-22 19:02:14] local.INFO: select * from `chat_messages` order by `created_at` asc  
[2025-02-22 19:02:14] local.INFO: select * from `users` where `users`.`id` in (1, 2)  
[2025-02-22 19:02:16] local.INFO: select * from `users` where `id` = ? limit 1 [2] 
[2025-02-22 19:02:16] local.INFO: Emergency Chat: Fetching messages  
[2025-02-22 19:02:16] local.INFO: select * from `chat_messages` order by `created_at` asc  
[2025-02-22 19:02:16] local.INFO: select * from `users` where `users`.`id` in (1, 2)  
[2025-02-22 19:02:18] local.INFO: select * from `users` where `id` = ? limit 1 [2] 
[2025-02-22 19:02:18] local.INFO: Emergency Chat: Fetching messages  
[2025-02-22 19:02:18] local.INFO: select * from `chat_messages` order by `created_at` asc  
[2025-02-22 19:02:18] local.INFO: select * from `users` where `users`.`id` in (1, 2)  
[2025-02-22 19:02:20] local.INFO: select * from `users` where `id` = ? limit 1 [2] 
[2025-02-22 19:02:20] local.INFO: Emergency Chat: Fetching messages  
[2025-02-22 19:02:20] local.INFO: select * from `chat_messages` order by `created_at` asc  
[2025-02-22 19:02:20] local.INFO: select * from `users` where `users`.`id` in (1, 2)  
[2025-02-22 19:02:22] local.INFO: select * from `users` where `id` = ? limit 1 [2] 
[2025-02-22 19:02:22] local.INFO: Emergency Chat: Fetching messages  
[2025-02-22 19:02:22] local.INFO: select * from `chat_messages` order by `created_at` asc  
[2025-02-22 19:02:22] local.INFO: select * from `users` where `users`.`id` in (1, 2)  
[2025-02-22 19:02:24] local.INFO: select * from `users` where `id` = ? limit 1 [2] 
[2025-02-22 19:02:24] local.INFO: Emergency Chat: Fetching messages  
[2025-02-22 19:02:24] local.INFO: select * from `chat_messages` order by `created_at` asc  
[2025-02-22 19:02:24] local.INFO: select * from `users` where `users`.`id` in (1, 2)  
[2025-02-22 19:02:26] local.INFO: select * from `users` where `id` = ? limit 1 [2] 
[2025-02-22 19:02:26] local.INFO: Emergency Chat: Fetching messages  
[2025-02-22 19:02:26] local.INFO: select * from `chat_messages` order by `created_at` asc  
[2025-02-22 19:02:26] local.INFO: select * from `users` where `users`.`id` in (1, 2)  
[2025-02-22 19:02:28] local.INFO: select * from `users` where `id` = ? limit 1 [2] 
[2025-02-22 19:02:28] local.INFO: Emergency Chat: Fetching messages  
[2025-02-22 19:02:28] local.INFO: select * from `chat_messages` order by `created_at` asc  
[2025-02-22 19:02:28] local.INFO: select * from `users` where `users`.`id` in (1, 2)  
[2025-02-22 19:02:30] local.INFO: select * from `users` where `id` = ? limit 1 [2] 
[2025-02-22 19:02:30] local.INFO: Emergency Chat: Fetching messages  
[2025-02-22 19:02:30] local.INFO: select * from `chat_messages` order by `created_at` asc  
[2025-02-22 19:02:30] local.INFO: select * from `users` where `users`.`id` in (1, 2)  
[2025-02-22 19:02:32] local.INFO: select * from `users` where `id` = ? limit 1 [2] 
[2025-02-22 19:02:32] local.INFO: Emergency Chat: Fetching messages  
[2025-02-22 19:02:32] local.INFO: select * from `chat_messages` order by `created_at` asc  
[2025-02-22 19:02:32] local.INFO: select * from `users` where `users`.`id` in (1, 2)  
[2025-02-22 19:02:34] local.INFO: select * from `users` where `id` = ? limit 1 [2] 
[2025-02-22 19:02:34] local.INFO: Emergency Chat: Fetching messages  
[2025-02-22 19:02:34] local.INFO: select * from `chat_messages` order by `created_at` asc  
[2025-02-22 19:02:34] local.INFO: select * from `users` where `users`.`id` in (1, 2)  
[2025-02-22 19:02:36] local.INFO: select * from `users` where `id` = ? limit 1 [2] 
[2025-02-22 19:02:36] local.INFO: Emergency Chat: Fetching messages  
[2025-02-22 19:02:36] local.INFO: select * from `chat_messages` order by `created_at` asc  
[2025-02-22 19:02:36] local.INFO: select * from `users` where `users`.`id` in (1, 2)  
[2025-02-22 19:02:38] local.INFO: select * from `users` where `id` = ? limit 1 [2] 
[2025-02-22 19:02:38] local.INFO: Emergency Chat: Fetching messages  
[2025-02-22 19:02:38] local.INFO: select * from `chat_messages` order by `created_at` asc  
[2025-02-22 19:02:38] local.INFO: select * from `users` where `users`.`id` in (1, 2)  
[2025-02-22 19:02:40] local.INFO: select * from `users` where `id` = ? limit 1 [2] 
[2025-02-22 19:02:40] local.INFO: Emergency Chat: Fetching messages  
[2025-02-22 19:02:40] local.INFO: select * from `chat_messages` order by `created_at` asc  
[2025-02-22 19:02:40] local.INFO: select * from `users` where `users`.`id` in (1, 2)  
[2025-02-22 19:02:42] local.INFO: select * from `users` where `id` = ? limit 1 [2] 
[2025-02-22 19:02:42] local.INFO: Emergency Chat: Fetching messages  
[2025-02-22 19:02:42] local.INFO: select * from `chat_messages` order by `created_at` asc  
[2025-02-22 19:02:42] local.INFO: select * from `users` where `users`.`id` in (1, 2)  
[2025-02-22 19:02:44] local.INFO: select * from `users` where `id` = ? limit 1 [2] 
[2025-02-22 19:02:44] local.INFO: Emergency Chat: Fetching messages  
[2025-02-22 19:02:44] local.INFO: select * from `chat_messages` order by `created_at` asc  
[2025-02-22 19:02:44] local.INFO: select * from `users` where `users`.`id` in (1, 2)  
[2025-02-22 19:02:46] local.INFO: select * from `users` where `id` = ? limit 1 [2] 
[2025-02-22 19:02:46] local.INFO: Emergency Chat: Fetching messages  
[2025-02-22 19:02:46] local.INFO: select * from `chat_messages` order by `created_at` asc  
[2025-02-22 19:02:46] local.INFO: select * from `users` where `users`.`id` in (1, 2)  
[2025-02-22 19:02:48] local.INFO: select * from `users` where `id` = ? limit 1 [2] 
[2025-02-22 19:02:48] local.INFO: Emergency Chat: Fetching messages  
[2025-02-22 19:02:48] local.INFO: select * from `chat_messages` order by `created_at` asc  
[2025-02-22 19:02:48] local.INFO: select * from `users` where `users`.`id` in (1, 2)  
[2025-02-22 19:02:50] local.INFO: select * from `users` where `id` = ? limit 1 [2] 
[2025-02-22 19:02:50] local.INFO: Emergency Chat: Fetching messages  
[2025-02-22 19:02:50] local.INFO: select * from `chat_messages` order by `created_at` asc  
[2025-02-22 19:02:50] local.INFO: select * from `users` where `users`.`id` in (1, 2)  
[2025-02-22 19:02:52] local.INFO: select * from `users` where `id` = ? limit 1 [2] 
[2025-02-22 19:02:52] local.INFO: Emergency Chat: Fetching messages  
[2025-02-22 19:02:52] local.INFO: select * from `chat_messages` order by `created_at` asc  
[2025-02-22 19:02:52] local.INFO: select * from `users` where `users`.`id` in (1, 2)  
[2025-02-22 19:02:54] local.INFO: select * from `users` where `id` = ? limit 1 [2] 
[2025-02-22 19:02:54] local.INFO: Emergency Chat: Fetching messages  
[2025-02-22 19:02:54] local.INFO: select * from `chat_messages` order by `created_at` asc  
[2025-02-22 19:02:54] local.INFO: select * from `users` where `users`.`id` in (1, 2)  
[2025-02-22 19:02:56] local.INFO: select * from `users` where `id` = ? limit 1 [2] 
[2025-02-22 19:02:56] local.INFO: Emergency Chat: Fetching messages  
[2025-02-22 19:02:56] local.INFO: select * from `chat_messages` order by `created_at` asc  
[2025-02-22 19:02:56] local.INFO: select * from `users` where `users`.`id` in (1, 2)  
[2025-02-22 19:02:58] local.INFO: select * from `users` where `id` = ? limit 1 [2] 
[2025-02-22 19:02:58] local.INFO: Emergency Chat: Fetching messages  
[2025-02-22 19:02:58] local.INFO: select * from `chat_messages` order by `created_at` asc  
[2025-02-22 19:02:58] local.INFO: select * from `users` where `users`.`id` in (1, 2)  
[2025-02-22 19:03:00] local.INFO: select * from `users` where `id` = ? limit 1 [2] 
[2025-02-22 19:03:00] local.INFO: Emergency Chat: Fetching messages  
[2025-02-22 19:03:00] local.INFO: select * from `chat_messages` order by `created_at` asc  
[2025-02-22 19:03:00] local.INFO: select * from `users` where `users`.`id` in (1, 2)  
[2025-02-22 19:03:02] local.INFO: select * from `users` where `id` = ? limit 1 [2] 
[2025-02-22 19:03:02] local.INFO: Emergency Chat: Fetching messages  
[2025-02-22 19:03:02] local.INFO: select * from `chat_messages` order by `created_at` asc  
[2025-02-22 19:03:02] local.INFO: select * from `users` where `users`.`id` in (1, 2)  
[2025-02-22 19:03:06] local.INFO: select * from `users` where `id` = ? limit 1 [2] 
[2025-02-22 19:03:06] local.INFO: Emergency Chat: Fetching messages  
[2025-02-22 19:03:06] local.INFO: select * from `chat_messages` order by `created_at` asc  
[2025-02-22 19:03:06] local.INFO: select * from `users` where `users`.`id` in (1, 2)  
[2025-02-22 19:03:07] local.INFO: select * from `users` where `id` = ? limit 1 [2] 
[2025-02-22 19:03:07] local.INFO: Emergency Chat: Fetching messages  
[2025-02-22 19:03:07] local.INFO: select * from `chat_messages` order by `created_at` asc  
[2025-02-22 19:03:07] local.INFO: select * from `users` where `users`.`id` in (1, 2)  
[2025-02-22 19:03:08] local.INFO: select * from `users` where `id` = ? limit 1 [2] 
[2025-02-22 19:03:08] local.INFO: Emergency Chat: Fetching messages  
[2025-02-22 19:03:08] local.INFO: select * from `chat_messages` order by `created_at` asc  
[2025-02-22 19:03:08] local.INFO: select * from `users` where `users`.`id` in (1, 2)  
[2025-02-22 19:03:12] local.INFO: select * from `users` where `id` = ? limit 1 [2] 
[2025-02-22 19:03:12] local.INFO: Emergency Chat: Fetching messages  
[2025-02-22 19:03:12] local.INFO: select * from `chat_messages` order by `created_at` asc  
[2025-02-22 19:03:12] local.INFO: select * from `users` where `users`.`id` in (1, 2)  
[2025-02-22 19:03:12] local.INFO: select * from `users` where `id` = ? limit 1 [2] 
[2025-02-22 19:03:12] local.INFO: Emergency Chat: Fetching messages  
[2025-02-22 19:03:12] local.INFO: select * from `chat_messages` order by `created_at` asc  
[2025-02-22 19:03:12] local.INFO: select * from `users` where `users`.`id` in (1, 2)  
[2025-02-22 19:03:14] local.INFO: select * from `users` where `id` = ? limit 1 [2] 
[2025-02-22 19:03:14] local.INFO: Emergency Chat: Fetching messages  
[2025-02-22 19:03:14] local.INFO: select * from `chat_messages` order by `created_at` asc  
[2025-02-22 19:03:14] local.INFO: select * from `users` where `users`.`id` in (1, 2)  
[2025-02-22 19:03:16] local.INFO: select * from `users` where `id` = ? limit 1 [2] 
[2025-02-22 19:03:16] local.INFO: Emergency Chat: Fetching messages  
[2025-02-22 19:03:16] local.INFO: select * from `chat_messages` order by `created_at` asc  
[2025-02-22 19:03:16] local.INFO: select * from `users` where `users`.`id` in (1, 2)  
[2025-02-22 19:03:18] local.INFO: select * from `users` where `id` = ? limit 1 [2] 
[2025-02-22 19:03:18] local.INFO: Emergency Chat: Fetching messages  
[2025-02-22 19:03:18] local.INFO: select * from `chat_messages` order by `created_at` asc  
[2025-02-22 19:03:18] local.INFO: select * from `users` where `users`.`id` in (1, 2)  
[2025-02-22 19:03:20] local.INFO: select * from `users` where `id` = ? limit 1 [2] 
[2025-02-22 19:03:20] local.INFO: Emergency Chat: Fetching messages  
[2025-02-22 19:03:20] local.INFO: select * from `chat_messages` order by `created_at` asc  
[2025-02-22 19:03:20] local.INFO: select * from `users` where `users`.`id` in (1, 2)  
[2025-02-22 19:03:22] local.INFO: select * from `users` where `id` = ? limit 1 [2] 
[2025-02-22 19:03:22] local.INFO: Emergency Chat: Fetching messages  
[2025-02-22 19:03:22] local.INFO: select * from `chat_messages` order by `created_at` asc  
[2025-02-22 19:03:22] local.INFO: select * from `users` where `users`.`id` in (1, 2)  
[2025-02-22 19:03:24] local.INFO: select * from `users` where `id` = ? limit 1 [2] 
[2025-02-22 19:03:24] local.INFO: Emergency Chat: Fetching messages  
[2025-02-22 19:03:24] local.INFO: select * from `chat_messages` order by `created_at` asc  
[2025-02-22 19:03:24] local.INFO: select * from `users` where `users`.`id` in (1, 2)  
[2025-02-22 19:03:26] local.INFO: select * from `users` where `id` = ? limit 1 [2] 
[2025-02-22 19:03:26] local.INFO: Emergency Chat: Fetching messages  
[2025-02-22 19:03:26] local.INFO: select * from `chat_messages` order by `created_at` asc  
[2025-02-22 19:03:26] local.INFO: select * from `users` where `users`.`id` in (1, 2)  
[2025-02-22 19:03:28] local.INFO: select * from `users` where `id` = ? limit 1 [2] 
[2025-02-22 19:03:28] local.INFO: Emergency Chat: Fetching messages  
[2025-02-22 19:03:28] local.INFO: select * from `chat_messages` order by `created_at` asc  
[2025-02-22 19:03:28] local.INFO: select * from `users` where `users`.`id` in (1, 2)  
[2025-02-22 19:03:30] local.INFO: select * from `users` where `id` = ? limit 1 [2] 
[2025-02-22 19:03:30] local.INFO: Emergency Chat: Fetching messages  
[2025-02-22 19:03:30] local.INFO: select * from `chat_messages` order by `created_at` asc  
[2025-02-22 19:03:30] local.INFO: select * from `users` where `users`.`id` in (1, 2)  
[2025-02-22 19:03:32] local.INFO: select * from `users` where `id` = ? limit 1 [2] 
[2025-02-22 19:03:32] local.INFO: Emergency Chat: Fetching messages  
[2025-02-22 19:03:32] local.INFO: select * from `chat_messages` order by `created_at` asc  
[2025-02-22 19:03:32] local.INFO: select * from `users` where `users`.`id` in (1, 2)  
[2025-02-22 19:03:34] local.INFO: select * from `users` where `id` = ? limit 1 [2] 
[2025-02-22 19:03:34] local.INFO: Emergency Chat: Fetching messages  
[2025-02-22 19:03:34] local.INFO: select * from `chat_messages` order by `created_at` asc  
[2025-02-22 19:03:34] local.INFO: select * from `users` where `users`.`id` in (1, 2)  
[2025-02-22 19:03:36] local.INFO: select * from `users` where `id` = ? limit 1 [2] 
[2025-02-22 19:03:36] local.INFO: Emergency Chat: Fetching messages  
[2025-02-22 19:03:36] local.INFO: select * from `chat_messages` order by `created_at` asc  
[2025-02-22 19:03:36] local.INFO: select * from `users` where `users`.`id` in (1, 2)  
[2025-02-22 19:03:38] local.INFO: select * from `users` where `id` = ? limit 1 [2] 
[2025-02-22 19:03:38] local.INFO: Emergency Chat: Fetching messages  
[2025-02-22 19:03:38] local.INFO: select * from `chat_messages` order by `created_at` asc  
[2025-02-22 19:03:38] local.INFO: select * from `users` where `users`.`id` in (1, 2)  
[2025-02-22 19:03:40] local.INFO: select * from `users` where `id` = ? limit 1 [2] 
[2025-02-22 19:03:40] local.INFO: Emergency Chat: Fetching messages  
[2025-02-22 19:03:40] local.INFO: select * from `chat_messages` order by `created_at` asc  
[2025-02-22 19:03:40] local.INFO: select * from `users` where `users`.`id` in (1, 2)  
[2025-02-22 19:03:42] local.INFO: select * from `users` where `id` = ? limit 1 [2] 
[2025-02-22 19:03:42] local.INFO: Emergency Chat: Fetching messages  
[2025-02-22 19:03:42] local.INFO: select * from `chat_messages` order by `created_at` asc  
[2025-02-22 19:03:42] local.INFO: select * from `users` where `users`.`id` in (1, 2)  
[2025-02-22 19:03:44] local.INFO: select * from `users` where `id` = ? limit 1 [2] 
[2025-02-22 19:03:44] local.INFO: Emergency Chat: Fetching messages  
[2025-02-22 19:03:44] local.INFO: select * from `chat_messages` order by `created_at` asc  
[2025-02-22 19:03:44] local.INFO: select * from `users` where `users`.`id` in (1, 2)  
[2025-02-22 19:03:46] local.INFO: select * from `users` where `id` = ? limit 1 [2] 
[2025-02-22 19:03:46] local.INFO: Emergency Chat: Fetching messages  
[2025-02-22 19:03:46] local.INFO: select * from `chat_messages` order by `created_at` asc  
[2025-02-22 19:03:46] local.INFO: select * from `users` where `users`.`id` in (1, 2)  
[2025-02-22 19:03:48] local.INFO: select * from `users` where `id` = ? limit 1 [2] 
[2025-02-22 19:03:48] local.INFO: Emergency Chat: Fetching messages  
[2025-02-22 19:03:48] local.INFO: select * from `chat_messages` order by `created_at` asc  
[2025-02-22 19:03:48] local.INFO: select * from `users` where `users`.`id` in (1, 2)  
[2025-02-22 19:03:50] local.INFO: select * from `users` where `id` = ? limit 1 [2] 
[2025-02-22 19:03:50] local.INFO: Emergency Chat: Fetching messages  
[2025-02-22 19:03:50] local.INFO: select * from `chat_messages` order by `created_at` asc  
[2025-02-22 19:03:50] local.INFO: select * from `users` where `users`.`id` in (1, 2)  
[2025-02-22 19:03:52] local.INFO: select * from `users` where `id` = ? limit 1 [2] 
[2025-02-22 19:03:52] local.INFO: Emergency Chat: Fetching messages  
[2025-02-22 19:03:52] local.INFO: select * from `chat_messages` order by `created_at` asc  
[2025-02-22 19:03:52] local.INFO: select * from `users` where `users`.`id` in (1, 2)  
[2025-02-22 19:03:54] local.INFO: select * from `users` where `id` = ? limit 1 [2] 
[2025-02-22 19:03:54] local.INFO: Emergency Chat: Fetching messages  
[2025-02-22 19:03:54] local.INFO: select * from `chat_messages` order by `created_at` asc  
[2025-02-22 19:03:54] local.INFO: select * from `users` where `users`.`id` in (1, 2)  
[2025-02-22 19:03:56] local.INFO: select * from `users` where `id` = ? limit 1 [2] 
[2025-02-22 19:03:56] local.INFO: Emergency Chat: Fetching messages  
[2025-02-22 19:03:56] local.INFO: select * from `chat_messages` order by `created_at` asc  
[2025-02-22 19:03:56] local.INFO: select * from `users` where `users`.`id` in (1, 2)  
[2025-02-22 19:03:58] local.INFO: select * from `users` where `id` = ? limit 1 [2] 
[2025-02-22 19:03:58] local.INFO: Emergency Chat: Fetching messages  
[2025-02-22 19:03:58] local.INFO: select * from `chat_messages` order by `created_at` asc  
[2025-02-22 19:03:58] local.INFO: select * from `users` where `users`.`id` in (1, 2)  
[2025-02-22 19:04:00] local.INFO: select * from `users` where `id` = ? limit 1 [2] 
[2025-02-22 19:04:00] local.INFO: Emergency Chat: Fetching messages  
[2025-02-22 19:04:00] local.INFO: select * from `chat_messages` order by `created_at` asc  
[2025-02-22 19:04:00] local.INFO: select * from `users` where `users`.`id` in (1, 2)  
[2025-02-22 19:04:02] local.INFO: select * from `users` where `id` = ? limit 1 [2] 
[2025-02-22 19:04:02] local.INFO: Emergency Chat: Fetching messages  
[2025-02-22 19:04:02] local.INFO: select * from `chat_messages` order by `created_at` asc  
[2025-02-22 19:04:02] local.INFO: select * from `users` where `users`.`id` in (1, 2)  
[2025-02-22 19:04:04] local.INFO: select * from `users` where `id` = ? limit 1 [2] 
[2025-02-22 19:04:04] local.INFO: Emergency Chat: Fetching messages  
[2025-02-22 19:04:04] local.INFO: select * from `chat_messages` order by `created_at` asc  
[2025-02-22 19:04:04] local.INFO: select * from `users` where `users`.`id` in (1, 2)  
[2025-02-22 19:04:06] local.INFO: select * from `users` where `id` = ? limit 1 [2] 
[2025-02-22 19:04:06] local.INFO: Emergency Chat: Fetching messages  
[2025-02-22 19:04:06] local.INFO: select * from `chat_messages` order by `created_at` asc  
[2025-02-22 19:04:06] local.INFO: select * from `users` where `users`.`id` in (1, 2)  
[2025-02-22 19:04:08] local.INFO: select * from `users` where `id` = ? limit 1 [2] 
[2025-02-22 19:04:08] local.INFO: Emergency Chat: Fetching messages  
[2025-02-22 19:04:08] local.INFO: select * from `chat_messages` order by `created_at` asc  
[2025-02-22 19:04:08] local.INFO: select * from `users` where `users`.`id` in (1, 2)  
[2025-02-22 19:04:10] local.INFO: select * from `users` where `id` = ? limit 1 [2] 
[2025-02-22 19:04:10] local.INFO: Emergency Chat: Fetching messages  
[2025-02-22 19:04:10] local.INFO: select * from `chat_messages` order by `created_at` asc  
[2025-02-22 19:04:10] local.INFO: select * from `users` where `users`.`id` in (1, 2)  
[2025-02-22 19:04:12] local.INFO: select * from `users` where `id` = ? limit 1 [2] 
[2025-02-22 19:04:12] local.INFO: Emergency Chat: Fetching messages  
[2025-02-22 19:04:12] local.INFO: select * from `chat_messages` order by `created_at` asc  
[2025-02-22 19:04:12] local.INFO: select * from `users` where `users`.`id` in (1, 2)  
[2025-02-22 19:04:14] local.INFO: select * from `users` where `id` = ? limit 1 [2] 
[2025-02-22 19:04:14] local.INFO: Emergency Chat: Fetching messages  
[2025-02-22 19:04:14] local.INFO: select * from `chat_messages` order by `created_at` asc  
[2025-02-22 19:04:14] local.INFO: select * from `users` where `users`.`id` in (1, 2)  
[2025-02-22 19:04:16] local.INFO: select * from `users` where `id` = ? limit 1 [2] 
[2025-02-22 19:04:16] local.INFO: Emergency Chat: Fetching messages  
[2025-02-22 19:04:16] local.INFO: select * from `chat_messages` order by `created_at` asc  
[2025-02-22 19:04:16] local.INFO: select * from `users` where `users`.`id` in (1, 2)  
[2025-02-22 19:04:18] local.INFO: select * from `users` where `id` = ? limit 1 [2] 
[2025-02-22 19:04:18] local.INFO: Emergency Chat: Fetching messages  
[2025-02-22 19:04:18] local.INFO: select * from `chat_messages` order by `created_at` asc  
[2025-02-22 19:04:18] local.INFO: select * from `users` where `users`.`id` in (1, 2)  
[2025-02-22 19:04:20] local.INFO: select * from `users` where `id` = ? limit 1 [2] 
[2025-02-22 19:04:20] local.INFO: Emergency Chat: Fetching messages  
[2025-02-22 19:04:20] local.INFO: select * from `chat_messages` order by `created_at` asc  
[2025-02-22 19:04:20] local.INFO: select * from `users` where `users`.`id` in (1, 2)  
[2025-02-22 19:04:22] local.INFO: select * from `users` where `id` = ? limit 1 [2] 
[2025-02-22 19:04:22] local.INFO: Emergency Chat: Fetching messages  
[2025-02-22 19:04:22] local.INFO: select * from `chat_messages` order by `created_at` asc  
[2025-02-22 19:04:22] local.INFO: select * from `users` where `users`.`id` in (1, 2)  
[2025-02-22 19:04:24] local.INFO: select * from `users` where `id` = ? limit 1 [2] 
[2025-02-22 19:04:24] local.INFO: Emergency Chat: Fetching messages  
[2025-02-22 19:04:24] local.INFO: select * from `chat_messages` order by `created_at` asc  
[2025-02-22 19:04:24] local.INFO: select * from `users` where `users`.`id` in (1, 2)  
[2025-02-22 19:04:26] local.INFO: select * from `users` where `id` = ? limit 1 [2] 
[2025-02-22 19:04:26] local.INFO: Emergency Chat: Fetching messages  
[2025-02-22 19:04:26] local.INFO: select * from `chat_messages` order by `created_at` asc  
[2025-02-22 19:04:26] local.INFO: select * from `users` where `users`.`id` in (1, 2)  
[2025-02-22 19:04:28] local.INFO: select * from `users` where `id` = ? limit 1 [2] 
[2025-02-22 19:04:28] local.INFO: Emergency Chat: Fetching messages  
[2025-02-22 19:04:28] local.INFO: select * from `chat_messages` order by `created_at` asc  
[2025-02-22 19:04:28] local.INFO: select * from `users` where `users`.`id` in (1, 2)  
[2025-02-22 19:04:30] local.INFO: select * from `users` where `id` = ? limit 1 [2] 
[2025-02-22 19:04:30] local.INFO: Emergency Chat: Fetching messages  
[2025-02-22 19:04:30] local.INFO: select * from `chat_messages` order by `created_at` asc  
[2025-02-22 19:04:30] local.INFO: select * from `users` where `users`.`id` in (1, 2)  
[2025-02-22 19:04:32] local.INFO: select * from `users` where `id` = ? limit 1 [2] 
[2025-02-22 19:04:32] local.INFO: Emergency Chat: Fetching messages  
[2025-02-22 19:04:32] local.INFO: select * from `chat_messages` order by `created_at` asc  
[2025-02-22 19:04:32] local.INFO: select * from `users` where `users`.`id` in (1, 2)  
[2025-02-22 19:04:34] local.INFO: select * from `users` where `id` = ? limit 1 [2] 
[2025-02-22 19:04:34] local.INFO: Emergency Chat: Fetching messages  
[2025-02-22 19:04:34] local.INFO: select * from `chat_messages` order by `created_at` asc  
[2025-02-22 19:04:34] local.INFO: select * from `users` where `users`.`id` in (1, 2)  
[2025-02-22 19:04:36] local.INFO: select * from `users` where `id` = ? limit 1 [2] 
[2025-02-22 19:04:36] local.INFO: Emergency Chat: Fetching messages  
[2025-02-22 19:04:36] local.INFO: select * from `chat_messages` order by `created_at` asc  
[2025-02-22 19:04:36] local.INFO: select * from `users` where `users`.`id` in (1, 2)  
[2025-02-22 19:04:38] local.INFO: select * from `users` where `id` = ? limit 1 [2] 
[2025-02-22 19:04:38] local.INFO: Emergency Chat: Fetching messages  
[2025-02-22 19:04:38] local.INFO: select * from `chat_messages` order by `created_at` asc  
[2025-02-22 19:04:38] local.INFO: select * from `users` where `users`.`id` in (1, 2)  
[2025-02-22 19:04:40] local.INFO: select * from `users` where `id` = ? limit 1 [2] 
[2025-02-22 19:04:40] local.INFO: Emergency Chat: Fetching messages  
[2025-02-22 19:04:40] local.INFO: select * from `chat_messages` order by `created_at` asc  
[2025-02-22 19:04:40] local.INFO: select * from `users` where `users`.`id` in (1, 2)  
[2025-02-22 19:04:42] local.INFO: select * from `users` where `id` = ? limit 1 [2] 
[2025-02-22 19:04:42] local.INFO: Emergency Chat: Fetching messages  
[2025-02-22 19:04:42] local.INFO: select * from `chat_messages` order by `created_at` asc  
[2025-02-22 19:04:42] local.INFO: select * from `users` where `users`.`id` in (1, 2)  
[2025-02-22 19:04:44] local.INFO: select * from `users` where `id` = ? limit 1 [2] 
[2025-02-22 19:04:44] local.INFO: Emergency Chat: Fetching messages  
[2025-02-22 19:04:44] local.INFO: select * from `chat_messages` order by `created_at` asc  
[2025-02-22 19:04:44] local.INFO: select * from `users` where `users`.`id` in (1, 2)  
[2025-02-22 19:04:46] local.INFO: select * from `users` where `id` = ? limit 1 [2] 
[2025-02-22 19:04:46] local.INFO: Emergency Chat: Fetching messages  
[2025-02-22 19:04:46] local.INFO: select * from `chat_messages` order by `created_at` asc  
[2025-02-22 19:04:46] local.INFO: select * from `users` where `users`.`id` in (1, 2)  
[2025-02-22 19:04:48] local.INFO: select * from `users` where `id` = ? limit 1 [2] 
[2025-02-22 19:04:48] local.INFO: Emergency Chat: Fetching messages  
[2025-02-22 19:04:48] local.INFO: select * from `chat_messages` order by `created_at` asc  
[2025-02-22 19:04:48] local.INFO: select * from `users` where `users`.`id` in (1, 2)  
[2025-02-22 19:04:50] local.INFO: select * from `users` where `id` = ? limit 1 [2] 
[2025-02-22 19:04:50] local.INFO: Emergency Chat: Fetching messages  
[2025-02-22 19:04:50] local.INFO: select * from `chat_messages` order by `created_at` asc  
[2025-02-22 19:04:50] local.INFO: select * from `users` where `users`.`id` in (1, 2)  
[2025-02-22 19:04:52] local.INFO: select * from `users` where `id` = ? limit 1 [2] 
[2025-02-22 19:04:52] local.INFO: Emergency Chat: Fetching messages  
[2025-02-22 19:04:52] local.INFO: select * from `chat_messages` order by `created_at` asc  
[2025-02-22 19:04:52] local.INFO: select * from `users` where `users`.`id` in (1, 2)  
[2025-02-22 19:04:54] local.INFO: select * from `users` where `id` = ? limit 1 [2] 
[2025-02-22 19:04:54] local.INFO: Emergency Chat: Fetching messages  
[2025-02-22 19:04:54] local.INFO: select * from `chat_messages` order by `created_at` asc  
[2025-02-22 19:04:54] local.INFO: select * from `users` where `users`.`id` in (1, 2)  
[2025-02-22 19:04:56] local.INFO: select * from `users` where `id` = ? limit 1 [2] 
[2025-02-22 19:04:56] local.INFO: Emergency Chat: Fetching messages  
[2025-02-22 19:04:56] local.INFO: select * from `chat_messages` order by `created_at` asc  
[2025-02-22 19:04:56] local.INFO: select * from `users` where `users`.`id` in (1, 2)  
[2025-02-22 19:04:58] local.INFO: select * from `users` where `id` = ? limit 1 [2] 
[2025-02-22 19:04:58] local.INFO: Emergency Chat: Fetching messages  
[2025-02-22 19:04:58] local.INFO: select * from `chat_messages` order by `created_at` asc  
[2025-02-22 19:04:58] local.INFO: select * from `users` where `users`.`id` in (1, 2)  
[2025-02-22 19:05:00] local.INFO: select * from `users` where `id` = ? limit 1 [2] 
[2025-02-22 19:05:00] local.INFO: Emergency Chat: Fetching messages  
[2025-02-22 19:05:00] local.INFO: select * from `chat_messages` order by `created_at` asc  
[2025-02-22 19:05:00] local.INFO: select * from `users` where `users`.`id` in (1, 2)  
[2025-02-22 19:05:02] local.INFO: select * from `users` where `id` = ? limit 1 [2] 
[2025-02-22 19:05:02] local.INFO: Emergency Chat: Fetching messages  
[2025-02-22 19:05:02] local.INFO: select * from `chat_messages` order by `created_at` asc  
[2025-02-22 19:05:02] local.INFO: select * from `users` where `users`.`id` in (1, 2)  
[2025-02-22 19:05:04] local.INFO: select * from `users` where `id` = ? limit 1 [2] 
[2025-02-22 19:05:04] local.INFO: Emergency Chat: Fetching messages  
[2025-02-22 19:05:04] local.INFO: select * from `chat_messages` order by `created_at` asc  
[2025-02-22 19:05:04] local.INFO: select * from `users` where `users`.`id` in (1, 2)  
[2025-02-22 19:05:06] local.INFO: select * from `users` where `id` = ? limit 1 [2] 
[2025-02-22 19:05:06] local.INFO: Emergency Chat: Fetching messages  
[2025-02-22 19:05:06] local.INFO: select * from `chat_messages` order by `created_at` asc  
[2025-02-22 19:05:06] local.INFO: select * from `users` where `users`.`id` in (1, 2)  
[2025-02-22 19:05:08] local.INFO: select * from `users` where `id` = ? limit 1 [2] 
[2025-02-22 19:05:08] local.INFO: Emergency Chat: Fetching messages  
[2025-02-22 19:05:08] local.INFO: select * from `chat_messages` order by `created_at` asc  
[2025-02-22 19:05:08] local.INFO: select * from `users` where `users`.`id` in (1, 2)  
[2025-02-22 19:05:10] local.INFO: select * from `users` where `id` = ? limit 1 [2] 
[2025-02-22 19:05:10] local.INFO: Emergency Chat: Fetching messages  
[2025-02-22 19:05:10] local.INFO: select * from `chat_messages` order by `created_at` asc  
[2025-02-22 19:05:10] local.INFO: select * from `users` where `users`.`id` in (1, 2)  
[2025-02-22 19:05:12] local.INFO: select * from `users` where `id` = ? limit 1 [2] 
[2025-02-22 19:05:12] local.INFO: Emergency Chat: Fetching messages  
[2025-02-22 19:05:12] local.INFO: select * from `chat_messages` order by `created_at` asc  
[2025-02-22 19:05:12] local.INFO: select * from `users` where `users`.`id` in (1, 2)  
[2025-02-22 19:05:14] local.INFO: select * from `users` where `id` = ? limit 1 [2] 
[2025-02-22 19:05:14] local.INFO: Emergency Chat: Fetching messages  
[2025-02-22 19:05:14] local.INFO: select * from `chat_messages` order by `created_at` asc  
[2025-02-22 19:05:14] local.INFO: select * from `users` where `users`.`id` in (1, 2)  
[2025-02-22 19:05:16] local.INFO: select * from `users` where `id` = ? limit 1 [2] 
[2025-02-22 19:05:16] local.INFO: Emergency Chat: Fetching messages  
[2025-02-22 19:05:16] local.INFO: select * from `chat_messages` order by `created_at` asc  
[2025-02-22 19:05:16] local.INFO: select * from `users` where `users`.`id` in (1, 2)  
[2025-02-22 19:05:18] local.INFO: select * from `users` where `id` = ? limit 1 [2] 
[2025-02-22 19:05:18] local.INFO: Emergency Chat: Fetching messages  
[2025-02-22 19:05:18] local.INFO: select * from `chat_messages` order by `created_at` asc  
[2025-02-22 19:05:18] local.INFO: select * from `users` where `users`.`id` in (1, 2)  
[2025-02-22 19:05:20] local.INFO: select * from `users` where `id` = ? limit 1 [2] 
[2025-02-22 19:05:20] local.INFO: Emergency Chat: Fetching messages  
[2025-02-22 19:05:20] local.INFO: select * from `chat_messages` order by `created_at` asc  
[2025-02-22 19:05:20] local.INFO: select * from `users` where `users`.`id` in (1, 2)  
[2025-02-22 19:05:22] local.INFO: select * from `users` where `id` = ? limit 1 [2] 
[2025-02-22 19:05:22] local.INFO: Emergency Chat: Fetching messages  
[2025-02-22 19:05:22] local.INFO: select * from `chat_messages` order by `created_at` asc  
[2025-02-22 19:05:22] local.INFO: select * from `users` where `users`.`id` in (1, 2)  
[2025-02-22 19:05:24] local.INFO: select * from `users` where `id` = ? limit 1 [2] 
[2025-02-22 19:05:24] local.INFO: Emergency Chat: Fetching messages  
[2025-02-22 19:05:24] local.INFO: select * from `chat_messages` order by `created_at` asc  
[2025-02-22 19:05:24] local.INFO: select * from `users` where `users`.`id` in (1, 2)  
[2025-02-22 19:05:26] local.INFO: select * from `users` where `id` = ? limit 1 [2] 
[2025-02-22 19:05:26] local.INFO: Emergency Chat: Fetching messages  
[2025-02-22 19:05:26] local.INFO: select * from `chat_messages` order by `created_at` asc  
[2025-02-22 19:05:26] local.INFO: select * from `users` where `users`.`id` in (1, 2)  
[2025-02-22 19:05:28] local.INFO: select * from `users` where `id` = ? limit 1 [2] 
[2025-02-22 19:05:28] local.INFO: Emergency Chat: Fetching messages  
[2025-02-22 19:05:28] local.INFO: select * from `chat_messages` order by `created_at` asc  
[2025-02-22 19:05:28] local.INFO: select * from `users` where `users`.`id` in (1, 2)  
[2025-02-22 19:05:30] local.INFO: select * from `users` where `id` = ? limit 1 [2] 
[2025-02-22 19:05:30] local.INFO: Emergency Chat: Fetching messages  
[2025-02-22 19:05:30] local.INFO: select * from `chat_messages` order by `created_at` asc  
[2025-02-22 19:05:30] local.INFO: select * from `users` where `users`.`id` in (1, 2)  
[2025-02-22 19:05:32] local.INFO: select * from `users` where `id` = ? limit 1 [2] 
[2025-02-22 19:05:32] local.INFO: Emergency Chat: Fetching messages  
[2025-02-22 19:05:32] local.INFO: select * from `chat_messages` order by `created_at` asc  
[2025-02-22 19:05:32] local.INFO: select * from `users` where `users`.`id` in (1, 2)  
[2025-02-22 19:05:34] local.INFO: select * from `users` where `id` = ? limit 1 [2] 
[2025-02-22 19:05:34] local.INFO: Emergency Chat: Fetching messages  
[2025-02-22 19:05:34] local.INFO: select * from `chat_messages` order by `created_at` asc  
[2025-02-22 19:05:34] local.INFO: select * from `users` where `users`.`id` in (1, 2)  
[2025-02-22 19:05:36] local.INFO: select * from `users` where `id` = ? limit 1 [2] 
[2025-02-22 19:05:36] local.INFO: Emergency Chat: Fetching messages  
[2025-02-22 19:05:36] local.INFO: select * from `chat_messages` order by `created_at` asc  
[2025-02-22 19:05:36] local.INFO: select * from `users` where `users`.`id` in (1, 2)  
[2025-02-22 19:05:38] local.INFO: select * from `users` where `id` = ? limit 1 [2] 
[2025-02-22 19:05:38] local.INFO: Emergency Chat: Fetching messages  
[2025-02-22 19:05:38] local.INFO: select * from `chat_messages` order by `created_at` asc  
[2025-02-22 19:05:38] local.INFO: select * from `users` where `users`.`id` in (1, 2)  
[2025-02-22 19:05:40] local.INFO: select * from `users` where `id` = ? limit 1 [2] 
[2025-02-22 19:05:40] local.INFO: Emergency Chat: Fetching messages  
[2025-02-22 19:05:40] local.INFO: select * from `chat_messages` order by `created_at` asc  
[2025-02-22 19:05:40] local.INFO: select * from `users` where `users`.`id` in (1, 2)  
[2025-02-22 19:05:42] local.INFO: select * from `users` where `id` = ? limit 1 [2] 
[2025-02-22 19:05:42] local.INFO: Emergency Chat: Fetching messages  
[2025-02-22 19:05:42] local.INFO: select * from `chat_messages` order by `created_at` asc  
[2025-02-22 19:05:42] local.INFO: select * from `users` where `users`.`id` in (1, 2)  
[2025-02-22 19:05:44] local.INFO: select * from `users` where `id` = ? limit 1 [2] 
[2025-02-22 19:05:44] local.INFO: Emergency Chat: Fetching messages  
[2025-02-22 19:05:44] local.INFO: select * from `chat_messages` order by `created_at` asc  
[2025-02-22 19:05:44] local.INFO: select * from `users` where `users`.`id` in (1, 2)  
[2025-02-22 19:05:46] local.INFO: select * from `users` where `id` = ? limit 1 [2] 
[2025-02-22 19:05:46] local.INFO: Emergency Chat: Fetching messages  
[2025-02-22 19:05:46] local.INFO: select * from `chat_messages` order by `created_at` asc  
[2025-02-22 19:05:46] local.INFO: select * from `users` where `users`.`id` in (1, 2)  
[2025-02-22 19:05:48] local.INFO: select * from `users` where `id` = ? limit 1 [2] 
[2025-02-22 19:05:48] local.INFO: Emergency Chat: Fetching messages  
[2025-02-22 19:05:48] local.INFO: select * from `chat_messages` order by `created_at` asc  
[2025-02-22 19:05:48] local.INFO: select * from `users` where `users`.`id` in (1, 2)  
[2025-02-22 19:05:50] local.INFO: select * from `users` where `id` = ? limit 1 [2] 
[2025-02-22 19:05:50] local.INFO: Emergency Chat: Fetching messages  
[2025-02-22 19:05:50] local.INFO: select * from `chat_messages` order by `created_at` asc  
[2025-02-22 19:05:50] local.INFO: select * from `users` where `users`.`id` in (1, 2)  
[2025-02-22 19:05:52] local.INFO: select * from `users` where `id` = ? limit 1 [2] 
[2025-02-22 19:05:52] local.INFO: Emergency Chat: Fetching messages  
[2025-02-22 19:05:52] local.INFO: select * from `chat_messages` order by `created_at` asc  
[2025-02-22 19:05:52] local.INFO: select * from `users` where `users`.`id` in (1, 2)  
[2025-02-22 19:05:54] local.INFO: select * from `users` where `id` = ? limit 1 [2] 
[2025-02-22 19:05:54] local.INFO: Emergency Chat: Fetching messages  
[2025-02-22 19:05:54] local.INFO: select * from `chat_messages` order by `created_at` asc  
[2025-02-22 19:05:54] local.INFO: select * from `users` where `users`.`id` in (1, 2)  
[2025-02-22 19:05:56] local.INFO: select * from `users` where `id` = ? limit 1 [2] 
[2025-02-22 19:05:56] local.INFO: Emergency Chat: Fetching messages  
[2025-02-22 19:05:56] local.INFO: select * from `chat_messages` order by `created_at` asc  
[2025-02-22 19:05:56] local.INFO: select * from `users` where `users`.`id` in (1, 2)  
[2025-02-22 19:05:58] local.INFO: select * from `users` where `id` = ? limit 1 [2] 
[2025-02-22 19:05:58] local.INFO: Emergency Chat: Fetching messages  
[2025-02-22 19:05:58] local.INFO: select * from `chat_messages` order by `created_at` asc  
[2025-02-22 19:05:58] local.INFO: select * from `users` where `users`.`id` in (1, 2)  
[2025-02-22 19:06:00] local.INFO: select * from `users` where `id` = ? limit 1 [2] 
[2025-02-22 19:06:00] local.INFO: Emergency Chat: Fetching messages  
[2025-02-22 19:06:00] local.INFO: select * from `chat_messages` order by `created_at` asc  
[2025-02-22 19:06:00] local.INFO: select * from `users` where `users`.`id` in (1, 2)  
[2025-02-22 19:06:02] local.INFO: select * from `users` where `id` = ? limit 1 [2] 
[2025-02-22 19:06:02] local.INFO: Emergency Chat: Fetching messages  
[2025-02-22 19:06:02] local.INFO: select * from `chat_messages` order by `created_at` asc  
[2025-02-22 19:06:02] local.INFO: select * from `users` where `users`.`id` in (1, 2)  
[2025-02-22 19:06:04] local.INFO: select * from `users` where `id` = ? limit 1 [2] 
[2025-02-22 19:06:04] local.INFO: Emergency Chat: Fetching messages  
[2025-02-22 19:06:04] local.INFO: select * from `chat_messages` order by `created_at` asc  
[2025-02-22 19:06:04] local.INFO: select * from `users` where `users`.`id` in (1, 2)  
[2025-02-22 19:06:06] local.INFO: select * from `users` where `id` = ? limit 1 [2] 
[2025-02-22 19:06:06] local.INFO: Emergency Chat: Fetching messages  
[2025-02-22 19:06:06] local.INFO: select * from `chat_messages` order by `created_at` asc  
[2025-02-22 19:06:06] local.INFO: select * from `users` where `users`.`id` in (1, 2)  
[2025-02-22 19:06:08] local.INFO: select * from `users` where `id` = ? limit 1 [2] 
[2025-02-22 19:06:08] local.INFO: Emergency Chat: Fetching messages  
[2025-02-22 19:06:08] local.INFO: select * from `chat_messages` order by `created_at` asc  
[2025-02-22 19:06:08] local.INFO: select * from `users` where `users`.`id` in (1, 2)  
[2025-02-22 19:06:10] local.INFO: select * from `users` where `id` = ? limit 1 [2] 
[2025-02-22 19:06:10] local.INFO: Emergency Chat: Fetching messages  
[2025-02-22 19:06:10] local.INFO: select * from `chat_messages` order by `created_at` asc  
[2025-02-22 19:06:10] local.INFO: select * from `users` where `users`.`id` in (1, 2)  
[2025-02-22 19:06:12] local.INFO: select * from `users` where `id` = ? limit 1 [2] 
[2025-02-22 19:06:12] local.INFO: Emergency Chat: Fetching messages  
[2025-02-22 19:06:12] local.INFO: select * from `chat_messages` order by `created_at` asc  
[2025-02-22 19:06:12] local.INFO: select * from `users` where `users`.`id` in (1, 2)  
[2025-02-22 19:06:14] local.INFO: select * from `users` where `id` = ? limit 1 [2] 
[2025-02-22 19:06:14] local.INFO: Emergency Chat: Fetching messages  
[2025-02-22 19:06:14] local.INFO: select * from `chat_messages` order by `created_at` asc  
[2025-02-22 19:06:14] local.INFO: select * from `users` where `users`.`id` in (1, 2)  
[2025-02-22 19:06:16] local.INFO: select * from `users` where `id` = ? limit 1 [2] 
[2025-02-22 19:06:16] local.INFO: Emergency Chat: Fetching messages  
[2025-02-22 19:06:16] local.INFO: select * from `chat_messages` order by `created_at` asc  
[2025-02-22 19:06:16] local.INFO: select * from `users` where `users`.`id` in (1, 2)  
[2025-02-22 19:06:18] local.INFO: select * from `users` where `id` = ? limit 1 [2] 
[2025-02-22 19:06:18] local.INFO: Emergency Chat: Fetching messages  
[2025-02-22 19:06:18] local.INFO: select * from `chat_messages` order by `created_at` asc  
[2025-02-22 19:06:18] local.INFO: select * from `users` where `users`.`id` in (1, 2)  
[2025-02-22 19:06:20] local.INFO: select * from `users` where `id` = ? limit 1 [2] 
[2025-02-22 19:06:20] local.INFO: Emergency Chat: Fetching messages  
[2025-02-22 19:06:20] local.INFO: select * from `chat_messages` order by `created_at` asc  
[2025-02-22 19:06:20] local.INFO: select * from `users` where `users`.`id` in (1, 2)  
[2025-02-22 19:06:22] local.INFO: select * from `users` where `id` = ? limit 1 [2] 
[2025-02-22 19:06:22] local.INFO: Emergency Chat: Fetching messages  
[2025-02-22 19:06:22] local.INFO: select * from `chat_messages` order by `created_at` asc  
[2025-02-22 19:06:22] local.INFO: select * from `users` where `users`.`id` in (1, 2)  
[2025-02-22 19:06:24] local.INFO: select * from `users` where `id` = ? limit 1 [2] 
[2025-02-22 19:06:24] local.INFO: Emergency Chat: Fetching messages  
[2025-02-22 19:06:24] local.INFO: select * from `chat_messages` order by `created_at` asc  
[2025-02-22 19:06:24] local.INFO: select * from `users` where `users`.`id` in (1, 2)  
[2025-02-22 19:06:26] local.INFO: select * from `users` where `id` = ? limit 1 [2] 
[2025-02-22 19:06:26] local.INFO: Emergency Chat: Fetching messages  
[2025-02-22 19:06:26] local.INFO: select * from `chat_messages` order by `created_at` asc  
[2025-02-22 19:06:26] local.INFO: select * from `users` where `users`.`id` in (1, 2)  
[2025-02-22 19:06:28] local.INFO: select * from `users` where `id` = ? limit 1 [2] 
[2025-02-22 19:06:28] local.INFO: Emergency Chat: Fetching messages  
[2025-02-22 19:06:28] local.INFO: select * from `chat_messages` order by `created_at` asc  
[2025-02-22 19:06:28] local.INFO: select * from `users` where `users`.`id` in (1, 2)  
[2025-02-22 19:06:30] local.INFO: select * from `users` where `id` = ? limit 1 [2] 
[2025-02-22 19:06:30] local.INFO: Emergency Chat: Fetching messages  
[2025-02-22 19:06:30] local.INFO: select * from `chat_messages` order by `created_at` asc  
[2025-02-22 19:06:30] local.INFO: select * from `users` where `users`.`id` in (1, 2)  
[2025-02-22 19:06:32] local.INFO: select * from `users` where `id` = ? limit 1 [2] 
[2025-02-22 19:06:32] local.INFO: Emergency Chat: Fetching messages  
[2025-02-22 19:06:32] local.INFO: select * from `chat_messages` order by `created_at` asc  
[2025-02-22 19:06:32] local.INFO: select * from `users` where `users`.`id` in (1, 2)  
[2025-02-22 19:06:34] local.INFO: select * from `users` where `id` = ? limit 1 [2] 
[2025-02-22 19:06:34] local.INFO: Emergency Chat: Fetching messages  
[2025-02-22 19:06:34] local.INFO: select * from `chat_messages` order by `created_at` asc  
[2025-02-22 19:06:34] local.INFO: select * from `users` where `users`.`id` in (1, 2)  
[2025-02-22 19:06:36] local.INFO: select * from `users` where `id` = ? limit 1 [2] 
[2025-02-22 19:06:36] local.INFO: Emergency Chat: Fetching messages  
[2025-02-22 19:06:36] local.INFO: select * from `chat_messages` order by `created_at` asc  
[2025-02-22 19:06:36] local.INFO: select * from `users` where `users`.`id` in (1, 2)  
[2025-02-22 19:06:38] local.INFO: select * from `users` where `id` = ? limit 1 [2] 
[2025-02-22 19:06:38] local.INFO: Emergency Chat: Fetching messages  
[2025-02-22 19:06:38] local.INFO: select * from `chat_messages` order by `created_at` asc  
[2025-02-22 19:06:38] local.INFO: select * from `users` where `users`.`id` in (1, 2)  
[2025-02-22 19:06:40] local.INFO: select * from `users` where `id` = ? limit 1 [2] 
[2025-02-22 19:06:40] local.INFO: Emergency Chat: Fetching messages  
[2025-02-22 19:06:40] local.INFO: select * from `chat_messages` order by `created_at` asc  
[2025-02-22 19:06:40] local.INFO: select * from `users` where `users`.`id` in (1, 2)  
[2025-02-22 19:06:42] local.INFO: select * from `users` where `id` = ? limit 1 [2] 
[2025-02-22 19:06:42] local.INFO: Emergency Chat: Fetching messages  
[2025-02-22 19:06:42] local.INFO: select * from `chat_messages` order by `created_at` asc  
[2025-02-22 19:06:42] local.INFO: select * from `users` where `users`.`id` in (1, 2)  
[2025-02-22 19:06:44] local.INFO: select * from `users` where `id` = ? limit 1 [2] 
[2025-02-22 19:06:44] local.INFO: Emergency Chat: Fetching messages  
[2025-02-22 19:06:44] local.INFO: select * from `chat_messages` order by `created_at` asc  
[2025-02-22 19:06:44] local.INFO: select * from `users` where `users`.`id` in (1, 2)  
[2025-02-22 19:06:46] local.INFO: select * from `users` where `id` = ? limit 1 [2] 
[2025-02-22 19:06:46] local.INFO: Emergency Chat: Fetching messages  
[2025-02-22 19:06:46] local.INFO: select * from `chat_messages` order by `created_at` asc  
[2025-02-22 19:06:46] local.INFO: select * from `users` where `users`.`id` in (1, 2)  
[2025-02-22 19:06:48] local.INFO: select * from `users` where `id` = ? limit 1 [2] 
[2025-02-22 19:06:48] local.INFO: Emergency Chat: Fetching messages  
[2025-02-22 19:06:48] local.INFO: select * from `chat_messages` order by `created_at` asc  
[2025-02-22 19:06:48] local.INFO: select * from `users` where `users`.`id` in (1, 2)  
[2025-02-22 19:06:50] local.INFO: select * from `users` where `id` = ? limit 1 [2] 
[2025-02-22 19:06:50] local.INFO: Emergency Chat: Fetching messages  
[2025-02-22 19:06:50] local.INFO: select * from `chat_messages` order by `created_at` asc  
[2025-02-22 19:06:50] local.INFO: select * from `users` where `users`.`id` in (1, 2)  
[2025-02-22 19:06:52] local.INFO: select * from `users` where `id` = ? limit 1 [2] 
[2025-02-22 19:06:52] local.INFO: Emergency Chat: Fetching messages  
[2025-02-22 19:06:52] local.INFO: select * from `chat_messages` order by `created_at` asc  
[2025-02-22 19:06:52] local.INFO: select * from `users` where `users`.`id` in (1, 2)  
[2025-02-22 19:06:54] local.INFO: select * from `users` where `id` = ? limit 1 [2] 
[2025-02-22 19:06:54] local.INFO: Emergency Chat: Fetching messages  
[2025-02-22 19:06:54] local.INFO: select * from `chat_messages` order by `created_at` asc  
[2025-02-22 19:06:54] local.INFO: select * from `users` where `users`.`id` in (1, 2)  
[2025-02-22 19:06:56] local.INFO: select * from `users` where `id` = ? limit 1 [2] 
[2025-02-22 19:06:56] local.INFO: Emergency Chat: Fetching messages  
[2025-02-22 19:06:56] local.INFO: select * from `chat_messages` order by `created_at` asc  
[2025-02-22 19:06:56] local.INFO: select * from `users` where `users`.`id` in (1, 2)  
[2025-02-22 19:06:58] local.INFO: select * from `users` where `id` = ? limit 1 [2] 
[2025-02-22 19:06:58] local.INFO: Emergency Chat: Fetching messages  
[2025-02-22 19:06:58] local.INFO: select * from `chat_messages` order by `created_at` asc  
[2025-02-22 19:06:58] local.INFO: select * from `users` where `users`.`id` in (1, 2)  
[2025-02-22 19:07:00] local.INFO: select * from `users` where `id` = ? limit 1 [2] 
[2025-02-22 19:07:00] local.INFO: Emergency Chat: Fetching messages  
[2025-02-22 19:07:00] local.INFO: select * from `chat_messages` order by `created_at` asc  
[2025-02-22 19:07:00] local.INFO: select * from `users` where `users`.`id` in (1, 2)  
[2025-02-22 19:07:02] local.INFO: select * from `users` where `id` = ? limit 1 [2] 
[2025-02-22 19:07:02] local.INFO: Emergency Chat: Fetching messages  
[2025-02-22 19:07:02] local.INFO: select * from `chat_messages` order by `created_at` asc  
[2025-02-22 19:07:02] local.INFO: select * from `users` where `users`.`id` in (1, 2)  
[2025-02-22 19:07:04] local.INFO: select * from `users` where `id` = ? limit 1 [2] 
[2025-02-22 19:07:04] local.INFO: Emergency Chat: Fetching messages  
[2025-02-22 19:07:04] local.INFO: select * from `chat_messages` order by `created_at` asc  
[2025-02-22 19:07:04] local.INFO: select * from `users` where `users`.`id` in (1, 2)  
[2025-02-22 19:07:06] local.INFO: select * from `users` where `id` = ? limit 1 [2] 
[2025-02-22 19:07:06] local.INFO: Emergency Chat: Fetching messages  
[2025-02-22 19:07:06] local.INFO: select * from `chat_messages` order by `created_at` asc  
[2025-02-22 19:07:06] local.INFO: select * from `users` where `users`.`id` in (1, 2)  
[2025-02-22 19:07:08] local.INFO: select * from `users` where `id` = ? limit 1 [2] 
[2025-02-22 19:07:08] local.INFO: Emergency Chat: Fetching messages  
[2025-02-22 19:07:08] local.INFO: select * from `chat_messages` order by `created_at` asc  
[2025-02-22 19:07:08] local.INFO: select * from `users` where `users`.`id` in (1, 2)  
[2025-02-22 19:07:10] local.INFO: select * from `users` where `id` = ? limit 1 [2] 
[2025-02-22 19:07:10] local.INFO: Emergency Chat: Fetching messages  
[2025-02-22 19:07:10] local.INFO: select * from `chat_messages` order by `created_at` asc  
[2025-02-22 19:07:10] local.INFO: select * from `users` where `users`.`id` in (1, 2)  
[2025-02-22 19:07:12] local.INFO: select * from `users` where `id` = ? limit 1 [2] 
[2025-02-22 19:07:12] local.INFO: Emergency Chat: Fetching messages  
[2025-02-22 19:07:12] local.INFO: select * from `chat_messages` order by `created_at` asc  
[2025-02-22 19:07:12] local.INFO: select * from `users` where `users`.`id` in (1, 2)  
[2025-02-22 19:07:14] local.INFO: select * from `users` where `id` = ? limit 1 [2] 
[2025-02-22 19:07:14] local.INFO: Emergency Chat: Fetching messages  
[2025-02-22 19:07:14] local.INFO: select * from `chat_messages` order by `created_at` asc  
[2025-02-22 19:07:14] local.INFO: select * from `users` where `users`.`id` in (1, 2)  
[2025-02-22 19:07:16] local.INFO: select * from `users` where `id` = ? limit 1 [2] 
[2025-02-22 19:07:16] local.INFO: Emergency Chat: Fetching messages  
[2025-02-22 19:07:16] local.INFO: select * from `chat_messages` order by `created_at` asc  
[2025-02-22 19:07:16] local.INFO: select * from `users` where `users`.`id` in (1, 2)  
[2025-02-22 19:07:18] local.INFO: select * from `users` where `id` = ? limit 1 [2] 
[2025-02-22 19:07:18] local.INFO: Emergency Chat: Fetching messages  
[2025-02-22 19:07:18] local.INFO: select * from `chat_messages` order by `created_at` asc  
[2025-02-22 19:07:18] local.INFO: select * from `users` where `users`.`id` in (1, 2)  
[2025-02-22 19:07:20] local.INFO: select * from `users` where `id` = ? limit 1 [2] 
[2025-02-22 19:07:20] local.INFO: Emergency Chat: Fetching messages  
[2025-02-22 19:07:20] local.INFO: select * from `chat_messages` order by `created_at` asc  
[2025-02-22 19:07:20] local.INFO: select * from `users` where `users`.`id` in (1, 2)  
[2025-02-22 19:07:22] local.INFO: select * from `users` where `id` = ? limit 1 [2] 
[2025-02-22 19:07:22] local.INFO: Emergency Chat: Fetching messages  
[2025-02-22 19:07:22] local.INFO: select * from `chat_messages` order by `created_at` asc  
[2025-02-22 19:07:22] local.INFO: select * from `users` where `users`.`id` in (1, 2)  
[2025-02-22 19:07:24] local.INFO: select * from `users` where `id` = ? limit 1 [2] 
[2025-02-22 19:07:24] local.INFO: Emergency Chat: Fetching messages  
[2025-02-22 19:07:24] local.INFO: select * from `chat_messages` order by `created_at` asc  
[2025-02-22 19:07:24] local.INFO: select * from `users` where `users`.`id` in (1, 2)  
[2025-02-22 19:07:26] local.INFO: select * from `users` where `id` = ? limit 1 [2] 
[2025-02-22 19:07:26] local.INFO: Emergency Chat: Fetching messages  
[2025-02-22 19:07:26] local.INFO: select * from `chat_messages` order by `created_at` asc  
[2025-02-22 19:07:26] local.INFO: select * from `users` where `users`.`id` in (1, 2)  
[2025-02-22 19:07:28] local.INFO: select * from `users` where `id` = ? limit 1 [2] 
[2025-02-22 19:07:28] local.INFO: Emergency Chat: Fetching messages  
[2025-02-22 19:07:28] local.INFO: select * from `chat_messages` order by `created_at` asc  
[2025-02-22 19:07:28] local.INFO: select * from `users` where `users`.`id` in (1, 2)  
[2025-02-22 19:07:30] local.INFO: select * from `users` where `id` = ? limit 1 [2] 
[2025-02-22 19:07:30] local.INFO: Emergency Chat: Fetching messages  
[2025-02-22 19:07:30] local.INFO: select * from `chat_messages` order by `created_at` asc  
[2025-02-22 19:07:30] local.INFO: select * from `users` where `users`.`id` in (1, 2)  
[2025-02-22 19:07:32] local.INFO: select * from `users` where `id` = ? limit 1 [2] 
[2025-02-22 19:07:32] local.INFO: Emergency Chat: Fetching messages  
[2025-02-22 19:07:32] local.INFO: select * from `chat_messages` order by `created_at` asc  
[2025-02-22 19:07:32] local.INFO: select * from `users` where `users`.`id` in (1, 2)  
[2025-02-22 19:07:34] local.INFO: select * from `users` where `id` = ? limit 1 [2] 
[2025-02-22 19:07:34] local.INFO: Emergency Chat: Fetching messages  
[2025-02-22 19:07:34] local.INFO: select * from `chat_messages` order by `created_at` asc  
[2025-02-22 19:07:34] local.INFO: select * from `users` where `users`.`id` in (1, 2)  
[2025-02-22 19:07:36] local.INFO: select * from `users` where `id` = ? limit 1 [2] 
[2025-02-22 19:07:36] local.INFO: Emergency Chat: Fetching messages  
[2025-02-22 19:07:36] local.INFO: select * from `chat_messages` order by `created_at` asc  
[2025-02-22 19:07:36] local.INFO: select * from `users` where `users`.`id` in (1, 2)  
[2025-02-22 19:07:38] local.INFO: select * from `users` where `id` = ? limit 1 [2] 
[2025-02-22 19:07:38] local.INFO: Emergency Chat: Fetching messages  
[2025-02-22 19:07:38] local.INFO: select * from `chat_messages` order by `created_at` asc  
[2025-02-22 19:07:38] local.INFO: select * from `users` where `users`.`id` in (1, 2)  
[2025-02-22 19:07:40] local.INFO: select * from `users` where `id` = ? limit 1 [2] 
[2025-02-22 19:07:40] local.INFO: Emergency Chat: Fetching messages  
[2025-02-22 19:07:40] local.INFO: select * from `chat_messages` order by `created_at` asc  
[2025-02-22 19:07:40] local.INFO: select * from `users` where `users`.`id` in (1, 2)  
[2025-02-22 19:07:42] local.INFO: select * from `users` where `id` = ? limit 1 [2] 
[2025-02-22 19:07:42] local.INFO: Emergency Chat: Fetching messages  
[2025-02-22 19:07:42] local.INFO: select * from `chat_messages` order by `created_at` asc  
[2025-02-22 19:07:42] local.INFO: select * from `users` where `users`.`id` in (1, 2)  
[2025-02-22 19:07:44] local.INFO: select * from `users` where `id` = ? limit 1 [2] 
[2025-02-22 19:07:44] local.INFO: Emergency Chat: Fetching messages  
[2025-02-22 19:07:44] local.INFO: select * from `chat_messages` order by `created_at` asc  
[2025-02-22 19:07:44] local.INFO: select * from `users` where `users`.`id` in (1, 2)  
[2025-02-22 19:07:46] local.INFO: select * from `users` where `id` = ? limit 1 [2] 
[2025-02-22 19:07:46] local.INFO: Emergency Chat: Fetching messages  
[2025-02-22 19:07:46] local.INFO: select * from `chat_messages` order by `created_at` asc  
[2025-02-22 19:07:46] local.INFO: select * from `users` where `users`.`id` in (1, 2)  
[2025-02-22 19:07:48] local.INFO: select * from `users` where `id` = ? limit 1 [2] 
[2025-02-22 19:07:48] local.INFO: Emergency Chat: Fetching messages  
[2025-02-22 19:07:48] local.INFO: select * from `chat_messages` order by `created_at` asc  
[2025-02-22 19:07:48] local.INFO: select * from `users` where `users`.`id` in (1, 2)  
[2025-02-22 19:07:50] local.INFO: select * from `users` where `id` = ? limit 1 [2] 
[2025-02-22 19:07:50] local.INFO: Emergency Chat: Fetching messages  
[2025-02-22 19:07:50] local.INFO: select * from `chat_messages` order by `created_at` asc  
[2025-02-22 19:07:50] local.INFO: select * from `users` where `users`.`id` in (1, 2)  
[2025-02-22 19:07:52] local.INFO: select * from `users` where `id` = ? limit 1 [2] 
[2025-02-22 19:07:52] local.INFO: Emergency Chat: Fetching messages  
[2025-02-22 19:07:52] local.INFO: select * from `chat_messages` order by `created_at` asc  
[2025-02-22 19:07:52] local.INFO: select * from `users` where `users`.`id` in (1, 2)  
[2025-02-22 19:07:54] local.INFO: select * from `users` where `id` = ? limit 1 [2] 
[2025-02-22 19:07:54] local.INFO: Emergency Chat: Fetching messages  
[2025-02-22 19:07:54] local.INFO: select * from `chat_messages` order by `created_at` asc  
[2025-02-22 19:07:54] local.INFO: select * from `users` where `users`.`id` in (1, 2)  
[2025-02-22 19:07:56] local.INFO: select * from `users` where `id` = ? limit 1 [2] 
[2025-02-22 19:07:56] local.INFO: Emergency Chat: Fetching messages  
[2025-02-22 19:07:56] local.INFO: select * from `chat_messages` order by `created_at` asc  
[2025-02-22 19:07:56] local.INFO: select * from `users` where `users`.`id` in (1, 2)  
[2025-02-22 19:07:58] local.INFO: select * from `users` where `id` = ? limit 1 [2] 
[2025-02-22 19:07:58] local.INFO: Emergency Chat: Fetching messages  
[2025-02-22 19:07:58] local.INFO: select * from `chat_messages` order by `created_at` asc  
[2025-02-22 19:07:58] local.INFO: select * from `users` where `users`.`id` in (1, 2)  
[2025-02-22 19:08:00] local.INFO: select * from `users` where `id` = ? limit 1 [2] 
[2025-02-22 19:08:00] local.INFO: Emergency Chat: Fetching messages  
[2025-02-22 19:08:00] local.INFO: select * from `chat_messages` order by `created_at` asc  
[2025-02-22 19:08:00] local.INFO: select * from `users` where `users`.`id` in (1, 2)  
[2025-02-22 19:08:02] local.INFO: select * from `users` where `id` = ? limit 1 [2] 
[2025-02-22 19:08:02] local.INFO: Emergency Chat: Fetching messages  
[2025-02-22 19:08:02] local.INFO: select * from `chat_messages` order by `created_at` asc  
[2025-02-22 19:08:02] local.INFO: select * from `users` where `users`.`id` in (1, 2)  
[2025-02-22 19:08:04] local.INFO: select * from `users` where `id` = ? limit 1 [2] 
[2025-02-22 19:08:04] local.INFO: Emergency Chat: Fetching messages  
[2025-02-22 19:08:04] local.INFO: select * from `chat_messages` order by `created_at` asc  
[2025-02-22 19:08:04] local.INFO: select * from `users` where `users`.`id` in (1, 2)  
[2025-02-22 19:08:06] local.INFO: select * from `users` where `id` = ? limit 1 [2] 
[2025-02-22 19:08:06] local.INFO: Emergency Chat: Fetching messages  
[2025-02-22 19:08:06] local.INFO: select * from `chat_messages` order by `created_at` asc  
[2025-02-22 19:08:06] local.INFO: select * from `users` where `users`.`id` in (1, 2)  
[2025-02-22 19:08:08] local.INFO: select * from `users` where `id` = ? limit 1 [2] 
[2025-02-22 19:08:08] local.INFO: Emergency Chat: Fetching messages  
[2025-02-22 19:08:08] local.INFO: select * from `chat_messages` order by `created_at` asc  
[2025-02-22 19:08:08] local.INFO: select * from `users` where `users`.`id` in (1, 2)  
[2025-02-22 19:08:10] local.INFO: select * from `users` where `id` = ? limit 1 [2] 
[2025-02-22 19:08:10] local.INFO: Emergency Chat: Fetching messages  
[2025-02-22 19:08:10] local.INFO: select * from `chat_messages` order by `created_at` asc  
[2025-02-22 19:08:10] local.INFO: select * from `users` where `users`.`id` in (1, 2)  
[2025-02-22 19:08:12] local.INFO: select * from `users` where `id` = ? limit 1 [2] 
[2025-02-22 19:08:12] local.INFO: Emergency Chat: Fetching messages  
[2025-02-22 19:08:12] local.INFO: select * from `chat_messages` order by `created_at` asc  
[2025-02-22 19:08:12] local.INFO: select * from `users` where `users`.`id` in (1, 2)  
[2025-02-22 19:08:14] local.INFO: select * from `users` where `id` = ? limit 1 [2] 
[2025-02-22 19:08:14] local.INFO: Emergency Chat: Fetching messages  
[2025-02-22 19:08:14] local.INFO: select * from `chat_messages` order by `created_at` asc  
[2025-02-22 19:08:14] local.INFO: select * from `users` where `users`.`id` in (1, 2)  
[2025-02-22 19:08:16] local.INFO: select * from `users` where `id` = ? limit 1 [2] 
[2025-02-22 19:08:16] local.INFO: Emergency Chat: Fetching messages  
[2025-02-22 19:08:16] local.INFO: select * from `chat_messages` order by `created_at` asc  
[2025-02-22 19:08:16] local.INFO: select * from `users` where `users`.`id` in (1, 2)  
[2025-02-22 19:08:18] local.INFO: select * from `users` where `id` = ? limit 1 [2] 
[2025-02-22 19:08:18] local.INFO: Emergency Chat: Fetching messages  
[2025-02-22 19:08:18] local.INFO: select * from `chat_messages` order by `created_at` asc  
[2025-02-22 19:08:18] local.INFO: select * from `users` where `users`.`id` in (1, 2)  
[2025-02-22 19:08:20] local.INFO: select * from `users` where `id` = ? limit 1 [2] 
[2025-02-22 19:08:20] local.INFO: Emergency Chat: Fetching messages  
[2025-02-22 19:08:20] local.INFO: select * from `chat_messages` order by `created_at` asc  
[2025-02-22 19:08:20] local.INFO: select * from `users` where `users`.`id` in (1, 2)  
[2025-02-22 19:08:22] local.INFO: select * from `users` where `id` = ? limit 1 [2] 
[2025-02-22 19:08:22] local.INFO: Emergency Chat: Fetching messages  
[2025-02-22 19:08:22] local.INFO: select * from `chat_messages` order by `created_at` asc  
[2025-02-22 19:08:22] local.INFO: select * from `users` where `users`.`id` in (1, 2)  
[2025-02-22 19:08:24] local.INFO: select * from `users` where `id` = ? limit 1 [2] 
[2025-02-22 19:08:24] local.INFO: Emergency Chat: Fetching messages  
[2025-02-22 19:08:24] local.INFO: select * from `chat_messages` order by `created_at` asc  
[2025-02-22 19:08:24] local.INFO: select * from `users` where `users`.`id` in (1, 2)  
[2025-02-22 19:08:26] local.INFO: select * from `users` where `id` = ? limit 1 [2] 
[2025-02-22 19:08:26] local.INFO: Emergency Chat: Fetching messages  
[2025-02-22 19:08:26] local.INFO: select * from `chat_messages` order by `created_at` asc  
[2025-02-22 19:08:26] local.INFO: select * from `users` where `users`.`id` in (1, 2)  
[2025-02-22 19:08:28] local.INFO: select * from `users` where `id` = ? limit 1 [2] 
[2025-02-22 19:08:28] local.INFO: Emergency Chat: Fetching messages  
[2025-02-22 19:08:28] local.INFO: select * from `chat_messages` order by `created_at` asc  
[2025-02-22 19:08:28] local.INFO: select * from `users` where `users`.`id` in (1, 2)  
[2025-02-22 19:08:30] local.INFO: select * from `users` where `id` = ? limit 1 [2] 
[2025-02-22 19:08:30] local.INFO: Emergency Chat: Fetching messages  
[2025-02-22 19:08:30] local.INFO: select * from `chat_messages` order by `created_at` asc  
[2025-02-22 19:08:30] local.INFO: select * from `users` where `users`.`id` in (1, 2)  
[2025-02-22 19:08:32] local.INFO: select * from `users` where `id` = ? limit 1 [2] 
[2025-02-22 19:08:32] local.INFO: Emergency Chat: Fetching messages  
[2025-02-22 19:08:32] local.INFO: select * from `chat_messages` order by `created_at` asc  
[2025-02-22 19:08:32] local.INFO: select * from `users` where `users`.`id` in (1, 2)  
[2025-02-22 19:08:34] local.INFO: select * from `users` where `id` = ? limit 1 [2] 
[2025-02-22 19:08:34] local.INFO: Emergency Chat: Fetching messages  
[2025-02-22 19:08:34] local.INFO: select * from `chat_messages` order by `created_at` asc  
[2025-02-22 19:08:34] local.INFO: select * from `users` where `users`.`id` in (1, 2)  
[2025-02-22 19:08:36] local.INFO: select * from `users` where `id` = ? limit 1 [2] 
[2025-02-22 19:08:36] local.INFO: Emergency Chat: Fetching messages  
[2025-02-22 19:08:36] local.INFO: select * from `chat_messages` order by `created_at` asc  
[2025-02-22 19:08:36] local.INFO: select * from `users` where `users`.`id` in (1, 2)  
[2025-02-22 19:08:38] local.INFO: select * from `users` where `id` = ? limit 1 [2] 
[2025-02-22 19:08:38] local.INFO: Emergency Chat: Fetching messages  
[2025-02-22 19:08:38] local.INFO: select * from `chat_messages` order by `created_at` asc  
[2025-02-22 19:08:38] local.INFO: select * from `users` where `users`.`id` in (1, 2)  
[2025-02-22 19:08:40] local.INFO: select * from `users` where `id` = ? limit 1 [2] 
[2025-02-22 19:08:40] local.INFO: Emergency Chat: Fetching messages  
[2025-02-22 19:08:40] local.INFO: select * from `chat_messages` order by `created_at` asc  
[2025-02-22 19:08:40] local.INFO: select * from `users` where `users`.`id` in (1, 2)  
[2025-02-22 19:08:42] local.INFO: select * from `users` where `id` = ? limit 1 [2] 
[2025-02-22 19:08:42] local.INFO: Emergency Chat: Fetching messages  
[2025-02-22 19:08:42] local.INFO: select * from `chat_messages` order by `created_at` asc  
[2025-02-22 19:08:42] local.INFO: select * from `users` where `users`.`id` in (1, 2)  
[2025-02-22 19:08:44] local.INFO: select * from `users` where `id` = ? limit 1 [2] 
[2025-02-22 19:08:44] local.INFO: Emergency Chat: Fetching messages  
[2025-02-22 19:08:44] local.INFO: select * from `chat_messages` order by `created_at` asc  
[2025-02-22 19:08:44] local.INFO: select * from `users` where `users`.`id` in (1, 2)  
[2025-02-22 19:08:46] local.INFO: select * from `users` where `id` = ? limit 1 [2] 
[2025-02-22 19:08:46] local.INFO: Emergency Chat: Fetching messages  
[2025-02-22 19:08:46] local.INFO: select * from `chat_messages` order by `created_at` asc  
[2025-02-22 19:08:46] local.INFO: select * from `users` where `users`.`id` in (1, 2)  
[2025-02-22 19:08:48] local.INFO: select * from `users` where `id` = ? limit 1 [2] 
[2025-02-22 19:08:48] local.INFO: Emergency Chat: Fetching messages  
[2025-02-22 19:08:48] local.INFO: select * from `chat_messages` order by `created_at` asc  
[2025-02-22 19:08:48] local.INFO: select * from `users` where `users`.`id` in (1, 2)  
[2025-02-22 19:08:50] local.INFO: select * from `users` where `id` = ? limit 1 [2] 
[2025-02-22 19:08:50] local.INFO: Emergency Chat: Fetching messages  
[2025-02-22 19:08:50] local.INFO: select * from `chat_messages` order by `created_at` asc  
[2025-02-22 19:08:50] local.INFO: select * from `users` where `users`.`id` in (1, 2)  
[2025-02-22 19:08:52] local.INFO: select * from `users` where `id` = ? limit 1 [2] 
[2025-02-22 19:08:52] local.INFO: Emergency Chat: Fetching messages  
[2025-02-22 19:08:52] local.INFO: select * from `chat_messages` order by `created_at` asc  
[2025-02-22 19:08:52] local.INFO: select * from `users` where `users`.`id` in (1, 2)  
[2025-02-22 19:08:54] local.INFO: select * from `users` where `id` = ? limit 1 [2] 
[2025-02-22 19:08:54] local.INFO: Emergency Chat: Fetching messages  
[2025-02-22 19:08:54] local.INFO: select * from `chat_messages` order by `created_at` asc  
[2025-02-22 19:08:54] local.INFO: select * from `users` where `users`.`id` in (1, 2)  
[2025-02-22 19:08:56] local.INFO: select * from `users` where `id` = ? limit 1 [2] 
[2025-02-22 19:08:56] local.INFO: Emergency Chat: Fetching messages  
[2025-02-22 19:08:56] local.INFO: select * from `chat_messages` order by `created_at` asc  
[2025-02-22 19:08:56] local.INFO: select * from `users` where `users`.`id` in (1, 2)  
[2025-02-22 19:08:58] local.INFO: select * from `users` where `id` = ? limit 1 [2] 
[2025-02-22 19:08:58] local.INFO: Emergency Chat: Fetching messages  
[2025-02-22 19:08:58] local.INFO: select * from `chat_messages` order by `created_at` asc  
[2025-02-22 19:08:58] local.INFO: select * from `users` where `users`.`id` in (1, 2)  
[2025-02-22 19:09:00] local.INFO: select * from `users` where `id` = ? limit 1 [2] 
[2025-02-22 19:09:00] local.INFO: Emergency Chat: Fetching messages  
[2025-02-22 19:09:00] local.INFO: select * from `chat_messages` order by `created_at` asc  
[2025-02-22 19:09:00] local.INFO: select * from `users` where `users`.`id` in (1, 2)  
[2025-02-22 19:09:02] local.INFO: select * from `users` where `id` = ? limit 1 [2] 
[2025-02-22 19:09:02] local.INFO: Emergency Chat: Fetching messages  
[2025-02-22 19:09:02] local.INFO: select * from `chat_messages` order by `created_at` asc  
[2025-02-22 19:09:02] local.INFO: select * from `users` where `users`.`id` in (1, 2)  
[2025-02-22 19:09:04] local.INFO: select * from `users` where `id` = ? limit 1 [2] 
[2025-02-22 19:09:04] local.INFO: Emergency Chat: Fetching messages  
[2025-02-22 19:09:04] local.INFO: select * from `chat_messages` order by `created_at` asc  
[2025-02-22 19:09:04] local.INFO: select * from `users` where `users`.`id` in (1, 2)  
[2025-02-22 19:09:06] local.INFO: select * from `users` where `id` = ? limit 1 [2] 
[2025-02-22 19:09:06] local.INFO: Emergency Chat: Fetching messages  
[2025-02-22 19:09:06] local.INFO: select * from `chat_messages` order by `created_at` asc  
[2025-02-22 19:09:06] local.INFO: select * from `users` where `users`.`id` in (1, 2)  
[2025-02-22 19:09:08] local.INFO: select * from `users` where `id` = ? limit 1 [2] 
[2025-02-22 19:09:08] local.INFO: Emergency Chat: Fetching messages  
[2025-02-22 19:09:08] local.INFO: select * from `chat_messages` order by `created_at` asc  
[2025-02-22 19:09:08] local.INFO: select * from `users` where `users`.`id` in (1, 2)  
[2025-02-22 19:09:10] local.INFO: select * from `users` where `id` = ? limit 1 [2] 
[2025-02-22 19:09:10] local.INFO: Emergency Chat: Fetching messages  
[2025-02-22 19:09:10] local.INFO: select * from `chat_messages` order by `created_at` asc  
[2025-02-22 19:09:10] local.INFO: select * from `users` where `users`.`id` in (1, 2)  
[2025-02-22 19:09:12] local.INFO: select * from `users` where `id` = ? limit 1 [2] 
[2025-02-22 19:09:12] local.INFO: Emergency Chat: Fetching messages  
[2025-02-22 19:09:12] local.INFO: select * from `chat_messages` order by `created_at` asc  
[2025-02-22 19:09:12] local.INFO: select * from `users` where `users`.`id` in (1, 2)  
[2025-02-22 19:09:14] local.INFO: select * from `users` where `id` = ? limit 1 [2] 
[2025-02-22 19:09:14] local.INFO: Emergency Chat: Fetching messages  
[2025-02-22 19:09:14] local.INFO: select * from `chat_messages` order by `created_at` asc  
[2025-02-22 19:09:14] local.INFO: select * from `users` where `users`.`id` in (1, 2)  
[2025-02-22 19:09:16] local.INFO: select * from `users` where `id` = ? limit 1 [2] 
[2025-02-22 19:09:16] local.INFO: Emergency Chat: Fetching messages  
[2025-02-22 19:09:16] local.INFO: select * from `chat_messages` order by `created_at` asc  
[2025-02-22 19:09:16] local.INFO: select * from `users` where `users`.`id` in (1, 2)  
[2025-02-22 19:09:18] local.INFO: select * from `users` where `id` = ? limit 1 [2] 
[2025-02-22 19:09:18] local.INFO: Emergency Chat: Fetching messages  
[2025-02-22 19:09:18] local.INFO: select * from `chat_messages` order by `created_at` asc  
[2025-02-22 19:09:18] local.INFO: select * from `users` where `users`.`id` in (1, 2)  
[2025-02-22 19:09:20] local.INFO: select * from `users` where `id` = ? limit 1 [2] 
[2025-02-22 19:09:20] local.INFO: Emergency Chat: Fetching messages  
[2025-02-22 19:09:20] local.INFO: select * from `chat_messages` order by `created_at` asc  
[2025-02-22 19:09:20] local.INFO: select * from `users` where `users`.`id` in (1, 2)  
[2025-02-22 19:09:22] local.INFO: select * from `users` where `id` = ? limit 1 [2] 
[2025-02-22 19:09:22] local.INFO: Emergency Chat: Fetching messages  
[2025-02-22 19:09:22] local.INFO: select * from `chat_messages` order by `created_at` asc  
[2025-02-22 19:09:22] local.INFO: select * from `users` where `users`.`id` in (1, 2)  
[2025-02-22 19:09:24] local.INFO: select * from `users` where `id` = ? limit 1 [2] 
[2025-02-22 19:09:24] local.INFO: Emergency Chat: Fetching messages  
[2025-02-22 19:09:24] local.INFO: select * from `chat_messages` order by `created_at` asc  
[2025-02-22 19:09:24] local.INFO: select * from `users` where `users`.`id` in (1, 2)  
[2025-02-22 19:09:26] local.INFO: select * from `users` where `id` = ? limit 1 [2] 
[2025-02-22 19:09:26] local.INFO: Emergency Chat: Fetching messages  
[2025-02-22 19:09:26] local.INFO: select * from `chat_messages` order by `created_at` asc  
[2025-02-22 19:09:26] local.INFO: select * from `users` where `users`.`id` in (1, 2)  
[2025-02-22 19:09:28] local.INFO: select * from `users` where `id` = ? limit 1 [2] 
[2025-02-22 19:09:28] local.INFO: Emergency Chat: Fetching messages  
[2025-02-22 19:09:28] local.INFO: select * from `chat_messages` order by `created_at` asc  
[2025-02-22 19:09:28] local.INFO: select * from `users` where `users`.`id` in (1, 2)  
[2025-02-22 19:09:30] local.INFO: select * from `users` where `id` = ? limit 1 [2] 
[2025-02-22 19:09:30] local.INFO: Emergency Chat: Fetching messages  
[2025-02-22 19:09:30] local.INFO: select * from `chat_messages` order by `created_at` asc  
[2025-02-22 19:09:30] local.INFO: select * from `users` where `users`.`id` in (1, 2)  
[2025-02-22 19:09:32] local.INFO: select * from `users` where `id` = ? limit 1 [2] 
[2025-02-22 19:09:32] local.INFO: Emergency Chat: Fetching messages  
[2025-02-22 19:09:32] local.INFO: select * from `chat_messages` order by `created_at` asc  
[2025-02-22 19:09:32] local.INFO: select * from `users` where `users`.`id` in (1, 2)  
[2025-02-22 19:09:34] local.INFO: select * from `users` where `id` = ? limit 1 [2] 
[2025-02-22 19:09:34] local.INFO: Emergency Chat: Fetching messages  
[2025-02-22 19:09:34] local.INFO: select * from `chat_messages` order by `created_at` asc  
[2025-02-22 19:09:34] local.INFO: select * from `users` where `users`.`id` in (1, 2)  
[2025-02-22 19:09:36] local.INFO: select * from `users` where `id` = ? limit 1 [2] 
[2025-02-22 19:09:36] local.INFO: Emergency Chat: Fetching messages  
[2025-02-22 19:09:36] local.INFO: select * from `chat_messages` order by `created_at` asc  
[2025-02-22 19:09:36] local.INFO: select * from `users` where `users`.`id` in (1, 2)  
[2025-02-22 19:09:38] local.INFO: select * from `users` where `id` = ? limit 1 [2] 
[2025-02-22 19:09:38] local.INFO: Emergency Chat: Fetching messages  
[2025-02-22 19:09:38] local.INFO: select * from `chat_messages` order by `created_at` asc  
[2025-02-22 19:09:38] local.INFO: select * from `users` where `users`.`id` in (1, 2)  
[2025-02-22 19:09:40] local.INFO: select * from `users` where `id` = ? limit 1 [2] 
[2025-02-22 19:09:40] local.INFO: Emergency Chat: Fetching messages  
[2025-02-22 19:09:40] local.INFO: select * from `chat_messages` order by `created_at` asc  
[2025-02-22 19:09:40] local.INFO: select * from `users` where `users`.`id` in (1, 2)  
[2025-02-22 19:09:42] local.INFO: select * from `users` where `id` = ? limit 1 [2] 
[2025-02-22 19:09:42] local.INFO: Emergency Chat: Fetching messages  
[2025-02-22 19:09:42] local.INFO: select * from `chat_messages` order by `created_at` asc  
[2025-02-22 19:09:42] local.INFO: select * from `users` where `users`.`id` in (1, 2)  
[2025-02-22 19:09:44] local.INFO: select * from `users` where `id` = ? limit 1 [2] 
[2025-02-22 19:09:44] local.INFO: Emergency Chat: Fetching messages  
[2025-02-22 19:09:44] local.INFO: select * from `chat_messages` order by `created_at` asc  
[2025-02-22 19:09:44] local.INFO: select * from `users` where `users`.`id` in (1, 2)  
[2025-02-22 19:09:46] local.INFO: select * from `users` where `id` = ? limit 1 [2] 
[2025-02-22 19:09:46] local.INFO: Emergency Chat: Fetching messages  
[2025-02-22 19:09:46] local.INFO: select * from `chat_messages` order by `created_at` asc  
[2025-02-22 19:09:46] local.INFO: select * from `users` where `users`.`id` in (1, 2)  
[2025-02-22 19:09:48] local.INFO: select * from `users` where `id` = ? limit 1 [2] 
[2025-02-22 19:09:48] local.INFO: Emergency Chat: Fetching messages  
[2025-02-22 19:09:48] local.INFO: select * from `chat_messages` order by `created_at` asc  
[2025-02-22 19:09:48] local.INFO: select * from `users` where `users`.`id` in (1, 2)  
[2025-02-22 19:09:50] local.INFO: select * from `users` where `id` = ? limit 1 [2] 
[2025-02-22 19:09:50] local.INFO: Emergency Chat: Fetching messages  
[2025-02-22 19:09:50] local.INFO: select * from `chat_messages` order by `created_at` asc  
[2025-02-22 19:09:50] local.INFO: select * from `users` where `users`.`id` in (1, 2)  
[2025-02-22 19:09:52] local.INFO: select * from `users` where `id` = ? limit 1 [2] 
[2025-02-22 19:09:52] local.INFO: Emergency Chat: Fetching messages  
[2025-02-22 19:09:52] local.INFO: select * from `chat_messages` order by `created_at` asc  
[2025-02-22 19:09:52] local.INFO: select * from `users` where `users`.`id` in (1, 2)  
[2025-02-22 19:09:54] local.INFO: select * from `users` where `id` = ? limit 1 [2] 
[2025-02-22 19:09:54] local.INFO: Emergency Chat: Fetching messages  
[2025-02-22 19:09:54] local.INFO: select * from `chat_messages` order by `created_at` asc  
[2025-02-22 19:09:54] local.INFO: select * from `users` where `users`.`id` in (1, 2)  
[2025-02-22 19:09:56] local.INFO: select * from `users` where `id` = ? limit 1 [2] 
[2025-02-22 19:09:56] local.INFO: Emergency Chat: Fetching messages  
[2025-02-22 19:09:56] local.INFO: select * from `chat_messages` order by `created_at` asc  
[2025-02-22 19:09:56] local.INFO: select * from `users` where `users`.`id` in (1, 2)  
[2025-02-22 19:09:58] local.INFO: select * from `users` where `id` = ? limit 1 [2] 
[2025-02-22 19:09:58] local.INFO: Emergency Chat: Fetching messages  
[2025-02-22 19:09:58] local.INFO: select * from `chat_messages` order by `created_at` asc  
[2025-02-22 19:09:58] local.INFO: select * from `users` where `users`.`id` in (1, 2)  
[2025-02-22 19:10:00] local.INFO: select * from `users` where `id` = ? limit 1 [2] 
[2025-02-22 19:10:00] local.INFO: Emergency Chat: Fetching messages  
[2025-02-22 19:10:00] local.INFO: select * from `chat_messages` order by `created_at` asc  
[2025-02-22 19:10:00] local.INFO: select * from `users` where `users`.`id` in (1, 2)  
[2025-02-22 19:10:02] local.INFO: select * from `users` where `id` = ? limit 1 [2] 
[2025-02-22 19:10:02] local.INFO: Emergency Chat: Fetching messages  
[2025-02-22 19:10:02] local.INFO: select * from `chat_messages` order by `created_at` asc  
[2025-02-22 19:10:02] local.INFO: select * from `users` where `users`.`id` in (1, 2)  
[2025-02-22 19:10:04] local.INFO: select * from `users` where `id` = ? limit 1 [2] 
[2025-02-22 19:10:04] local.INFO: Emergency Chat: Fetching messages  
[2025-02-22 19:10:04] local.INFO: select * from `chat_messages` order by `created_at` asc  
[2025-02-22 19:10:04] local.INFO: select * from `users` where `users`.`id` in (1, 2)  
[2025-02-22 19:10:06] local.INFO: select * from `users` where `id` = ? limit 1 [2] 
[2025-02-22 19:10:06] local.INFO: Emergency Chat: Fetching messages  
[2025-02-22 19:10:06] local.INFO: select * from `chat_messages` order by `created_at` asc  
[2025-02-22 19:10:06] local.INFO: select * from `users` where `users`.`id` in (1, 2)  
[2025-02-22 19:10:08] local.INFO: select * from `users` where `id` = ? limit 1 [2] 
[2025-02-22 19:10:08] local.INFO: Emergency Chat: Fetching messages  
[2025-02-22 19:10:08] local.INFO: select * from `chat_messages` order by `created_at` asc  
[2025-02-22 19:10:08] local.INFO: select * from `users` where `users`.`id` in (1, 2)  
[2025-02-22 19:10:10] local.INFO: select * from `users` where `id` = ? limit 1 [2] 
[2025-02-22 19:10:10] local.INFO: Emergency Chat: Fetching messages  
[2025-02-22 19:10:10] local.INFO: select * from `chat_messages` order by `created_at` asc  
[2025-02-22 19:10:10] local.INFO: select * from `users` where `users`.`id` in (1, 2)  
[2025-02-22 19:10:12] local.INFO: select * from `users` where `id` = ? limit 1 [2] 
[2025-02-22 19:10:12] local.INFO: Emergency Chat: Fetching messages  
[2025-02-22 19:10:12] local.INFO: select * from `chat_messages` order by `created_at` asc  
[2025-02-22 19:10:12] local.INFO: select * from `users` where `users`.`id` in (1, 2)  
[2025-02-22 19:10:14] local.INFO: select * from `users` where `id` = ? limit 1 [2] 
[2025-02-22 19:10:14] local.INFO: Emergency Chat: Fetching messages  
[2025-02-22 19:10:14] local.INFO: select * from `chat_messages` order by `created_at` asc  
[2025-02-22 19:10:14] local.INFO: select * from `users` where `users`.`id` in (1, 2)  
[2025-02-22 19:10:16] local.INFO: select * from `users` where `id` = ? limit 1 [2] 
[2025-02-22 19:10:16] local.INFO: Emergency Chat: Fetching messages  
[2025-02-22 19:10:16] local.INFO: select * from `chat_messages` order by `created_at` asc  
[2025-02-22 19:10:16] local.INFO: select * from `users` where `users`.`id` in (1, 2)  
[2025-02-22 19:10:18] local.INFO: select * from `users` where `id` = ? limit 1 [2] 
[2025-02-22 19:10:18] local.INFO: Emergency Chat: Fetching messages  
[2025-02-22 19:10:18] local.INFO: select * from `chat_messages` order by `created_at` asc  
[2025-02-22 19:10:18] local.INFO: select * from `users` where `users`.`id` in (1, 2)  
[2025-02-22 19:10:20] local.INFO: select * from `users` where `id` = ? limit 1 [2] 
[2025-02-22 19:10:20] local.INFO: Emergency Chat: Fetching messages  
[2025-02-22 19:10:20] local.INFO: select * from `chat_messages` order by `created_at` asc  
[2025-02-22 19:10:20] local.INFO: select * from `users` where `users`.`id` in (1, 2)  
[2025-02-22 19:10:22] local.INFO: select * from `users` where `id` = ? limit 1 [2] 
[2025-02-22 19:10:22] local.INFO: Emergency Chat: Fetching messages  
[2025-02-22 19:10:22] local.INFO: select * from `chat_messages` order by `created_at` asc  
[2025-02-22 19:10:22] local.INFO: select * from `users` where `users`.`id` in (1, 2)  
[2025-02-22 19:10:24] local.INFO: select * from `users` where `id` = ? limit 1 [2] 
[2025-02-22 19:10:24] local.INFO: Emergency Chat: Fetching messages  
[2025-02-22 19:10:24] local.INFO: select * from `chat_messages` order by `created_at` asc  
[2025-02-22 19:10:24] local.INFO: select * from `users` where `users`.`id` in (1, 2)  
[2025-02-22 19:10:26] local.INFO: select * from `users` where `id` = ? limit 1 [2] 
[2025-02-22 19:10:26] local.INFO: Emergency Chat: Fetching messages  
[2025-02-22 19:10:26] local.INFO: select * from `chat_messages` order by `created_at` asc  
[2025-02-22 19:10:26] local.INFO: select * from `users` where `users`.`id` in (1, 2)  
[2025-02-22 19:10:28] local.INFO: select * from `users` where `id` = ? limit 1 [2] 
[2025-02-22 19:10:28] local.INFO: Emergency Chat: Fetching messages  
[2025-02-22 19:10:28] local.INFO: select * from `chat_messages` order by `created_at` asc  
[2025-02-22 19:10:28] local.INFO: select * from `users` where `users`.`id` in (1, 2)  
[2025-02-22 19:10:30] local.INFO: select * from `users` where `id` = ? limit 1 [2] 
[2025-02-22 19:10:30] local.INFO: Emergency Chat: Fetching messages  
[2025-02-22 19:10:30] local.INFO: select * from `chat_messages` order by `created_at` asc  
[2025-02-22 19:10:30] local.INFO: select * from `users` where `users`.`id` in (1, 2)  
[2025-02-22 19:10:32] local.INFO: select * from `users` where `id` = ? limit 1 [2] 
[2025-02-22 19:10:32] local.INFO: Emergency Chat: Fetching messages  
[2025-02-22 19:10:32] local.INFO: select * from `chat_messages` order by `created_at` asc  
[2025-02-22 19:10:32] local.INFO: select * from `users` where `users`.`id` in (1, 2)  
[2025-02-22 19:10:34] local.INFO: select * from `users` where `id` = ? limit 1 [2] 
[2025-02-22 19:10:34] local.INFO: Emergency Chat: Fetching messages  
[2025-02-22 19:10:34] local.INFO: select * from `chat_messages` order by `created_at` asc  
[2025-02-22 19:10:34] local.INFO: select * from `users` where `users`.`id` in (1, 2)  
[2025-02-22 19:10:36] local.INFO: select * from `users` where `id` = ? limit 1 [2] 
[2025-02-22 19:10:36] local.INFO: Emergency Chat: Fetching messages  
[2025-02-22 19:10:36] local.INFO: select * from `chat_messages` order by `created_at` asc  
[2025-02-22 19:10:36] local.INFO: select * from `users` where `users`.`id` in (1, 2)  
[2025-02-22 19:10:38] local.INFO: select * from `users` where `id` = ? limit 1 [2] 
[2025-02-22 19:10:38] local.INFO: Emergency Chat: Fetching messages  
[2025-02-22 19:10:38] local.INFO: select * from `chat_messages` order by `created_at` asc  
[2025-02-22 19:10:38] local.INFO: select * from `users` where `users`.`id` in (1, 2)  
[2025-02-22 19:10:40] local.INFO: select * from `users` where `id` = ? limit 1 [2] 
[2025-02-22 19:10:40] local.INFO: Emergency Chat: Fetching messages  
[2025-02-22 19:10:40] local.INFO: select * from `chat_messages` order by `created_at` asc  
[2025-02-22 19:10:40] local.INFO: select * from `users` where `users`.`id` in (1, 2)  
[2025-02-22 19:10:42] local.INFO: select * from `users` where `id` = ? limit 1 [2] 
[2025-02-22 19:10:42] local.INFO: Emergency Chat: Fetching messages  
[2025-02-22 19:10:42] local.INFO: select * from `chat_messages` order by `created_at` asc  
[2025-02-22 19:10:42] local.INFO: select * from `users` where `users`.`id` in (1, 2)  
[2025-02-22 19:10:44] local.INFO: select * from `users` where `id` = ? limit 1 [2] 
[2025-02-22 19:10:44] local.INFO: Emergency Chat: Fetching messages  
[2025-02-22 19:10:44] local.INFO: select * from `chat_messages` order by `created_at` asc  
[2025-02-22 19:10:44] local.INFO: select * from `users` where `users`.`id` in (1, 2)  
[2025-02-22 19:10:46] local.INFO: select * from `users` where `id` = ? limit 1 [2] 
[2025-02-22 19:10:46] local.INFO: Emergency Chat: Fetching messages  
[2025-02-22 19:10:46] local.INFO: select * from `chat_messages` order by `created_at` asc  
[2025-02-22 19:10:46] local.INFO: select * from `users` where `users`.`id` in (1, 2)  
[2025-02-22 19:10:48] local.INFO: select * from `users` where `id` = ? limit 1 [2] 
[2025-02-22 19:10:48] local.INFO: Emergency Chat: Fetching messages  
[2025-02-22 19:10:48] local.INFO: select * from `chat_messages` order by `created_at` asc  
[2025-02-22 19:10:48] local.INFO: select * from `users` where `users`.`id` in (1, 2)  
[2025-02-22 19:10:50] local.INFO: select * from `users` where `id` = ? limit 1 [2] 
[2025-02-22 19:10:50] local.INFO: Emergency Chat: Fetching messages  
[2025-02-22 19:10:50] local.INFO: select * from `chat_messages` order by `created_at` asc  
[2025-02-22 19:10:50] local.INFO: select * from `users` where `users`.`id` in (1, 2)  
[2025-02-22 19:10:52] local.INFO: select * from `users` where `id` = ? limit 1 [2] 
[2025-02-22 19:10:52] local.INFO: Emergency Chat: Fetching messages  
[2025-02-22 19:10:52] local.INFO: select * from `chat_messages` order by `created_at` asc  
[2025-02-22 19:10:52] local.INFO: select * from `users` where `users`.`id` in (1, 2)  
[2025-02-22 19:10:54] local.INFO: select * from `users` where `id` = ? limit 1 [2] 
[2025-02-22 19:10:54] local.INFO: Emergency Chat: Fetching messages  
[2025-02-22 19:10:54] local.INFO: select * from `chat_messages` order by `created_at` asc  
[2025-02-22 19:10:54] local.INFO: select * from `users` where `users`.`id` in (1, 2)  
[2025-02-22 19:10:56] local.INFO: select * from `users` where `id` = ? limit 1 [2] 
[2025-02-22 19:10:56] local.INFO: Emergency Chat: Fetching messages  
[2025-02-22 19:10:56] local.INFO: select * from `chat_messages` order by `created_at` asc  
[2025-02-22 19:10:56] local.INFO: select * from `users` where `users`.`id` in (1, 2)  
[2025-02-22 19:10:58] local.INFO: select * from `users` where `id` = ? limit 1 [2] 
[2025-02-22 19:10:58] local.INFO: Emergency Chat: Fetching messages  
[2025-02-22 19:10:58] local.INFO: select * from `chat_messages` order by `created_at` asc  
[2025-02-22 19:10:58] local.INFO: select * from `users` where `users`.`id` in (1, 2)  
[2025-02-22 19:11:00] local.INFO: select * from `users` where `id` = ? limit 1 [2] 
[2025-02-22 19:11:00] local.INFO: Emergency Chat: Fetching messages  
[2025-02-22 19:11:00] local.INFO: select * from `chat_messages` order by `created_at` asc  
[2025-02-22 19:11:00] local.INFO: select * from `users` where `users`.`id` in (1, 2)  
[2025-02-22 19:11:02] local.INFO: select * from `users` where `id` = ? limit 1 [2] 
[2025-02-22 19:11:02] local.INFO: Emergency Chat: Fetching messages  
[2025-02-22 19:11:02] local.INFO: select * from `chat_messages` order by `created_at` asc  
[2025-02-22 19:11:02] local.INFO: select * from `users` where `users`.`id` in (1, 2)  
[2025-02-22 19:11:04] local.INFO: select * from `users` where `id` = ? limit 1 [2] 
[2025-02-22 19:11:04] local.INFO: Emergency Chat: Fetching messages  
[2025-02-22 19:11:04] local.INFO: select * from `chat_messages` order by `created_at` asc  
[2025-02-22 19:11:04] local.INFO: select * from `users` where `users`.`id` in (1, 2)  
[2025-02-22 19:11:06] local.INFO: select * from `users` where `id` = ? limit 1 [2] 
[2025-02-22 19:11:06] local.INFO: Emergency Chat: Fetching messages  
[2025-02-22 19:11:06] local.INFO: select * from `chat_messages` order by `created_at` asc  
[2025-02-22 19:11:06] local.INFO: select * from `users` where `users`.`id` in (1, 2)  
[2025-02-22 19:11:08] local.INFO: select * from `users` where `id` = ? limit 1 [2] 
[2025-02-22 19:11:08] local.INFO: Emergency Chat: Fetching messages  
[2025-02-22 19:11:08] local.INFO: select * from `chat_messages` order by `created_at` asc  
[2025-02-22 19:11:08] local.INFO: select * from `users` where `users`.`id` in (1, 2)  
[2025-02-22 19:11:10] local.INFO: select * from `users` where `id` = ? limit 1 [2] 
[2025-02-22 19:11:10] local.INFO: Emergency Chat: Fetching messages  
[2025-02-22 19:11:10] local.INFO: select * from `chat_messages` order by `created_at` asc  
[2025-02-22 19:11:10] local.INFO: select * from `users` where `users`.`id` in (1, 2)  
[2025-02-22 19:11:12] local.INFO: select * from `users` where `id` = ? limit 1 [2] 
[2025-02-22 19:11:12] local.INFO: Emergency Chat: Fetching messages  
[2025-02-22 19:11:12] local.INFO: select * from `chat_messages` order by `created_at` asc  
[2025-02-22 19:11:12] local.INFO: select * from `users` where `users`.`id` in (1, 2)  
[2025-02-22 19:11:14] local.INFO: select * from `users` where `id` = ? limit 1 [2] 
[2025-02-22 19:11:14] local.INFO: Emergency Chat: Fetching messages  
[2025-02-22 19:11:14] local.INFO: select * from `chat_messages` order by `created_at` asc  
[2025-02-22 19:11:14] local.INFO: select * from `users` where `users`.`id` in (1, 2)  
[2025-02-22 19:11:16] local.INFO: select * from `users` where `id` = ? limit 1 [2] 
[2025-02-22 19:11:16] local.INFO: Emergency Chat: Fetching messages  
[2025-02-22 19:11:16] local.INFO: select * from `chat_messages` order by `created_at` asc  
[2025-02-22 19:11:16] local.INFO: select * from `users` where `users`.`id` in (1, 2)  
[2025-02-22 19:11:18] local.INFO: select * from `users` where `id` = ? limit 1 [2] 
[2025-02-22 19:11:18] local.INFO: Emergency Chat: Fetching messages  
[2025-02-22 19:11:18] local.INFO: select * from `chat_messages` order by `created_at` asc  
[2025-02-22 19:11:18] local.INFO: select * from `users` where `users`.`id` in (1, 2)  
[2025-02-22 19:11:20] local.INFO: select * from `users` where `id` = ? limit 1 [2] 
[2025-02-22 19:11:20] local.INFO: Emergency Chat: Fetching messages  
[2025-02-22 19:11:20] local.INFO: select * from `chat_messages` order by `created_at` asc  
[2025-02-22 19:11:20] local.INFO: select * from `users` where `users`.`id` in (1, 2)  
[2025-02-22 19:11:22] local.INFO: select * from `users` where `id` = ? limit 1 [2] 
[2025-02-22 19:11:22] local.INFO: Emergency Chat: Fetching messages  
[2025-02-22 19:11:22] local.INFO: select * from `chat_messages` order by `created_at` asc  
[2025-02-22 19:11:22] local.INFO: select * from `users` where `users`.`id` in (1, 2)  
[2025-02-22 19:11:24] local.INFO: select * from `users` where `id` = ? limit 1 [2] 
[2025-02-22 19:11:24] local.INFO: Emergency Chat: Fetching messages  
[2025-02-22 19:11:24] local.INFO: select * from `chat_messages` order by `created_at` asc  
[2025-02-22 19:11:24] local.INFO: select * from `users` where `users`.`id` in (1, 2)  
[2025-02-22 19:11:26] local.INFO: select * from `users` where `id` = ? limit 1 [2] 
[2025-02-22 19:11:26] local.INFO: Emergency Chat: Fetching messages  
[2025-02-22 19:11:26] local.INFO: select * from `chat_messages` order by `created_at` asc  
[2025-02-22 19:11:26] local.INFO: select * from `users` where `users`.`id` in (1, 2)  
[2025-02-22 19:11:28] local.INFO: select * from `users` where `id` = ? limit 1 [2] 
[2025-02-22 19:11:28] local.INFO: Emergency Chat: Fetching messages  
[2025-02-22 19:11:28] local.INFO: select * from `chat_messages` order by `created_at` asc  
[2025-02-22 19:11:28] local.INFO: select * from `users` where `users`.`id` in (1, 2)  
[2025-02-22 19:11:30] local.INFO: select * from `users` where `id` = ? limit 1 [2] 
[2025-02-22 19:11:30] local.INFO: Emergency Chat: Fetching messages  
[2025-02-22 19:11:30] local.INFO: select * from `chat_messages` order by `created_at` asc  
[2025-02-22 19:11:30] local.INFO: select * from `users` where `users`.`id` in (1, 2)  
[2025-02-22 19:11:32] local.INFO: select * from `users` where `id` = ? limit 1 [2] 
[2025-02-22 19:11:32] local.INFO: Emergency Chat: Fetching messages  
[2025-02-22 19:11:32] local.INFO: select * from `chat_messages` order by `created_at` asc  
[2025-02-22 19:11:32] local.INFO: select * from `users` where `users`.`id` in (1, 2)  
[2025-02-22 19:11:34] local.INFO: select * from `users` where `id` = ? limit 1 [2] 
[2025-02-22 19:11:34] local.INFO: Emergency Chat: Fetching messages  
[2025-02-22 19:11:34] local.INFO: select * from `chat_messages` order by `created_at` asc  
[2025-02-22 19:11:34] local.INFO: select * from `users` where `users`.`id` in (1, 2)  
[2025-02-22 19:11:36] local.INFO: select * from `users` where `id` = ? limit 1 [2] 
[2025-02-22 19:11:36] local.INFO: Emergency Chat: Fetching messages  
[2025-02-22 19:11:36] local.INFO: select * from `chat_messages` order by `created_at` asc  
[2025-02-22 19:11:36] local.INFO: select * from `users` where `users`.`id` in (1, 2)  
[2025-02-22 19:11:38] local.INFO: select * from `users` where `id` = ? limit 1 [2] 
[2025-02-22 19:11:38] local.INFO: Emergency Chat: Fetching messages  
[2025-02-22 19:11:38] local.INFO: select * from `chat_messages` order by `created_at` asc  
[2025-02-22 19:11:38] local.INFO: select * from `users` where `users`.`id` in (1, 2)  
[2025-02-22 19:11:40] local.INFO: select * from `users` where `id` = ? limit 1 [2] 
[2025-02-22 19:11:40] local.INFO: Emergency Chat: Fetching messages  
[2025-02-22 19:11:40] local.INFO: select * from `chat_messages` order by `created_at` asc  
[2025-02-22 19:11:40] local.INFO: select * from `users` where `users`.`id` in (1, 2)  
[2025-02-22 19:11:42] local.INFO: select * from `users` where `id` = ? limit 1 [2] 
[2025-02-22 19:11:42] local.INFO: Emergency Chat: Fetching messages  
[2025-02-22 19:11:42] local.INFO: select * from `chat_messages` order by `created_at` asc  
[2025-02-22 19:11:42] local.INFO: select * from `users` where `users`.`id` in (1, 2)  
[2025-02-22 19:11:44] local.INFO: select * from `users` where `id` = ? limit 1 [2] 
[2025-02-22 19:11:44] local.INFO: Emergency Chat: Fetching messages  
[2025-02-22 19:11:44] local.INFO: select * from `chat_messages` order by `created_at` asc  
[2025-02-22 19:11:44] local.INFO: select * from `users` where `users`.`id` in (1, 2)  
[2025-02-22 19:11:46] local.INFO: select * from `users` where `id` = ? limit 1 [2] 
[2025-02-22 19:11:46] local.INFO: Emergency Chat: Fetching messages  
[2025-02-22 19:11:46] local.INFO: select * from `chat_messages` order by `created_at` asc  
[2025-02-22 19:11:46] local.INFO: select * from `users` where `users`.`id` in (1, 2)  
[2025-02-22 19:11:48] local.INFO: select * from `users` where `id` = ? limit 1 [2] 
[2025-02-22 19:11:48] local.INFO: Emergency Chat: Fetching messages  
[2025-02-22 19:11:48] local.INFO: select * from `chat_messages` order by `created_at` asc  
[2025-02-22 19:11:48] local.INFO: select * from `users` where `users`.`id` in (1, 2)  
[2025-02-22 19:11:50] local.INFO: select * from `users` where `id` = ? limit 1 [2] 
[2025-02-22 19:11:50] local.INFO: Emergency Chat: Fetching messages  
[2025-02-22 19:11:50] local.INFO: select * from `chat_messages` order by `created_at` asc  
[2025-02-22 19:11:50] local.INFO: select * from `users` where `users`.`id` in (1, 2)  
[2025-02-22 19:11:52] local.INFO: select * from `users` where `id` = ? limit 1 [2] 
[2025-02-22 19:11:52] local.INFO: Emergency Chat: Fetching messages  
[2025-02-22 19:11:52] local.INFO: select * from `chat_messages` order by `created_at` asc  
[2025-02-22 19:11:52] local.INFO: select * from `users` where `users`.`id` in (1, 2)  
[2025-02-22 19:11:54] local.INFO: select * from `users` where `id` = ? limit 1 [2] 
[2025-02-22 19:11:54] local.INFO: Emergency Chat: Fetching messages  
[2025-02-22 19:11:54] local.INFO: select * from `chat_messages` order by `created_at` asc  
[2025-02-22 19:11:54] local.INFO: select * from `users` where `users`.`id` in (1, 2)  
[2025-02-22 19:11:56] local.INFO: select * from `users` where `id` = ? limit 1 [2] 
[2025-02-22 19:11:56] local.INFO: Emergency Chat: Fetching messages  
[2025-02-22 19:11:56] local.INFO: select * from `chat_messages` order by `created_at` asc  
[2025-02-22 19:11:56] local.INFO: select * from `users` where `users`.`id` in (1, 2)  
[2025-02-22 19:11:58] local.INFO: select * from `users` where `id` = ? limit 1 [2] 
[2025-02-22 19:11:58] local.INFO: Emergency Chat: Fetching messages  
[2025-02-22 19:11:58] local.INFO: select * from `chat_messages` order by `created_at` asc  
[2025-02-22 19:11:58] local.INFO: select * from `users` where `users`.`id` in (1, 2)  
[2025-02-22 19:12:00] local.INFO: select * from `users` where `id` = ? limit 1 [2] 
[2025-02-22 19:12:00] local.INFO: Emergency Chat: Fetching messages  
[2025-02-22 19:12:00] local.INFO: select * from `chat_messages` order by `created_at` asc  
[2025-02-22 19:12:00] local.INFO: select * from `users` where `users`.`id` in (1, 2)  
[2025-02-22 19:12:02] local.INFO: select * from `users` where `id` = ? limit 1 [2] 
[2025-02-22 19:12:02] local.INFO: Emergency Chat: Fetching messages  
[2025-02-22 19:12:02] local.INFO: select * from `chat_messages` order by `created_at` asc  
[2025-02-22 19:12:02] local.INFO: select * from `users` where `users`.`id` in (1, 2)  
[2025-02-22 19:12:04] local.INFO: select * from `users` where `id` = ? limit 1 [2] 
[2025-02-22 19:12:04] local.INFO: Emergency Chat: Fetching messages  
[2025-02-22 19:12:04] local.INFO: select * from `chat_messages` order by `created_at` asc  
[2025-02-22 19:12:04] local.INFO: select * from `users` where `users`.`id` in (1, 2)  
[2025-02-22 19:12:06] local.INFO: select * from `users` where `id` = ? limit 1 [2] 
[2025-02-22 19:12:06] local.INFO: Emergency Chat: Fetching messages  
[2025-02-22 19:12:06] local.INFO: select * from `chat_messages` order by `created_at` asc  
[2025-02-22 19:12:06] local.INFO: select * from `users` where `users`.`id` in (1, 2)  
[2025-02-22 19:12:08] local.INFO: select * from `users` where `id` = ? limit 1 [2] 
[2025-02-22 19:12:08] local.INFO: Emergency Chat: Fetching messages  
[2025-02-22 19:12:08] local.INFO: select * from `chat_messages` order by `created_at` asc  
[2025-02-22 19:12:08] local.INFO: select * from `users` where `users`.`id` in (1, 2)  
[2025-02-22 19:12:10] local.INFO: select * from `users` where `id` = ? limit 1 [2] 
[2025-02-22 19:12:10] local.INFO: Emergency Chat: Fetching messages  
[2025-02-22 19:12:10] local.INFO: select * from `chat_messages` order by `created_at` asc  
[2025-02-22 19:12:10] local.INFO: select * from `users` where `users`.`id` in (1, 2)  
[2025-02-22 19:12:12] local.INFO: select * from `users` where `id` = ? limit 1 [2] 
[2025-02-22 19:12:12] local.INFO: Emergency Chat: Fetching messages  
[2025-02-22 19:12:12] local.INFO: select * from `chat_messages` order by `created_at` asc  
[2025-02-22 19:12:12] local.INFO: select * from `users` where `users`.`id` in (1, 2)  
[2025-02-22 19:12:14] local.INFO: select * from `users` where `id` = ? limit 1 [2] 
[2025-02-22 19:12:14] local.INFO: Emergency Chat: Fetching messages  
[2025-02-22 19:12:14] local.INFO: select * from `chat_messages` order by `created_at` asc  
[2025-02-22 19:12:14] local.INFO: select * from `users` where `users`.`id` in (1, 2)  
[2025-02-22 19:12:16] local.INFO: select * from `users` where `id` = ? limit 1 [2] 
[2025-02-22 19:12:16] local.INFO: Emergency Chat: Fetching messages  
[2025-02-22 19:12:16] local.INFO: select * from `chat_messages` order by `created_at` asc  
[2025-02-22 19:12:16] local.INFO: select * from `users` where `users`.`id` in (1, 2)  
[2025-02-22 19:12:18] local.INFO: select * from `users` where `id` = ? limit 1 [2] 
[2025-02-22 19:12:18] local.INFO: Emergency Chat: Fetching messages  
[2025-02-22 19:12:18] local.INFO: select * from `chat_messages` order by `created_at` asc  
[2025-02-22 19:12:18] local.INFO: select * from `users` where `users`.`id` in (1, 2)  
[2025-02-22 19:12:20] local.INFO: select * from `users` where `id` = ? limit 1 [2] 
[2025-02-22 19:12:20] local.INFO: Emergency Chat: Fetching messages  
[2025-02-22 19:12:20] local.INFO: select * from `chat_messages` order by `created_at` asc  
[2025-02-22 19:12:20] local.INFO: select * from `users` where `users`.`id` in (1, 2)  
[2025-02-22 19:12:22] local.INFO: select * from `users` where `id` = ? limit 1 [2] 
[2025-02-22 19:12:22] local.INFO: Emergency Chat: Fetching messages  
[2025-02-22 19:12:22] local.INFO: select * from `chat_messages` order by `created_at` asc  
[2025-02-22 19:12:22] local.INFO: select * from `users` where `users`.`id` in (1, 2)  
[2025-02-22 19:12:24] local.INFO: select * from `users` where `id` = ? limit 1 [2] 
[2025-02-22 19:12:24] local.INFO: Emergency Chat: Fetching messages  
[2025-02-22 19:12:24] local.INFO: select * from `chat_messages` order by `created_at` asc  
[2025-02-22 19:12:24] local.INFO: select * from `users` where `users`.`id` in (1, 2)  
[2025-02-22 19:12:26] local.INFO: select * from `users` where `id` = ? limit 1 [2] 
[2025-02-22 19:12:26] local.INFO: Emergency Chat: Fetching messages  
[2025-02-22 19:12:26] local.INFO: select * from `chat_messages` order by `created_at` asc  
[2025-02-22 19:12:26] local.INFO: select * from `users` where `users`.`id` in (1, 2)  
[2025-02-22 19:12:28] local.INFO: select * from `users` where `id` = ? limit 1 [2] 
[2025-02-22 19:12:28] local.INFO: Emergency Chat: Fetching messages  
[2025-02-22 19:12:28] local.INFO: select * from `chat_messages` order by `created_at` asc  
[2025-02-22 19:12:28] local.INFO: select * from `users` where `users`.`id` in (1, 2)  
[2025-02-22 19:12:30] local.INFO: select * from `users` where `id` = ? limit 1 [2] 
[2025-02-22 19:12:30] local.INFO: Emergency Chat: Fetching messages  
[2025-02-22 19:12:30] local.INFO: select * from `chat_messages` order by `created_at` asc  
[2025-02-22 19:12:30] local.INFO: select * from `users` where `users`.`id` in (1, 2)  
[2025-02-22 19:12:32] local.INFO: select * from `users` where `id` = ? limit 1 [2] 
[2025-02-22 19:12:32] local.INFO: Emergency Chat: Fetching messages  
[2025-02-22 19:12:32] local.INFO: select * from `chat_messages` order by `created_at` asc  
[2025-02-22 19:12:32] local.INFO: select * from `users` where `users`.`id` in (1, 2)  
[2025-02-22 19:12:34] local.INFO: select * from `users` where `id` = ? limit 1 [2] 
[2025-02-22 19:12:34] local.INFO: Emergency Chat: Fetching messages  
[2025-02-22 19:12:34] local.INFO: select * from `chat_messages` order by `created_at` asc  
[2025-02-22 19:12:34] local.INFO: select * from `users` where `users`.`id` in (1, 2)  
[2025-02-22 19:12:36] local.INFO: select * from `users` where `id` = ? limit 1 [2] 
[2025-02-22 19:12:36] local.INFO: Emergency Chat: Fetching messages  
[2025-02-22 19:12:36] local.INFO: select * from `chat_messages` order by `created_at` asc  
[2025-02-22 19:12:36] local.INFO: select * from `users` where `users`.`id` in (1, 2)  
[2025-02-22 19:12:38] local.INFO: select * from `users` where `id` = ? limit 1 [2] 
[2025-02-22 19:12:38] local.INFO: Emergency Chat: Fetching messages  
[2025-02-22 19:12:38] local.INFO: select * from `chat_messages` order by `created_at` asc  
[2025-02-22 19:12:38] local.INFO: select * from `users` where `users`.`id` in (1, 2)  
[2025-02-22 19:12:40] local.INFO: select * from `users` where `id` = ? limit 1 [2] 
[2025-02-22 19:12:40] local.INFO: Emergency Chat: Fetching messages  
[2025-02-22 19:12:40] local.INFO: select * from `chat_messages` order by `created_at` asc  
[2025-02-22 19:12:40] local.INFO: select * from `users` where `users`.`id` in (1, 2)  
[2025-02-22 19:12:42] local.INFO: select * from `users` where `id` = ? limit 1 [2] 
[2025-02-22 19:12:42] local.INFO: Emergency Chat: Fetching messages  
[2025-02-22 19:12:42] local.INFO: select * from `chat_messages` order by `created_at` asc  
[2025-02-22 19:12:42] local.INFO: select * from `users` where `users`.`id` in (1, 2)  
[2025-02-22 19:12:44] local.INFO: select * from `users` where `id` = ? limit 1 [2] 
[2025-02-22 19:12:44] local.INFO: Emergency Chat: Fetching messages  
[2025-02-22 19:12:44] local.INFO: select * from `chat_messages` order by `created_at` asc  
[2025-02-22 19:12:44] local.INFO: select * from `users` where `users`.`id` in (1, 2)  
[2025-02-22 19:12:46] local.INFO: select * from `users` where `id` = ? limit 1 [2] 
[2025-02-22 19:12:46] local.INFO: Emergency Chat: Fetching messages  
[2025-02-22 19:12:46] local.INFO: select * from `chat_messages` order by `created_at` asc  
[2025-02-22 19:12:46] local.INFO: select * from `users` where `users`.`id` in (1, 2)  
[2025-02-22 19:12:48] local.INFO: select * from `users` where `id` = ? limit 1 [2] 
[2025-02-22 19:12:48] local.INFO: Emergency Chat: Fetching messages  
[2025-02-22 19:12:48] local.INFO: select * from `chat_messages` order by `created_at` asc  
[2025-02-22 19:12:48] local.INFO: select * from `users` where `users`.`id` in (1, 2)  
[2025-02-22 19:12:50] local.INFO: select * from `users` where `id` = ? limit 1 [2] 
[2025-02-22 19:12:50] local.INFO: Emergency Chat: Fetching messages  
[2025-02-22 19:12:50] local.INFO: select * from `chat_messages` order by `created_at` asc  
[2025-02-22 19:12:50] local.INFO: select * from `users` where `users`.`id` in (1, 2)  
[2025-02-22 19:12:52] local.INFO: select * from `users` where `id` = ? limit 1 [2] 
[2025-02-22 19:12:52] local.INFO: Emergency Chat: Fetching messages  
[2025-02-22 19:12:52] local.INFO: select * from `chat_messages` order by `created_at` asc  
[2025-02-22 19:12:52] local.INFO: select * from `users` where `users`.`id` in (1, 2)  
[2025-02-22 19:12:54] local.INFO: select * from `users` where `id` = ? limit 1 [2] 
[2025-02-22 19:12:54] local.INFO: Emergency Chat: Fetching messages  
[2025-02-22 19:12:54] local.INFO: select * from `chat_messages` order by `created_at` asc  
[2025-02-22 19:12:54] local.INFO: select * from `users` where `users`.`id` in (1, 2)  
[2025-02-22 19:12:56] local.INFO: select * from `users` where `id` = ? limit 1 [2] 
[2025-02-22 19:12:56] local.INFO: Emergency Chat: Fetching messages  
[2025-02-22 19:12:56] local.INFO: select * from `chat_messages` order by `created_at` asc  
[2025-02-22 19:12:56] local.INFO: select * from `users` where `users`.`id` in (1, 2)  
[2025-02-22 19:12:58] local.INFO: select * from `users` where `id` = ? limit 1 [2] 
[2025-02-22 19:12:58] local.INFO: Emergency Chat: Fetching messages  
[2025-02-22 19:12:58] local.INFO: select * from `chat_messages` order by `created_at` asc  
[2025-02-22 19:12:58] local.INFO: select * from `users` where `users`.`id` in (1, 2)  
[2025-02-22 19:13:00] local.INFO: select * from `users` where `id` = ? limit 1 [2] 
[2025-02-22 19:13:00] local.INFO: Emergency Chat: Fetching messages  
[2025-02-22 19:13:00] local.INFO: select * from `chat_messages` order by `created_at` asc  
[2025-02-22 19:13:00] local.INFO: select * from `users` where `users`.`id` in (1, 2)  
[2025-02-22 19:13:02] local.INFO: select * from `users` where `id` = ? limit 1 [2] 
[2025-02-22 19:13:02] local.INFO: Emergency Chat: Fetching messages  
[2025-02-22 19:13:02] local.INFO: select * from `chat_messages` order by `created_at` asc  
[2025-02-22 19:13:02] local.INFO: select * from `users` where `users`.`id` in (1, 2)  
[2025-02-22 19:13:04] local.INFO: select * from `users` where `id` = ? limit 1 [2] 
[2025-02-22 19:13:04] local.INFO: Emergency Chat: Fetching messages  
[2025-02-22 19:13:04] local.INFO: select * from `chat_messages` order by `created_at` asc  
[2025-02-22 19:13:04] local.INFO: select * from `users` where `users`.`id` in (1, 2)  
[2025-02-22 19:13:06] local.INFO: select * from `users` where `id` = ? limit 1 [2] 
[2025-02-22 19:13:06] local.INFO: Emergency Chat: Fetching messages  
[2025-02-22 19:13:06] local.INFO: select * from `chat_messages` order by `created_at` asc  
[2025-02-22 19:13:06] local.INFO: select * from `users` where `users`.`id` in (1, 2)  
[2025-02-22 19:13:08] local.INFO: select * from `users` where `id` = ? limit 1 [2] 
[2025-02-22 19:13:08] local.INFO: Emergency Chat: Fetching messages  
[2025-02-22 19:13:08] local.INFO: select * from `chat_messages` order by `created_at` asc  
[2025-02-22 19:13:08] local.INFO: select * from `users` where `users`.`id` in (1, 2)  
[2025-02-22 19:13:10] local.INFO: select * from `users` where `id` = ? limit 1 [2] 
[2025-02-22 19:13:10] local.INFO: Emergency Chat: Fetching messages  
[2025-02-22 19:13:10] local.INFO: select * from `chat_messages` order by `created_at` asc  
[2025-02-22 19:13:10] local.INFO: select * from `users` where `users`.`id` in (1, 2)  
[2025-02-22 19:13:12] local.INFO: select * from `users` where `id` = ? limit 1 [2] 
[2025-02-22 19:13:12] local.INFO: Emergency Chat: Fetching messages  
[2025-02-22 19:13:12] local.INFO: select * from `chat_messages` order by `created_at` asc  
[2025-02-22 19:13:12] local.INFO: select * from `users` where `users`.`id` in (1, 2)  
[2025-02-22 19:13:14] local.INFO: select * from `users` where `id` = ? limit 1 [2] 
[2025-02-22 19:13:14] local.INFO: Emergency Chat: Fetching messages  
[2025-02-22 19:13:14] local.INFO: select * from `chat_messages` order by `created_at` asc  
[2025-02-22 19:13:14] local.INFO: select * from `users` where `users`.`id` in (1, 2)  
[2025-02-22 19:13:16] local.INFO: select * from `users` where `id` = ? limit 1 [2] 
[2025-02-22 19:13:16] local.INFO: Emergency Chat: Fetching messages  
[2025-02-22 19:13:16] local.INFO: select * from `chat_messages` order by `created_at` asc  
[2025-02-22 19:13:16] local.INFO: select * from `users` where `users`.`id` in (1, 2)  
[2025-02-22 19:13:18] local.INFO: select * from `users` where `id` = ? limit 1 [2] 
[2025-02-22 19:13:18] local.INFO: Emergency Chat: Fetching messages  
[2025-02-22 19:13:18] local.INFO: select * from `chat_messages` order by `created_at` asc  
[2025-02-22 19:13:18] local.INFO: select * from `users` where `users`.`id` in (1, 2)  
[2025-02-22 19:13:20] local.INFO: select * from `users` where `id` = ? limit 1 [2] 
[2025-02-22 19:13:20] local.INFO: Emergency Chat: Fetching messages  
[2025-02-22 19:13:20] local.INFO: select * from `chat_messages` order by `created_at` asc  
[2025-02-22 19:13:20] local.INFO: select * from `users` where `users`.`id` in (1, 2)  
[2025-02-22 19:13:22] local.INFO: select * from `users` where `id` = ? limit 1 [2] 
[2025-02-22 19:13:22] local.INFO: Emergency Chat: Fetching messages  
[2025-02-22 19:13:22] local.INFO: select * from `chat_messages` order by `created_at` asc  
[2025-02-22 19:13:22] local.INFO: select * from `users` where `users`.`id` in (1, 2)  
[2025-02-22 19:13:24] local.INFO: select * from `users` where `id` = ? limit 1 [2] 
[2025-02-22 19:13:24] local.INFO: Emergency Chat: Fetching messages  
[2025-02-22 19:13:24] local.INFO: select * from `chat_messages` order by `created_at` asc  
[2025-02-22 19:13:24] local.INFO: select * from `users` where `users`.`id` in (1, 2)  
[2025-02-22 19:13:26] local.INFO: select * from `users` where `id` = ? limit 1 [2] 
[2025-02-22 19:13:26] local.INFO: Emergency Chat: Fetching messages  
[2025-02-22 19:13:26] local.INFO: select * from `chat_messages` order by `created_at` asc  
[2025-02-22 19:13:26] local.INFO: select * from `users` where `users`.`id` in (1, 2)  
[2025-02-22 19:13:28] local.INFO: select * from `users` where `id` = ? limit 1 [2] 
[2025-02-22 19:13:28] local.INFO: Emergency Chat: Fetching messages  
[2025-02-22 19:13:28] local.INFO: select * from `chat_messages` order by `created_at` asc  
[2025-02-22 19:13:28] local.INFO: select * from `users` where `users`.`id` in (1, 2)  
[2025-02-22 19:13:30] local.INFO: select * from `users` where `id` = ? limit 1 [2] 
[2025-02-22 19:13:30] local.INFO: Emergency Chat: Fetching messages  
[2025-02-22 19:13:30] local.INFO: select * from `chat_messages` order by `created_at` asc  
[2025-02-22 19:13:30] local.INFO: select * from `users` where `users`.`id` in (1, 2)  
[2025-02-22 19:13:32] local.INFO: select * from `users` where `id` = ? limit 1 [2] 
[2025-02-22 19:13:32] local.INFO: Emergency Chat: Fetching messages  
[2025-02-22 19:13:32] local.INFO: select * from `chat_messages` order by `created_at` asc  
[2025-02-22 19:13:32] local.INFO: select * from `users` where `users`.`id` in (1, 2)  
[2025-02-22 19:13:34] local.INFO: select * from `users` where `id` = ? limit 1 [2] 
[2025-02-22 19:13:34] local.INFO: Emergency Chat: Fetching messages  
[2025-02-22 19:13:34] local.INFO: select * from `chat_messages` order by `created_at` asc  
[2025-02-22 19:13:34] local.INFO: select * from `users` where `users`.`id` in (1, 2)  
[2025-02-22 19:13:36] local.INFO: select * from `users` where `id` = ? limit 1 [2] 
[2025-02-22 19:13:36] local.INFO: Emergency Chat: Fetching messages  
[2025-02-22 19:13:36] local.INFO: select * from `chat_messages` order by `created_at` asc  
[2025-02-22 19:13:36] local.INFO: select * from `users` where `users`.`id` in (1, 2)  
[2025-02-22 19:13:38] local.INFO: select * from `users` where `id` = ? limit 1 [2] 
[2025-02-22 19:13:38] local.INFO: Emergency Chat: Fetching messages  
[2025-02-22 19:13:38] local.INFO: select * from `chat_messages` order by `created_at` asc  
[2025-02-22 19:13:38] local.INFO: select * from `users` where `users`.`id` in (1, 2)  
[2025-02-22 19:13:40] local.INFO: select * from `users` where `id` = ? limit 1 [2] 
[2025-02-22 19:13:40] local.INFO: Emergency Chat: Fetching messages  
[2025-02-22 19:13:40] local.INFO: select * from `chat_messages` order by `created_at` asc  
[2025-02-22 19:13:40] local.INFO: select * from `users` where `users`.`id` in (1, 2)  
[2025-02-22 19:13:42] local.INFO: select * from `users` where `id` = ? limit 1 [2] 
[2025-02-22 19:13:42] local.INFO: Emergency Chat: Fetching messages  
[2025-02-22 19:13:42] local.INFO: select * from `chat_messages` order by `created_at` asc  
[2025-02-22 19:13:42] local.INFO: select * from `users` where `users`.`id` in (1, 2)  
[2025-02-22 19:13:44] local.INFO: select * from `users` where `id` = ? limit 1 [2] 
[2025-02-22 19:13:44] local.INFO: Emergency Chat: Fetching messages  
[2025-02-22 19:13:44] local.INFO: select * from `chat_messages` order by `created_at` asc  
[2025-02-22 19:13:44] local.INFO: select * from `users` where `users`.`id` in (1, 2)  
[2025-02-22 19:13:46] local.INFO: select * from `users` where `id` = ? limit 1 [2] 
[2025-02-22 19:13:46] local.INFO: Emergency Chat: Fetching messages  
[2025-02-22 19:13:46] local.INFO: select * from `chat_messages` order by `created_at` asc  
[2025-02-22 19:13:46] local.INFO: select * from `users` where `users`.`id` in (1, 2)  
[2025-02-22 19:13:48] local.INFO: select * from `users` where `id` = ? limit 1 [2] 
[2025-02-22 19:13:48] local.INFO: Emergency Chat: Fetching messages  
[2025-02-22 19:13:48] local.INFO: select * from `chat_messages` order by `created_at` asc  
[2025-02-22 19:13:48] local.INFO: select * from `users` where `users`.`id` in (1, 2)  
[2025-02-22 19:13:50] local.INFO: select * from `users` where `id` = ? limit 1 [2] 
[2025-02-22 19:13:50] local.INFO: Emergency Chat: Fetching messages  
[2025-02-22 19:13:50] local.INFO: select * from `chat_messages` order by `created_at` asc  
[2025-02-22 19:13:50] local.INFO: select * from `users` where `users`.`id` in (1, 2)  
[2025-02-22 19:13:52] local.INFO: select * from `users` where `id` = ? limit 1 [2] 
[2025-02-22 19:13:52] local.INFO: Emergency Chat: Fetching messages  
[2025-02-22 19:13:52] local.INFO: select * from `chat_messages` order by `created_at` asc  
[2025-02-22 19:13:52] local.INFO: select * from `users` where `users`.`id` in (1, 2)  
[2025-02-22 19:13:54] local.INFO: select * from `users` where `id` = ? limit 1 [2] 
[2025-02-22 19:13:54] local.INFO: Emergency Chat: Fetching messages  
[2025-02-22 19:13:54] local.INFO: select * from `chat_messages` order by `created_at` asc  
[2025-02-22 19:13:54] local.INFO: select * from `users` where `users`.`id` in (1, 2)  
[2025-02-22 19:13:56] local.INFO: select * from `users` where `id` = ? limit 1 [2] 
[2025-02-22 19:13:56] local.INFO: Emergency Chat: Fetching messages  
[2025-02-22 19:13:56] local.INFO: select * from `chat_messages` order by `created_at` asc  
[2025-02-22 19:13:56] local.INFO: select * from `users` where `users`.`id` in (1, 2)  
[2025-02-22 19:13:58] local.INFO: select * from `users` where `id` = ? limit 1 [2] 
[2025-02-22 19:13:58] local.INFO: Emergency Chat: Fetching messages  
[2025-02-22 19:13:58] local.INFO: select * from `chat_messages` order by `created_at` asc  
[2025-02-22 19:13:58] local.INFO: select * from `users` where `users`.`id` in (1, 2)  
[2025-02-22 19:14:00] local.INFO: select * from `users` where `id` = ? limit 1 [2] 
[2025-02-22 19:14:00] local.INFO: Emergency Chat: Fetching messages  
[2025-02-22 19:14:00] local.INFO: select * from `chat_messages` order by `created_at` asc  
[2025-02-22 19:14:00] local.INFO: select * from `users` where `users`.`id` in (1, 2)  
[2025-02-22 19:14:02] local.INFO: select * from `users` where `id` = ? limit 1 [2] 
[2025-02-22 19:14:02] local.INFO: Emergency Chat: Fetching messages  
[2025-02-22 19:14:02] local.INFO: select * from `chat_messages` order by `created_at` asc  
[2025-02-22 19:14:02] local.INFO: select * from `users` where `users`.`id` in (1, 2)  
[2025-02-22 19:14:04] local.INFO: select * from `users` where `id` = ? limit 1 [2] 
[2025-02-22 19:14:04] local.INFO: Emergency Chat: Fetching messages  
[2025-02-22 19:14:04] local.INFO: select * from `chat_messages` order by `created_at` asc  
[2025-02-22 19:14:04] local.INFO: select * from `users` where `users`.`id` in (1, 2)  
[2025-02-22 19:14:06] local.INFO: select * from `users` where `id` = ? limit 1 [2] 
[2025-02-22 19:14:06] local.INFO: Emergency Chat: Fetching messages  
[2025-02-22 19:14:06] local.INFO: select * from `chat_messages` order by `created_at` asc  
[2025-02-22 19:14:06] local.INFO: select * from `users` where `users`.`id` in (1, 2)  
[2025-02-22 19:14:08] local.INFO: select * from `users` where `id` = ? limit 1 [2] 
[2025-02-22 19:14:08] local.INFO: Emergency Chat: Fetching messages  
[2025-02-22 19:14:08] local.INFO: select * from `chat_messages` order by `created_at` asc  
[2025-02-22 19:14:08] local.INFO: select * from `users` where `users`.`id` in (1, 2)  
[2025-02-22 19:14:11] local.INFO: select * from `users` where `id` = ? limit 1 [2] 
[2025-02-22 19:14:11] local.INFO: Emergency Chat: Fetching messages  
[2025-02-22 19:14:11] local.INFO: select * from `chat_messages` order by `created_at` asc  
[2025-02-22 19:14:11] local.INFO: select * from `users` where `users`.`id` in (1, 2)  
[2025-02-22 19:14:12] local.INFO: select * from `users` where `id` = ? limit 1 [2] 
[2025-02-22 19:14:12] local.INFO: Emergency Chat: Fetching messages  
[2025-02-22 19:14:12] local.INFO: select * from `chat_messages` order by `created_at` asc  
[2025-02-22 19:14:12] local.INFO: select * from `users` where `users`.`id` in (1, 2)  
[2025-02-22 19:14:15] local.INFO: select * from `users` where `id` = ? limit 1 [2] 
[2025-02-22 19:14:15] local.INFO: Emergency Chat: Fetching messages  
[2025-02-22 19:14:15] local.INFO: select * from `chat_messages` order by `created_at` asc  
[2025-02-22 19:14:15] local.INFO: select * from `users` where `users`.`id` in (1, 2)  
[2025-02-22 19:14:16] local.INFO: select * from `users` where `id` = ? limit 1 [2] 
[2025-02-22 19:14:16] local.INFO: Emergency Chat: Fetching messages  
[2025-02-22 19:14:16] local.INFO: select * from `chat_messages` order by `created_at` asc  
[2025-02-22 19:14:16] local.INFO: select * from `users` where `users`.`id` in (1, 2)  
[2025-02-22 19:14:18] local.INFO: select * from `users` where `id` = ? limit 1 [2] 
[2025-02-22 19:14:18] local.INFO: Emergency Chat: Fetching messages  
[2025-02-22 19:14:18] local.INFO: select * from `chat_messages` order by `created_at` asc  
[2025-02-22 19:14:18] local.INFO: select * from `users` where `users`.`id` in (1, 2)  
[2025-02-22 19:14:20] local.INFO: select * from `users` where `id` = ? limit 1 [2] 
[2025-02-22 19:14:20] local.INFO: Emergency Chat: Fetching messages  
[2025-02-22 19:14:20] local.INFO: select * from `chat_messages` order by `created_at` asc  
[2025-02-22 19:14:20] local.INFO: select * from `users` where `users`.`id` in (1, 2)  
[2025-02-22 19:14:22] local.INFO: select * from `users` where `id` = ? limit 1 [2] 
[2025-02-22 19:14:22] local.INFO: Emergency Chat: Fetching messages  
[2025-02-22 19:14:22] local.INFO: select * from `chat_messages` order by `created_at` asc  
[2025-02-22 19:14:22] local.INFO: select * from `users` where `users`.`id` in (1, 2)  
[2025-02-22 19:14:24] local.INFO: select * from `users` where `id` = ? limit 1 [2] 
[2025-02-22 19:14:24] local.INFO: Emergency Chat: Fetching messages  
[2025-02-22 19:14:24] local.INFO: select * from `chat_messages` order by `created_at` asc  
[2025-02-22 19:14:24] local.INFO: select * from `users` where `users`.`id` in (1, 2)  
[2025-02-22 19:14:26] local.INFO: select * from `users` where `id` = ? limit 1 [2] 
[2025-02-22 19:14:26] local.INFO: Emergency Chat: Fetching messages  
[2025-02-22 19:14:26] local.INFO: select * from `chat_messages` order by `created_at` asc  
[2025-02-22 19:14:26] local.INFO: select * from `users` where `users`.`id` in (1, 2)  
[2025-02-22 19:14:28] local.INFO: select * from `users` where `id` = ? limit 1 [2] 
[2025-02-22 19:14:28] local.INFO: Emergency Chat: Fetching messages  
[2025-02-22 19:14:28] local.INFO: select * from `chat_messages` order by `created_at` asc  
[2025-02-22 19:14:28] local.INFO: select * from `users` where `users`.`id` in (1, 2)  
[2025-02-22 19:14:30] local.INFO: select * from `users` where `id` = ? limit 1 [2] 
[2025-02-22 19:14:30] local.INFO: Emergency Chat: Fetching messages  
[2025-02-22 19:14:30] local.INFO: select * from `chat_messages` order by `created_at` asc  
[2025-02-22 19:14:30] local.INFO: select * from `users` where `users`.`id` in (1, 2)  
[2025-02-22 19:14:32] local.INFO: select * from `users` where `id` = ? limit 1 [2] 
[2025-02-22 19:14:32] local.INFO: Emergency Chat: Fetching messages  
[2025-02-22 19:14:32] local.INFO: select * from `chat_messages` order by `created_at` asc  
[2025-02-22 19:14:32] local.INFO: select * from `users` where `users`.`id` in (1, 2)  
[2025-02-22 19:14:34] local.INFO: select * from `users` where `id` = ? limit 1 [2] 
[2025-02-22 19:14:34] local.INFO: Emergency Chat: Fetching messages  
[2025-02-22 19:14:34] local.INFO: select * from `chat_messages` order by `created_at` asc  
[2025-02-22 19:14:34] local.INFO: select * from `users` where `users`.`id` in (1, 2)  
[2025-02-22 19:14:36] local.INFO: select * from `users` where `id` = ? limit 1 [2] 
[2025-02-22 19:14:36] local.INFO: Emergency Chat: Fetching messages  
[2025-02-22 19:14:36] local.INFO: select * from `chat_messages` order by `created_at` asc  
[2025-02-22 19:14:36] local.INFO: select * from `users` where `users`.`id` in (1, 2)  
[2025-02-22 19:14:38] local.INFO: select * from `users` where `id` = ? limit 1 [2] 
[2025-02-22 19:14:38] local.INFO: Emergency Chat: Fetching messages  
[2025-02-22 19:14:38] local.INFO: select * from `chat_messages` order by `created_at` asc  
[2025-02-22 19:14:38] local.INFO: select * from `users` where `users`.`id` in (1, 2)  
[2025-02-22 19:14:40] local.INFO: select * from `users` where `id` = ? limit 1 [2] 
[2025-02-22 19:14:40] local.INFO: Emergency Chat: Fetching messages  
[2025-02-22 19:14:40] local.INFO: select * from `chat_messages` order by `created_at` asc  
[2025-02-22 19:14:40] local.INFO: select * from `users` where `users`.`id` in (1, 2)  
[2025-02-22 19:14:42] local.INFO: select * from `users` where `id` = ? limit 1 [2] 
[2025-02-22 19:14:42] local.INFO: Emergency Chat: Fetching messages  
[2025-02-22 19:14:42] local.INFO: select * from `chat_messages` order by `created_at` asc  
[2025-02-22 19:14:42] local.INFO: select * from `users` where `users`.`id` in (1, 2)  
[2025-02-22 19:14:44] local.INFO: select * from `users` where `id` = ? limit 1 [2] 
[2025-02-22 19:14:44] local.INFO: Emergency Chat: Fetching messages  
[2025-02-22 19:14:44] local.INFO: select * from `chat_messages` order by `created_at` asc  
[2025-02-22 19:14:44] local.INFO: select * from `users` where `users`.`id` in (1, 2)  
[2025-02-22 19:14:46] local.INFO: select * from `users` where `id` = ? limit 1 [2] 
[2025-02-22 19:14:46] local.INFO: Emergency Chat: Fetching messages  
[2025-02-22 19:14:46] local.INFO: select * from `chat_messages` order by `created_at` asc  
[2025-02-22 19:14:46] local.INFO: select * from `users` where `users`.`id` in (1, 2)  
[2025-02-22 19:14:48] local.INFO: select * from `users` where `id` = ? limit 1 [2] 
[2025-02-22 19:14:48] local.INFO: Emergency Chat: Fetching messages  
[2025-02-22 19:14:48] local.INFO: select * from `chat_messages` order by `created_at` asc  
[2025-02-22 19:14:48] local.INFO: select * from `users` where `users`.`id` in (1, 2)  
[2025-02-22 19:14:50] local.INFO: select * from `users` where `id` = ? limit 1 [2] 
[2025-02-22 19:14:50] local.INFO: Emergency Chat: Fetching messages  
[2025-02-22 19:14:50] local.INFO: select * from `chat_messages` order by `created_at` asc  
[2025-02-22 19:14:50] local.INFO: select * from `users` where `users`.`id` in (1, 2)  
[2025-02-22 19:14:52] local.INFO: select * from `users` where `id` = ? limit 1 [2] 
[2025-02-22 19:14:52] local.INFO: Emergency Chat: Fetching messages  
[2025-02-22 19:14:52] local.INFO: select * from `chat_messages` order by `created_at` asc  
[2025-02-22 19:14:52] local.INFO: select * from `users` where `users`.`id` in (1, 2)  
[2025-02-22 19:14:54] local.INFO: select * from `users` where `id` = ? limit 1 [2] 
[2025-02-22 19:14:54] local.INFO: Emergency Chat: Fetching messages  
[2025-02-22 19:14:54] local.INFO: select * from `chat_messages` order by `created_at` asc  
[2025-02-22 19:14:54] local.INFO: select * from `users` where `users`.`id` in (1, 2)  
[2025-02-22 19:14:56] local.INFO: select * from `users` where `id` = ? limit 1 [2] 
[2025-02-22 19:14:56] local.INFO: Emergency Chat: Fetching messages  
[2025-02-22 19:14:56] local.INFO: select * from `chat_messages` order by `created_at` asc  
[2025-02-22 19:14:56] local.INFO: select * from `users` where `users`.`id` in (1, 2)  
[2025-02-22 19:14:58] local.INFO: select * from `users` where `id` = ? limit 1 [2] 
[2025-02-22 19:14:58] local.INFO: Emergency Chat: Fetching messages  
[2025-02-22 19:14:58] local.INFO: select * from `chat_messages` order by `created_at` asc  
[2025-02-22 19:14:58] local.INFO: select * from `users` where `users`.`id` in (1, 2)  
[2025-02-22 19:15:00] local.INFO: select * from `users` where `id` = ? limit 1 [2] 
[2025-02-22 19:15:00] local.INFO: Emergency Chat: Fetching messages  
[2025-02-22 19:15:00] local.INFO: select * from `chat_messages` order by `created_at` asc  
[2025-02-22 19:15:00] local.INFO: select * from `users` where `users`.`id` in (1, 2)  
[2025-02-22 19:15:02] local.INFO: select * from `users` where `id` = ? limit 1 [2] 
[2025-02-22 19:15:02] local.INFO: Emergency Chat: Fetching messages  
[2025-02-22 19:15:02] local.INFO: select * from `chat_messages` order by `created_at` asc  
[2025-02-22 19:15:02] local.INFO: select * from `users` where `users`.`id` in (1, 2)  
[2025-02-22 19:15:04] local.INFO: select * from `users` where `id` = ? limit 1 [2] 
[2025-02-22 19:15:04] local.INFO: Emergency Chat: Fetching messages  
[2025-02-22 19:15:04] local.INFO: select * from `chat_messages` order by `created_at` asc  
[2025-02-22 19:15:04] local.INFO: select * from `users` where `users`.`id` in (1, 2)  
[2025-02-22 19:15:06] local.INFO: select * from `users` where `id` = ? limit 1 [2] 
[2025-02-22 19:15:06] local.INFO: Emergency Chat: Fetching messages  
[2025-02-22 19:15:06] local.INFO: select * from `chat_messages` order by `created_at` asc  
[2025-02-22 19:15:06] local.INFO: select * from `users` where `users`.`id` in (1, 2)  
[2025-02-22 19:15:08] local.INFO: select * from `users` where `id` = ? limit 1 [2] 
[2025-02-22 19:15:08] local.INFO: Emergency Chat: Fetching messages  
[2025-02-22 19:15:08] local.INFO: select * from `chat_messages` order by `created_at` asc  
[2025-02-22 19:15:08] local.INFO: select * from `users` where `users`.`id` in (1, 2)  
[2025-02-22 19:15:10] local.INFO: select * from `users` where `id` = ? limit 1 [2] 
[2025-02-22 19:15:10] local.INFO: Emergency Chat: Fetching messages  
[2025-02-22 19:15:10] local.INFO: select * from `chat_messages` order by `created_at` asc  
[2025-02-22 19:15:10] local.INFO: select * from `users` where `users`.`id` in (1, 2)  
[2025-02-22 19:15:12] local.INFO: select * from `users` where `id` = ? limit 1 [2] 
[2025-02-22 19:15:12] local.INFO: Emergency Chat: Fetching messages  
[2025-02-22 19:15:12] local.INFO: select * from `chat_messages` order by `created_at` asc  
[2025-02-22 19:15:12] local.INFO: select * from `users` where `users`.`id` in (1, 2)  
[2025-02-22 19:15:14] local.INFO: select * from `users` where `id` = ? limit 1 [2] 
[2025-02-22 19:15:14] local.INFO: Emergency Chat: Fetching messages  
[2025-02-22 19:15:14] local.INFO: select * from `chat_messages` order by `created_at` asc  
[2025-02-22 19:15:14] local.INFO: select * from `users` where `users`.`id` in (1, 2)  
[2025-02-22 19:15:16] local.INFO: select * from `users` where `id` = ? limit 1 [2] 
[2025-02-22 19:15:16] local.INFO: Emergency Chat: Fetching messages  
[2025-02-22 19:15:16] local.INFO: select * from `chat_messages` order by `created_at` asc  
[2025-02-22 19:15:16] local.INFO: select * from `users` where `users`.`id` in (1, 2)  
[2025-02-22 19:15:18] local.INFO: select * from `users` where `id` = ? limit 1 [2] 
[2025-02-22 19:15:18] local.INFO: Emergency Chat: Fetching messages  
[2025-02-22 19:15:18] local.INFO: select * from `chat_messages` order by `created_at` asc  
[2025-02-22 19:15:18] local.INFO: select * from `users` where `users`.`id` in (1, 2)  
[2025-02-22 19:15:20] local.INFO: select * from `users` where `id` = ? limit 1 [2] 
[2025-02-22 19:15:20] local.INFO: Emergency Chat: Fetching messages  
[2025-02-22 19:15:20] local.INFO: select * from `chat_messages` order by `created_at` asc  
[2025-02-22 19:15:20] local.INFO: select * from `users` where `users`.`id` in (1, 2)  
[2025-02-22 19:15:22] local.INFO: select * from `users` where `id` = ? limit 1 [2] 
[2025-02-22 19:15:22] local.INFO: Emergency Chat: Fetching messages  
[2025-02-22 19:15:22] local.INFO: select * from `chat_messages` order by `created_at` asc  
[2025-02-22 19:15:22] local.INFO: select * from `users` where `users`.`id` in (1, 2)  
[2025-02-22 19:15:24] local.INFO: select * from `users` where `id` = ? limit 1 [2] 
[2025-02-22 19:15:24] local.INFO: Emergency Chat: Fetching messages  
[2025-02-22 19:15:24] local.INFO: select * from `chat_messages` order by `created_at` asc  
[2025-02-22 19:15:24] local.INFO: select * from `users` where `users`.`id` in (1, 2)  
[2025-02-22 19:15:26] local.INFO: select * from `users` where `id` = ? limit 1 [2] 
[2025-02-22 19:15:26] local.INFO: Emergency Chat: Fetching messages  
[2025-02-22 19:15:26] local.INFO: select * from `chat_messages` order by `created_at` asc  
[2025-02-22 19:15:26] local.INFO: select * from `users` where `users`.`id` in (1, 2)  
[2025-02-22 19:15:28] local.INFO: select * from `users` where `id` = ? limit 1 [2] 
[2025-02-22 19:15:28] local.INFO: Emergency Chat: Fetching messages  
[2025-02-22 19:15:28] local.INFO: select * from `chat_messages` order by `created_at` asc  
[2025-02-22 19:15:28] local.INFO: select * from `users` where `users`.`id` in (1, 2)  
[2025-02-22 19:15:30] local.INFO: select * from `users` where `id` = ? limit 1 [2] 
[2025-02-22 19:15:30] local.INFO: Emergency Chat: Fetching messages  
[2025-02-22 19:15:30] local.INFO: select * from `chat_messages` order by `created_at` asc  
[2025-02-22 19:15:30] local.INFO: select * from `users` where `users`.`id` in (1, 2)  
[2025-02-22 19:15:32] local.INFO: select * from `users` where `id` = ? limit 1 [2] 
[2025-02-22 19:15:32] local.INFO: Emergency Chat: Fetching messages  
[2025-02-22 19:15:32] local.INFO: select * from `chat_messages` order by `created_at` asc  
[2025-02-22 19:15:32] local.INFO: select * from `users` where `users`.`id` in (1, 2)  
[2025-02-22 19:15:34] local.INFO: select * from `users` where `id` = ? limit 1 [2] 
[2025-02-22 19:15:34] local.INFO: Emergency Chat: Fetching messages  
[2025-02-22 19:15:34] local.INFO: select * from `chat_messages` order by `created_at` asc  
[2025-02-22 19:15:34] local.INFO: select * from `users` where `users`.`id` in (1, 2)  
[2025-02-22 19:15:36] local.INFO: select * from `users` where `id` = ? limit 1 [2] 
[2025-02-22 19:15:36] local.INFO: Emergency Chat: Fetching messages  
[2025-02-22 19:15:36] local.INFO: select * from `chat_messages` order by `created_at` asc  
[2025-02-22 19:15:36] local.INFO: select * from `users` where `users`.`id` in (1, 2)  
[2025-02-22 19:15:38] local.INFO: select * from `users` where `id` = ? limit 1 [2] 
[2025-02-22 19:15:38] local.INFO: Emergency Chat: Fetching messages  
[2025-02-22 19:15:38] local.INFO: select * from `chat_messages` order by `created_at` asc  
[2025-02-22 19:15:38] local.INFO: select * from `users` where `users`.`id` in (1, 2)  
[2025-02-22 19:15:40] local.INFO: select * from `users` where `id` = ? limit 1 [2] 
[2025-02-22 19:15:40] local.INFO: Emergency Chat: Fetching messages  
[2025-02-22 19:15:40] local.INFO: select * from `chat_messages` order by `created_at` asc  
[2025-02-22 19:15:40] local.INFO: select * from `users` where `users`.`id` in (1, 2)  
[2025-02-22 19:15:42] local.INFO: select * from `users` where `id` = ? limit 1 [2] 
[2025-02-22 19:15:42] local.INFO: Emergency Chat: Fetching messages  
[2025-02-22 19:15:42] local.INFO: select * from `chat_messages` order by `created_at` asc  
[2025-02-22 19:15:42] local.INFO: select * from `users` where `users`.`id` in (1, 2)  
[2025-02-22 19:15:44] local.INFO: select * from `users` where `id` = ? limit 1 [2] 
[2025-02-22 19:15:44] local.INFO: Emergency Chat: Fetching messages  
[2025-02-22 19:15:44] local.INFO: select * from `chat_messages` order by `created_at` asc  
[2025-02-22 19:15:44] local.INFO: select * from `users` where `users`.`id` in (1, 2)  
[2025-02-22 19:15:46] local.INFO: select * from `users` where `id` = ? limit 1 [2] 
[2025-02-22 19:15:46] local.INFO: Emergency Chat: Fetching messages  
[2025-02-22 19:15:46] local.INFO: select * from `chat_messages` order by `created_at` asc  
[2025-02-22 19:15:46] local.INFO: select * from `users` where `users`.`id` in (1, 2)  
[2025-02-22 19:15:48] local.INFO: select * from `users` where `id` = ? limit 1 [2] 
[2025-02-22 19:15:48] local.INFO: Emergency Chat: Fetching messages  
[2025-02-22 19:15:48] local.INFO: select * from `chat_messages` order by `created_at` asc  
[2025-02-22 19:15:48] local.INFO: select * from `users` where `users`.`id` in (1, 2)  
[2025-02-22 19:15:50] local.INFO: select * from `users` where `id` = ? limit 1 [2] 
[2025-02-22 19:15:50] local.INFO: Emergency Chat: Fetching messages  
[2025-02-22 19:15:50] local.INFO: select * from `chat_messages` order by `created_at` asc  
[2025-02-22 19:15:50] local.INFO: select * from `users` where `users`.`id` in (1, 2)  
[2025-02-22 19:15:52] local.INFO: select * from `users` where `id` = ? limit 1 [2] 
[2025-02-22 19:15:52] local.INFO: Emergency Chat: Fetching messages  
[2025-02-22 19:15:52] local.INFO: select * from `chat_messages` order by `created_at` asc  
[2025-02-22 19:15:52] local.INFO: select * from `users` where `users`.`id` in (1, 2)  
[2025-02-22 19:15:54] local.INFO: select * from `users` where `id` = ? limit 1 [2] 
[2025-02-22 19:15:54] local.INFO: Emergency Chat: Fetching messages  
[2025-02-22 19:15:54] local.INFO: select * from `chat_messages` order by `created_at` asc  
[2025-02-22 19:15:54] local.INFO: select * from `users` where `users`.`id` in (1, 2)  
[2025-02-22 19:15:56] local.INFO: select * from `users` where `id` = ? limit 1 [2] 
[2025-02-22 19:15:56] local.INFO: Emergency Chat: Fetching messages  
[2025-02-22 19:15:56] local.INFO: select * from `chat_messages` order by `created_at` asc  
[2025-02-22 19:15:56] local.INFO: select * from `users` where `users`.`id` in (1, 2)  
[2025-02-22 19:15:58] local.INFO: select * from `users` where `id` = ? limit 1 [2] 
[2025-02-22 19:15:58] local.INFO: Emergency Chat: Fetching messages  
[2025-02-22 19:15:58] local.INFO: select * from `chat_messages` order by `created_at` asc  
[2025-02-22 19:15:58] local.INFO: select * from `users` where `users`.`id` in (1, 2)  
[2025-02-22 19:16:00] local.INFO: select * from `users` where `id` = ? limit 1 [2] 
[2025-02-22 19:16:00] local.INFO: Emergency Chat: Fetching messages  
[2025-02-22 19:16:00] local.INFO: select * from `chat_messages` order by `created_at` asc  
[2025-02-22 19:16:00] local.INFO: select * from `users` where `users`.`id` in (1, 2)  
[2025-02-22 19:16:02] local.INFO: select * from `users` where `id` = ? limit 1 [2] 
[2025-02-22 19:16:02] local.INFO: Emergency Chat: Fetching messages  
[2025-02-22 19:16:02] local.INFO: select * from `chat_messages` order by `created_at` asc  
[2025-02-22 19:16:02] local.INFO: select * from `users` where `users`.`id` in (1, 2)  
[2025-02-22 19:16:04] local.INFO: select * from `users` where `id` = ? limit 1 [2] 
[2025-02-22 19:16:04] local.INFO: Emergency Chat: Fetching messages  
[2025-02-22 19:16:04] local.INFO: select * from `chat_messages` order by `created_at` asc  
[2025-02-22 19:16:04] local.INFO: select * from `users` where `users`.`id` in (1, 2)  
[2025-02-22 19:16:06] local.INFO: select * from `users` where `id` = ? limit 1 [2] 
[2025-02-22 19:16:06] local.INFO: Emergency Chat: Fetching messages  
[2025-02-22 19:16:06] local.INFO: select * from `chat_messages` order by `created_at` asc  
[2025-02-22 19:16:06] local.INFO: select * from `users` where `users`.`id` in (1, 2)  
[2025-02-22 19:16:08] local.INFO: select * from `users` where `id` = ? limit 1 [2] 
[2025-02-22 19:16:08] local.INFO: Emergency Chat: Fetching messages  
[2025-02-22 19:16:08] local.INFO: select * from `chat_messages` order by `created_at` asc  
[2025-02-22 19:16:08] local.INFO: select * from `users` where `users`.`id` in (1, 2)  
[2025-02-22 19:16:10] local.INFO: select * from `users` where `id` = ? limit 1 [2] 
[2025-02-22 19:16:10] local.INFO: Emergency Chat: Fetching messages  
[2025-02-22 19:16:10] local.INFO: select * from `chat_messages` order by `created_at` asc  
[2025-02-22 19:16:10] local.INFO: select * from `users` where `users`.`id` in (1, 2)  
[2025-02-22 19:16:12] local.INFO: select * from `users` where `id` = ? limit 1 [2] 
[2025-02-22 19:16:12] local.INFO: Emergency Chat: Fetching messages  
[2025-02-22 19:16:12] local.INFO: select * from `chat_messages` order by `created_at` asc  
[2025-02-22 19:16:12] local.INFO: select * from `users` where `users`.`id` in (1, 2)  
[2025-02-22 19:16:14] local.INFO: select * from `users` where `id` = ? limit 1 [2] 
[2025-02-22 19:16:14] local.INFO: Emergency Chat: Fetching messages  
[2025-02-22 19:16:14] local.INFO: select * from `chat_messages` order by `created_at` asc  
[2025-02-22 19:16:14] local.INFO: select * from `users` where `users`.`id` in (1, 2)  
[2025-02-22 19:16:16] local.INFO: select * from `users` where `id` = ? limit 1 [2] 
[2025-02-22 19:16:16] local.INFO: Emergency Chat: Fetching messages  
[2025-02-22 19:16:16] local.INFO: select * from `chat_messages` order by `created_at` asc  
[2025-02-22 19:16:16] local.INFO: select * from `users` where `users`.`id` in (1, 2)  
[2025-02-22 19:16:18] local.INFO: select * from `users` where `id` = ? limit 1 [2] 
[2025-02-22 19:16:18] local.INFO: Emergency Chat: Fetching messages  
[2025-02-22 19:16:18] local.INFO: select * from `chat_messages` order by `created_at` asc  
[2025-02-22 19:16:18] local.INFO: select * from `users` where `users`.`id` in (1, 2)  
[2025-02-22 19:16:20] local.INFO: select * from `users` where `id` = ? limit 1 [2] 
[2025-02-22 19:16:20] local.INFO: Emergency Chat: Fetching messages  
[2025-02-22 19:16:20] local.INFO: select * from `chat_messages` order by `created_at` asc  
[2025-02-22 19:16:20] local.INFO: select * from `users` where `users`.`id` in (1, 2)  
[2025-02-22 19:16:22] local.INFO: select * from `users` where `id` = ? limit 1 [2] 
[2025-02-22 19:16:22] local.INFO: Emergency Chat: Fetching messages  
[2025-02-22 19:16:22] local.INFO: select * from `chat_messages` order by `created_at` asc  
[2025-02-22 19:16:22] local.INFO: select * from `users` where `users`.`id` in (1, 2)  
[2025-02-22 19:16:24] local.INFO: select * from `users` where `id` = ? limit 1 [2] 
[2025-02-22 19:16:24] local.INFO: Emergency Chat: Fetching messages  
[2025-02-22 19:16:24] local.INFO: select * from `chat_messages` order by `created_at` asc  
[2025-02-22 19:16:24] local.INFO: select * from `users` where `users`.`id` in (1, 2)  
[2025-02-22 19:16:26] local.INFO: select * from `users` where `id` = ? limit 1 [2] 
[2025-02-22 19:16:26] local.INFO: Emergency Chat: Fetching messages  
[2025-02-22 19:16:26] local.INFO: select * from `chat_messages` order by `created_at` asc  
[2025-02-22 19:16:26] local.INFO: select * from `users` where `users`.`id` in (1, 2)  
[2025-02-22 19:16:28] local.INFO: select * from `users` where `id` = ? limit 1 [2] 
[2025-02-22 19:16:28] local.INFO: Emergency Chat: Fetching messages  
[2025-02-22 19:16:28] local.INFO: select * from `chat_messages` order by `created_at` asc  
[2025-02-22 19:16:28] local.INFO: select * from `users` where `users`.`id` in (1, 2)  
[2025-02-22 19:16:30] local.INFO: select * from `users` where `id` = ? limit 1 [2] 
[2025-02-22 19:16:30] local.INFO: Emergency Chat: Fetching messages  
[2025-02-22 19:16:30] local.INFO: select * from `chat_messages` order by `created_at` asc  
[2025-02-22 19:16:30] local.INFO: select * from `users` where `users`.`id` in (1, 2)  
[2025-02-22 19:16:32] local.INFO: select * from `users` where `id` = ? limit 1 [2] 
[2025-02-22 19:16:32] local.INFO: Emergency Chat: Fetching messages  
[2025-02-22 19:16:32] local.INFO: select * from `chat_messages` order by `created_at` asc  
[2025-02-22 19:16:32] local.INFO: select * from `users` where `users`.`id` in (1, 2)  
[2025-02-22 19:16:34] local.INFO: select * from `users` where `id` = ? limit 1 [2] 
[2025-02-22 19:16:34] local.INFO: Emergency Chat: Fetching messages  
[2025-02-22 19:16:34] local.INFO: select * from `chat_messages` order by `created_at` asc  
[2025-02-22 19:16:34] local.INFO: select * from `users` where `users`.`id` in (1, 2)  
[2025-02-22 19:16:36] local.INFO: select * from `users` where `id` = ? limit 1 [2] 
[2025-02-22 19:16:36] local.INFO: Emergency Chat: Fetching messages  
[2025-02-22 19:16:36] local.INFO: select * from `chat_messages` order by `created_at` asc  
[2025-02-22 19:16:36] local.INFO: select * from `users` where `users`.`id` in (1, 2)  
[2025-02-22 19:16:38] local.INFO: select * from `users` where `id` = ? limit 1 [2] 
[2025-02-22 19:16:38] local.INFO: Emergency Chat: Fetching messages  
[2025-02-22 19:16:38] local.INFO: select * from `chat_messages` order by `created_at` asc  
[2025-02-22 19:16:38] local.INFO: select * from `users` where `users`.`id` in (1, 2)  
[2025-02-22 19:16:40] local.INFO: select * from `users` where `id` = ? limit 1 [2] 
[2025-02-22 19:16:40] local.INFO: Emergency Chat: Fetching messages  
[2025-02-22 19:16:40] local.INFO: select * from `chat_messages` order by `created_at` asc  
[2025-02-22 19:16:40] local.INFO: select * from `users` where `users`.`id` in (1, 2)  
[2025-02-22 19:16:42] local.INFO: select * from `users` where `id` = ? limit 1 [2] 
[2025-02-22 19:16:42] local.INFO: Emergency Chat: Fetching messages  
[2025-02-22 19:16:42] local.INFO: select * from `chat_messages` order by `created_at` asc  
[2025-02-22 19:16:42] local.INFO: select * from `users` where `users`.`id` in (1, 2)  
[2025-02-22 19:16:44] local.INFO: select * from `users` where `id` = ? limit 1 [2] 
[2025-02-22 19:16:44] local.INFO: Emergency Chat: Fetching messages  
[2025-02-22 19:16:44] local.INFO: select * from `chat_messages` order by `created_at` asc  
[2025-02-22 19:16:44] local.INFO: select * from `users` where `users`.`id` in (1, 2)  
[2025-02-22 19:16:46] local.INFO: select * from `users` where `id` = ? limit 1 [2] 
[2025-02-22 19:16:46] local.INFO: Emergency Chat: Fetching messages  
[2025-02-22 19:16:46] local.INFO: select * from `chat_messages` order by `created_at` asc  
[2025-02-22 19:16:46] local.INFO: select * from `users` where `users`.`id` in (1, 2)  
[2025-02-22 19:16:48] local.INFO: select * from `users` where `id` = ? limit 1 [2] 
[2025-02-22 19:16:48] local.INFO: Emergency Chat: Fetching messages  
[2025-02-22 19:16:48] local.INFO: select * from `chat_messages` order by `created_at` asc  
[2025-02-22 19:16:48] local.INFO: select * from `users` where `users`.`id` in (1, 2)  
[2025-02-22 19:16:50] local.INFO: select * from `users` where `id` = ? limit 1 [2] 
[2025-02-22 19:16:50] local.INFO: Emergency Chat: Fetching messages  
[2025-02-22 19:16:50] local.INFO: select * from `chat_messages` order by `created_at` asc  
[2025-02-22 19:16:50] local.INFO: select * from `users` where `users`.`id` in (1, 2)  
[2025-02-22 19:16:52] local.INFO: select * from `users` where `id` = ? limit 1 [2] 
[2025-02-22 19:16:52] local.INFO: Emergency Chat: Fetching messages  
[2025-02-22 19:16:52] local.INFO: select * from `chat_messages` order by `created_at` asc  
[2025-02-22 19:16:52] local.INFO: select * from `users` where `users`.`id` in (1, 2)  
[2025-02-22 19:16:54] local.INFO: select * from `users` where `id` = ? limit 1 [2] 
[2025-02-22 19:16:54] local.INFO: Emergency Chat: Fetching messages  
[2025-02-22 19:16:54] local.INFO: select * from `chat_messages` order by `created_at` asc  
[2025-02-22 19:16:54] local.INFO: select * from `users` where `users`.`id` in (1, 2)  
[2025-02-22 19:16:56] local.INFO: select * from `users` where `id` = ? limit 1 [2] 
[2025-02-22 19:16:56] local.INFO: Emergency Chat: Fetching messages  
[2025-02-22 19:16:56] local.INFO: select * from `chat_messages` order by `created_at` asc  
[2025-02-22 19:16:56] local.INFO: select * from `users` where `users`.`id` in (1, 2)  
[2025-02-22 19:16:58] local.INFO: select * from `users` where `id` = ? limit 1 [2] 
[2025-02-22 19:16:58] local.INFO: Emergency Chat: Fetching messages  
[2025-02-22 19:16:58] local.INFO: select * from `chat_messages` order by `created_at` asc  
[2025-02-22 19:16:58] local.INFO: select * from `users` where `users`.`id` in (1, 2)  
[2025-02-22 19:17:00] local.INFO: select * from `users` where `id` = ? limit 1 [2] 
[2025-02-22 19:17:00] local.INFO: Emergency Chat: Fetching messages  
[2025-02-22 19:17:00] local.INFO: select * from `chat_messages` order by `created_at` asc  
[2025-02-22 19:17:00] local.INFO: select * from `users` where `users`.`id` in (1, 2)  
[2025-02-22 19:17:02] local.INFO: select * from `users` where `id` = ? limit 1 [2] 
[2025-02-22 19:17:02] local.INFO: Emergency Chat: Fetching messages  
[2025-02-22 19:17:02] local.INFO: select * from `chat_messages` order by `created_at` asc  
[2025-02-22 19:17:02] local.INFO: select * from `users` where `users`.`id` in (1, 2)  
[2025-02-22 19:17:04] local.INFO: select * from `users` where `id` = ? limit 1 [2] 
[2025-02-22 19:17:04] local.INFO: Emergency Chat: Fetching messages  
[2025-02-22 19:17:04] local.INFO: select * from `chat_messages` order by `created_at` asc  
[2025-02-22 19:17:04] local.INFO: select * from `users` where `users`.`id` in (1, 2)  
[2025-02-22 19:17:06] local.INFO: select * from `users` where `id` = ? limit 1 [2] 
[2025-02-22 19:17:06] local.INFO: Emergency Chat: Fetching messages  
[2025-02-22 19:17:06] local.INFO: select * from `chat_messages` order by `created_at` asc  
[2025-02-22 19:17:06] local.INFO: select * from `users` where `users`.`id` in (1, 2)  
[2025-02-22 19:17:08] local.INFO: select * from `users` where `id` = ? limit 1 [2] 
[2025-02-22 19:17:08] local.INFO: Emergency Chat: Fetching messages  
[2025-02-22 19:17:08] local.INFO: select * from `chat_messages` order by `created_at` asc  
[2025-02-22 19:17:08] local.INFO: select * from `users` where `users`.`id` in (1, 2)  
[2025-02-22 19:17:10] local.INFO: select * from `users` where `id` = ? limit 1 [2] 
[2025-02-22 19:17:10] local.INFO: Emergency Chat: Fetching messages  
[2025-02-22 19:17:10] local.INFO: select * from `chat_messages` order by `created_at` asc  
[2025-02-22 19:17:10] local.INFO: select * from `users` where `users`.`id` in (1, 2)  
[2025-02-22 19:17:12] local.INFO: select * from `users` where `id` = ? limit 1 [2] 
[2025-02-22 19:17:12] local.INFO: Emergency Chat: Fetching messages  
[2025-02-22 19:17:12] local.INFO: select * from `chat_messages` order by `created_at` asc  
[2025-02-22 19:17:12] local.INFO: select * from `users` where `users`.`id` in (1, 2)  
[2025-02-22 19:17:14] local.INFO: select * from `users` where `id` = ? limit 1 [2] 
[2025-02-22 19:17:14] local.INFO: Emergency Chat: Fetching messages  
[2025-02-22 19:17:14] local.INFO: select * from `chat_messages` order by `created_at` asc  
[2025-02-22 19:17:14] local.INFO: select * from `users` where `users`.`id` in (1, 2)  
[2025-02-22 19:17:16] local.INFO: select * from `users` where `id` = ? limit 1 [2] 
[2025-02-22 19:17:16] local.INFO: Emergency Chat: Fetching messages  
[2025-02-22 19:17:16] local.INFO: select * from `chat_messages` order by `created_at` asc  
[2025-02-22 19:17:16] local.INFO: select * from `users` where `users`.`id` in (1, 2)  
[2025-02-22 19:17:18] local.INFO: select * from `users` where `id` = ? limit 1 [2] 
[2025-02-22 19:17:18] local.INFO: Emergency Chat: Fetching messages  
[2025-02-22 19:17:18] local.INFO: select * from `chat_messages` order by `created_at` asc  
[2025-02-22 19:17:18] local.INFO: select * from `users` where `users`.`id` in (1, 2)  
[2025-02-22 19:17:20] local.INFO: select * from `users` where `id` = ? limit 1 [2] 
[2025-02-22 19:17:20] local.INFO: Emergency Chat: Fetching messages  
[2025-02-22 19:17:20] local.INFO: select * from `chat_messages` order by `created_at` asc  
[2025-02-22 19:17:20] local.INFO: select * from `users` where `users`.`id` in (1, 2)  
[2025-02-22 19:17:22] local.INFO: select * from `users` where `id` = ? limit 1 [2] 
[2025-02-22 19:17:22] local.INFO: Emergency Chat: Fetching messages  
[2025-02-22 19:17:22] local.INFO: select * from `chat_messages` order by `created_at` asc  
[2025-02-22 19:17:22] local.INFO: select * from `users` where `users`.`id` in (1, 2)  
[2025-02-22 19:17:24] local.INFO: select * from `users` where `id` = ? limit 1 [2] 
[2025-02-22 19:17:24] local.INFO: Emergency Chat: Fetching messages  
[2025-02-22 19:17:24] local.INFO: select * from `chat_messages` order by `created_at` asc  
[2025-02-22 19:17:24] local.INFO: select * from `users` where `users`.`id` in (1, 2)  
[2025-02-22 19:17:26] local.INFO: select * from `users` where `id` = ? limit 1 [2] 
[2025-02-22 19:17:26] local.INFO: Emergency Chat: Fetching messages  
[2025-02-22 19:17:26] local.INFO: select * from `chat_messages` order by `created_at` asc  
[2025-02-22 19:17:26] local.INFO: select * from `users` where `users`.`id` in (1, 2)  
[2025-02-22 19:17:28] local.INFO: select * from `users` where `id` = ? limit 1 [2] 
[2025-02-22 19:17:28] local.INFO: Emergency Chat: Fetching messages  
[2025-02-22 19:17:28] local.INFO: select * from `chat_messages` order by `created_at` asc  
[2025-02-22 19:17:28] local.INFO: select * from `users` where `users`.`id` in (1, 2)  
[2025-02-22 19:17:30] local.INFO: select * from `users` where `id` = ? limit 1 [2] 
[2025-02-22 19:17:30] local.INFO: Emergency Chat: Fetching messages  
[2025-02-22 19:17:30] local.INFO: select * from `chat_messages` order by `created_at` asc  
[2025-02-22 19:17:30] local.INFO: select * from `users` where `users`.`id` in (1, 2)  
[2025-02-22 19:17:32] local.INFO: select * from `users` where `id` = ? limit 1 [2] 
[2025-02-22 19:17:32] local.INFO: Emergency Chat: Fetching messages  
[2025-02-22 19:17:32] local.INFO: select * from `chat_messages` order by `created_at` asc  
[2025-02-22 19:17:32] local.INFO: select * from `users` where `users`.`id` in (1, 2)  
[2025-02-22 19:17:34] local.INFO: select * from `users` where `id` = ? limit 1 [2] 
[2025-02-22 19:17:34] local.INFO: Emergency Chat: Fetching messages  
[2025-02-22 19:17:34] local.INFO: select * from `chat_messages` order by `created_at` asc  
[2025-02-22 19:17:34] local.INFO: select * from `users` where `users`.`id` in (1, 2)  
[2025-02-22 19:17:36] local.INFO: select * from `users` where `id` = ? limit 1 [2] 
[2025-02-22 19:17:36] local.INFO: Emergency Chat: Fetching messages  
[2025-02-22 19:17:36] local.INFO: select * from `chat_messages` order by `created_at` asc  
[2025-02-22 19:17:36] local.INFO: select * from `users` where `users`.`id` in (1, 2)  
[2025-02-22 19:17:38] local.INFO: select * from `users` where `id` = ? limit 1 [2] 
[2025-02-22 19:17:38] local.INFO: Emergency Chat: Fetching messages  
[2025-02-22 19:17:38] local.INFO: select * from `chat_messages` order by `created_at` asc  
[2025-02-22 19:17:38] local.INFO: select * from `users` where `users`.`id` in (1, 2)  
[2025-02-22 19:17:40] local.INFO: select * from `users` where `id` = ? limit 1 [2] 
[2025-02-22 19:17:40] local.INFO: Emergency Chat: Fetching messages  
[2025-02-22 19:17:40] local.INFO: select * from `chat_messages` order by `created_at` asc  
[2025-02-22 19:17:40] local.INFO: select * from `users` where `users`.`id` in (1, 2)  
[2025-02-22 19:17:42] local.INFO: select * from `users` where `id` = ? limit 1 [2] 
[2025-02-22 19:17:42] local.INFO: Emergency Chat: Fetching messages  
[2025-02-22 19:17:42] local.INFO: select * from `chat_messages` order by `created_at` asc  
[2025-02-22 19:17:42] local.INFO: select * from `users` where `users`.`id` in (1, 2)  
[2025-02-22 19:17:44] local.INFO: select * from `users` where `id` = ? limit 1 [2] 
[2025-02-22 19:17:44] local.INFO: Emergency Chat: Fetching messages  
[2025-02-22 19:17:44] local.INFO: select * from `chat_messages` order by `created_at` asc  
[2025-02-22 19:17:44] local.INFO: select * from `users` where `users`.`id` in (1, 2)  
[2025-02-22 19:17:46] local.INFO: select * from `users` where `id` = ? limit 1 [2] 
[2025-02-22 19:17:46] local.INFO: Emergency Chat: Fetching messages  
[2025-02-22 19:17:46] local.INFO: select * from `chat_messages` order by `created_at` asc  
[2025-02-22 19:17:46] local.INFO: select * from `users` where `users`.`id` in (1, 2)  
[2025-02-22 19:17:48] local.INFO: select * from `users` where `id` = ? limit 1 [2] 
[2025-02-22 19:17:48] local.INFO: Emergency Chat: Fetching messages  
[2025-02-22 19:17:48] local.INFO: select * from `chat_messages` order by `created_at` asc  
[2025-02-22 19:17:48] local.INFO: select * from `users` where `users`.`id` in (1, 2)  
[2025-02-22 19:17:50] local.INFO: select * from `users` where `id` = ? limit 1 [2] 
[2025-02-22 19:17:50] local.INFO: Emergency Chat: Fetching messages  
[2025-02-22 19:17:50] local.INFO: select * from `chat_messages` order by `created_at` asc  
[2025-02-22 19:17:50] local.INFO: select * from `users` where `users`.`id` in (1, 2)  
[2025-02-22 19:17:52] local.INFO: select * from `users` where `id` = ? limit 1 [2] 
[2025-02-22 19:17:52] local.INFO: Emergency Chat: Fetching messages  
[2025-02-22 19:17:52] local.INFO: select * from `chat_messages` order by `created_at` asc  
[2025-02-22 19:17:52] local.INFO: select * from `users` where `users`.`id` in (1, 2)  
[2025-02-22 19:17:54] local.INFO: select * from `users` where `id` = ? limit 1 [2] 
[2025-02-22 19:17:54] local.INFO: Emergency Chat: Fetching messages  
[2025-02-22 19:17:54] local.INFO: select * from `chat_messages` order by `created_at` asc  
[2025-02-22 19:17:54] local.INFO: select * from `users` where `users`.`id` in (1, 2)  
[2025-02-22 19:17:56] local.INFO: select * from `users` where `id` = ? limit 1 [2] 
[2025-02-22 19:17:56] local.INFO: Emergency Chat: Fetching messages  
[2025-02-22 19:17:56] local.INFO: select * from `chat_messages` order by `created_at` asc  
[2025-02-22 19:17:56] local.INFO: select * from `users` where `users`.`id` in (1, 2)  
[2025-02-22 19:17:58] local.INFO: select * from `users` where `id` = ? limit 1 [2] 
[2025-02-22 19:17:58] local.INFO: Emergency Chat: Fetching messages  
[2025-02-22 19:17:58] local.INFO: select * from `chat_messages` order by `created_at` asc  
[2025-02-22 19:17:58] local.INFO: select * from `users` where `users`.`id` in (1, 2)  
[2025-02-22 19:18:00] local.INFO: select * from `users` where `id` = ? limit 1 [2] 
[2025-02-22 19:18:00] local.INFO: Emergency Chat: Fetching messages  
[2025-02-22 19:18:00] local.INFO: select * from `chat_messages` order by `created_at` asc  
[2025-02-22 19:18:00] local.INFO: select * from `users` where `users`.`id` in (1, 2)  
[2025-02-22 19:18:02] local.INFO: select * from `users` where `id` = ? limit 1 [2] 
[2025-02-22 19:18:02] local.INFO: Emergency Chat: Fetching messages  
[2025-02-22 19:18:02] local.INFO: select * from `chat_messages` order by `created_at` asc  
[2025-02-22 19:18:02] local.INFO: select * from `users` where `users`.`id` in (1, 2)  
[2025-02-22 19:18:04] local.INFO: select * from `users` where `id` = ? limit 1 [2] 
[2025-02-22 19:18:04] local.INFO: Emergency Chat: Fetching messages  
[2025-02-22 19:18:04] local.INFO: select * from `chat_messages` order by `created_at` asc  
[2025-02-22 19:18:04] local.INFO: select * from `users` where `users`.`id` in (1, 2)  
[2025-02-22 19:18:06] local.INFO: select * from `users` where `id` = ? limit 1 [2] 
[2025-02-22 19:18:06] local.INFO: Emergency Chat: Fetching messages  
[2025-02-22 19:18:06] local.INFO: select * from `chat_messages` order by `created_at` asc  
[2025-02-22 19:18:06] local.INFO: select * from `users` where `users`.`id` in (1, 2)  
[2025-02-22 19:18:08] local.INFO: select * from `users` where `id` = ? limit 1 [2] 
[2025-02-22 19:18:08] local.INFO: Emergency Chat: Fetching messages  
[2025-02-22 19:18:08] local.INFO: select * from `chat_messages` order by `created_at` asc  
[2025-02-22 19:18:08] local.INFO: select * from `users` where `users`.`id` in (1, 2)  
[2025-02-22 19:18:10] local.INFO: select * from `users` where `id` = ? limit 1 [2] 
[2025-02-22 19:18:10] local.INFO: Emergency Chat: Fetching messages  
[2025-02-22 19:18:10] local.INFO: select * from `chat_messages` order by `created_at` asc  
[2025-02-22 19:18:10] local.INFO: select * from `users` where `users`.`id` in (1, 2)  
[2025-02-22 19:18:12] local.INFO: select * from `users` where `id` = ? limit 1 [2] 
[2025-02-22 19:18:12] local.INFO: Emergency Chat: Fetching messages  
[2025-02-22 19:18:12] local.INFO: select * from `chat_messages` order by `created_at` asc  
[2025-02-22 19:18:12] local.INFO: select * from `users` where `users`.`id` in (1, 2)  
[2025-02-22 19:18:14] local.INFO: select * from `users` where `id` = ? limit 1 [2] 
[2025-02-22 19:18:14] local.INFO: Emergency Chat: Fetching messages  
[2025-02-22 19:18:14] local.INFO: select * from `chat_messages` order by `created_at` asc  
[2025-02-22 19:18:14] local.INFO: select * from `users` where `users`.`id` in (1, 2)  
[2025-02-22 19:18:16] local.INFO: select * from `users` where `id` = ? limit 1 [2] 
[2025-02-22 19:18:16] local.INFO: Emergency Chat: Fetching messages  
[2025-02-22 19:18:16] local.INFO: select * from `chat_messages` order by `created_at` asc  
[2025-02-22 19:18:16] local.INFO: select * from `users` where `users`.`id` in (1, 2)  
[2025-02-22 19:18:18] local.INFO: select * from `users` where `id` = ? limit 1 [2] 
[2025-02-22 19:18:18] local.INFO: Emergency Chat: Fetching messages  
[2025-02-22 19:18:18] local.INFO: select * from `chat_messages` order by `created_at` asc  
[2025-02-22 19:18:18] local.INFO: select * from `users` where `users`.`id` in (1, 2)  
[2025-02-22 19:18:20] local.INFO: select * from `users` where `id` = ? limit 1 [2] 
[2025-02-22 19:18:20] local.INFO: Emergency Chat: Fetching messages  
[2025-02-22 19:18:20] local.INFO: select * from `chat_messages` order by `created_at` asc  
[2025-02-22 19:18:20] local.INFO: select * from `users` where `users`.`id` in (1, 2)  
[2025-02-22 19:18:22] local.INFO: select * from `users` where `id` = ? limit 1 [2] 
[2025-02-22 19:18:22] local.INFO: Emergency Chat: Fetching messages  
[2025-02-22 19:18:22] local.INFO: select * from `chat_messages` order by `created_at` asc  
[2025-02-22 19:18:22] local.INFO: select * from `users` where `users`.`id` in (1, 2)  
[2025-02-22 19:18:24] local.INFO: select * from `users` where `id` = ? limit 1 [2] 
[2025-02-22 19:18:24] local.INFO: Emergency Chat: Fetching messages  
[2025-02-22 19:18:24] local.INFO: select * from `chat_messages` order by `created_at` asc  
[2025-02-22 19:18:24] local.INFO: select * from `users` where `users`.`id` in (1, 2)  
[2025-02-22 19:18:26] local.INFO: select * from `users` where `id` = ? limit 1 [2] 
[2025-02-22 19:18:26] local.INFO: Emergency Chat: Fetching messages  
[2025-02-22 19:18:26] local.INFO: select * from `chat_messages` order by `created_at` asc  
[2025-02-22 19:18:26] local.INFO: select * from `users` where `users`.`id` in (1, 2)  
[2025-02-22 19:18:28] local.INFO: select * from `users` where `id` = ? limit 1 [2] 
[2025-02-22 19:18:28] local.INFO: Emergency Chat: Fetching messages  
[2025-02-22 19:18:28] local.INFO: select * from `chat_messages` order by `created_at` asc  
[2025-02-22 19:18:28] local.INFO: select * from `users` where `users`.`id` in (1, 2)  
[2025-02-22 19:18:30] local.INFO: select * from `users` where `id` = ? limit 1 [2] 
[2025-02-22 19:18:30] local.INFO: Emergency Chat: Fetching messages  
[2025-02-22 19:18:30] local.INFO: select * from `chat_messages` order by `created_at` asc  
[2025-02-22 19:18:30] local.INFO: select * from `users` where `users`.`id` in (1, 2)  
[2025-02-22 19:18:32] local.INFO: select * from `users` where `id` = ? limit 1 [2] 
[2025-02-22 19:18:32] local.INFO: Emergency Chat: Fetching messages  
[2025-02-22 19:18:32] local.INFO: select * from `chat_messages` order by `created_at` asc  
[2025-02-22 19:18:32] local.INFO: select * from `users` where `users`.`id` in (1, 2)  
[2025-02-22 19:18:35] local.INFO: select * from `users` where `id` = ? limit 1 [2] 
[2025-02-22 19:18:35] local.INFO: Emergency Chat: Fetching messages  
[2025-02-22 19:18:35] local.INFO: select * from `chat_messages` order by `created_at` asc  
[2025-02-22 19:18:35] local.INFO: select * from `users` where `users`.`id` in (1, 2)  
[2025-02-22 19:18:37] local.INFO: select * from `users` where `id` = ? limit 1 [2] 
[2025-02-22 19:18:37] local.INFO: Emergency Chat: Fetching messages  
[2025-02-22 19:18:37] local.INFO: select * from `chat_messages` order by `created_at` asc  
[2025-02-22 19:18:37] local.INFO: select * from `users` where `users`.`id` in (1, 2)  
[2025-02-22 19:18:39] local.INFO: select * from `users` where `id` = ? limit 1 [2] 
[2025-02-22 19:18:39] local.INFO: Emergency Chat: Fetching messages  
[2025-02-22 19:18:39] local.INFO: select * from `chat_messages` order by `created_at` asc  
[2025-02-22 19:18:39] local.INFO: select * from `users` where `users`.`id` in (1, 2)  
[2025-02-22 19:18:41] local.INFO: select * from `users` where `id` = ? limit 1 [2] 
[2025-02-22 19:18:41] local.INFO: Emergency Chat: Fetching messages  
[2025-02-22 19:18:41] local.INFO: select * from `chat_messages` order by `created_at` asc  
[2025-02-22 19:18:41] local.INFO: select * from `users` where `users`.`id` in (1, 2)  
[2025-02-22 19:18:43] local.INFO: select * from `users` where `id` = ? limit 1 [2] 
[2025-02-22 19:18:43] local.INFO: Emergency Chat: Fetching messages  
[2025-02-22 19:18:43] local.INFO: select * from `chat_messages` order by `created_at` asc  
[2025-02-22 19:18:43] local.INFO: select * from `users` where `users`.`id` in (1, 2)  
[2025-02-22 19:18:45] local.INFO: select * from `users` where `id` = ? limit 1 [2] 
[2025-02-22 19:18:45] local.INFO: Emergency Chat: Fetching messages  
[2025-02-22 19:18:45] local.INFO: select * from `chat_messages` order by `created_at` asc  
[2025-02-22 19:18:45] local.INFO: select * from `users` where `users`.`id` in (1, 2)  
[2025-02-22 19:18:47] local.INFO: select * from `users` where `id` = ? limit 1 [2] 
[2025-02-22 19:18:47] local.INFO: Emergency Chat: Fetching messages  
[2025-02-22 19:18:47] local.INFO: select * from `chat_messages` order by `created_at` asc  
[2025-02-22 19:18:47] local.INFO: select * from `users` where `users`.`id` in (1, 2)  
[2025-02-22 19:18:49] local.INFO: select * from `users` where `id` = ? limit 1 [2] 
[2025-02-22 19:18:49] local.INFO: Emergency Chat: Fetching messages  
[2025-02-22 19:18:49] local.INFO: select * from `chat_messages` order by `created_at` asc  
[2025-02-22 19:18:49] local.INFO: select * from `users` where `users`.`id` in (1, 2)  
[2025-02-22 19:18:51] local.INFO: select * from `users` where `id` = ? limit 1 [2] 
[2025-02-22 19:18:51] local.INFO: Emergency Chat: Fetching messages  
[2025-02-22 19:18:51] local.INFO: select * from `chat_messages` order by `created_at` asc  
[2025-02-22 19:18:51] local.INFO: select * from `users` where `users`.`id` in (1, 2)  
[2025-02-22 19:18:52] local.INFO: select * from `users` where `id` = ? limit 1 [2] 
[2025-02-22 19:18:52] local.INFO: Emergency Chat: Fetching messages  
[2025-02-22 19:18:52] local.INFO: select * from `chat_messages` order by `created_at` asc  
[2025-02-22 19:18:52] local.INFO: select * from `users` where `users`.`id` in (1, 2)  
[2025-02-22 19:18:53] local.INFO: select * from `users` where `id` = ? limit 1 [2] 
[2025-02-22 19:18:53] local.INFO: select * from `school_infos` limit 1  
[2025-02-22 19:18:53] local.INFO: select * from `rooms`  
[2025-02-22 19:18:53] local.INFO: select * from `users` where `home_room` is not null  
[2025-02-22 19:18:53] local.INFO: select sum(`current_occupancy`) as aggregate from `rooms`  
[2025-02-22 19:18:53] local.INFO: select * from `rooms` where `room_number` is null limit 1  
[2025-02-22 19:18:53] local.INFO: select count(*) as aggregate from `rooms` where `current_occupancy` > ? [0] 
[2025-02-22 19:18:53] local.ERROR: Attempt to read property "name" on null {"view":{"view":"/var/www/html/school.fsv.io/resources/views/emergency/report.blade.php","data":[]},"userId":2,"exception":"[object] (Spatie\\LaravelIgnition\\Exceptions\\ViewException(code: 0): Attempt to read property \"name\" on null at /var/www/html/school.fsv.io/resources/views/emergency/report.blade.php:9)
[stacktrace]
#0 /var/www/html/school.fsv.io/vendor/laravel/framework/src/Illuminate/Filesystem/Filesystem.php(123): require('...')
#1 /var/www/html/school.fsv.io/vendor/laravel/framework/src/Illuminate/Filesystem/Filesystem.php(124): Illuminate\\Filesystem\\Filesystem::Illuminate\\Filesystem\\{closure}()
#2 /var/www/html/school.fsv.io/vendor/laravel/framework/src/Illuminate/View/Engines/PhpEngine.php(58): Illuminate\\Filesystem\\Filesystem->getRequire()
#3 /var/www/html/school.fsv.io/vendor/laravel/framework/src/Illuminate/View/Engines/CompilerEngine.php(72): Illuminate\\View\\Engines\\PhpEngine->evaluatePath()
#4 /var/www/html/school.fsv.io/vendor/laravel/framework/src/Illuminate/View/View.php(207): Illuminate\\View\\Engines\\CompilerEngine->get()
#5 /var/www/html/school.fsv.io/vendor/laravel/framework/src/Illuminate/View/View.php(190): Illuminate\\View\\View->getContents()
#6 /var/www/html/school.fsv.io/vendor/laravel/framework/src/Illuminate/View/View.php(159): Illuminate\\View\\View->renderContents()
#7 /var/www/html/school.fsv.io/vendor/laravel/framework/src/Illuminate/Http/Response.php(69): Illuminate\\View\\View->render()
#8 /var/www/html/school.fsv.io/vendor/laravel/framework/src/Illuminate/Http/Response.php(35): Illuminate\\Http\\Response->setContent()
#9 /var/www/html/school.fsv.io/vendor/laravel/framework/src/Illuminate/Routing/Router.php(918): Illuminate\\Http\\Response->__construct()
#10 /var/www/html/school.fsv.io/vendor/laravel/framework/src/Illuminate/Routing/Router.php(885): Illuminate\\Routing\\Router::toResponse()
#11 /var/www/html/school.fsv.io/vendor/laravel/framework/src/Illuminate/Routing/Router.php(806): Illuminate\\Routing\\Router->prepareResponse()
#12 /var/www/html/school.fsv.io/vendor/laravel/framework/src/Illuminate/Pipeline/Pipeline.php(144): Illuminate\\Routing\\Router->Illuminate\\Routing\\{closure}()
#13 /var/www/html/school.fsv.io/vendor/laravel/framework/src/Illuminate/Routing/Middleware/SubstituteBindings.php(50): Illuminate\\Pipeline\\Pipeline->Illuminate\\Pipeline\\{closure}()
#14 /var/www/html/school.fsv.io/vendor/laravel/framework/src/Illuminate/Pipeline/Pipeline.php(183): Illuminate\\Routing\\Middleware\\SubstituteBindings->handle()
#15 /var/www/html/school.fsv.io/vendor/laravel/framework/src/Illuminate/Auth/Middleware/Authenticate.php(57): Illuminate\\Pipeline\\Pipeline->Illuminate\\Pipeline\\{closure}()
#16 /var/www/html/school.fsv.io/vendor/laravel/framework/src/Illuminate/Pipeline/Pipeline.php(183): Illuminate\\Auth\\Middleware\\Authenticate->handle()
#17 /var/www/html/school.fsv.io/vendor/laravel/framework/src/Illuminate/Foundation/Http/Middleware/VerifyCsrfToken.php(78): Illuminate\\Pipeline\\Pipeline->Illuminate\\Pipeline\\{closure}()
#18 /var/www/html/school.fsv.io/vendor/laravel/framework/src/Illuminate/Pipeline/Pipeline.php(183): Illuminate\\Foundation\\Http\\Middleware\\VerifyCsrfToken->handle()
#19 /var/www/html/school.fsv.io/vendor/laravel/framework/src/Illuminate/View/Middleware/ShareErrorsFromSession.php(49): Illuminate\\Pipeline\\Pipeline->Illuminate\\Pipeline\\{closure}()
#20 /var/www/html/school.fsv.io/vendor/laravel/framework/src/Illuminate/Pipeline/Pipeline.php(183): Illuminate\\View\\Middleware\\ShareErrorsFromSession->handle()
#21 /var/www/html/school.fsv.io/vendor/laravel/framework/src/Illuminate/Session/Middleware/StartSession.php(121): Illuminate\\Pipeline\\Pipeline->Illuminate\\Pipeline\\{closure}()
#22 /var/www/html/school.fsv.io/vendor/laravel/framework/src/Illuminate/Session/Middleware/StartSession.php(64): Illuminate\\Session\\Middleware\\StartSession->handleStatefulRequest()
#23 /var/www/html/school.fsv.io/vendor/laravel/framework/src/Illuminate/Pipeline/Pipeline.php(183): Illuminate\\Session\\Middleware\\StartSession->handle()
#24 /var/www/html/school.fsv.io/vendor/laravel/framework/src/Illuminate/Cookie/Middleware/AddQueuedCookiesToResponse.php(37): Illuminate\\Pipeline\\Pipeline->Illuminate\\Pipeline\\{closure}()
#25 /var/www/html/school.fsv.io/vendor/laravel/framework/src/Illuminate/Pipeline/Pipeline.php(183): Illuminate\\Cookie\\Middleware\\AddQueuedCookiesToResponse->handle()
#26 /var/www/html/school.fsv.io/vendor/laravel/framework/src/Illuminate/Cookie/Middleware/EncryptCookies.php(67): Illuminate\\Pipeline\\Pipeline->Illuminate\\Pipeline\\{closure}()
#27 /var/www/html/school.fsv.io/vendor/laravel/framework/src/Illuminate/Pipeline/Pipeline.php(183): Illuminate\\Cookie\\Middleware\\EncryptCookies->handle()
#28 /var/www/html/school.fsv.io/vendor/laravel/framework/src/Illuminate/Pipeline/Pipeline.php(119): Illuminate\\Pipeline\\Pipeline->Illuminate\\Pipeline\\{closure}()
#29 /var/www/html/school.fsv.io/vendor/laravel/framework/src/Illuminate/Routing/Router.php(807): Illuminate\\Pipeline\\Pipeline->then()
#30 /var/www/html/school.fsv.io/vendor/laravel/framework/src/Illuminate/Routing/Router.php(784): Illuminate\\Routing\\Router->runRouteWithinStack()
#31 /var/www/html/school.fsv.io/vendor/laravel/framework/src/Illuminate/Routing/Router.php(748): Illuminate\\Routing\\Router->runRoute()
#32 /var/www/html/school.fsv.io/vendor/laravel/framework/src/Illuminate/Routing/Router.php(737): Illuminate\\Routing\\Router->dispatchToRoute()
#33 /var/www/html/school.fsv.io/vendor/laravel/framework/src/Illuminate/Foundation/Http/Kernel.php(200): Illuminate\\Routing\\Router->dispatch()
#34 /var/www/html/school.fsv.io/vendor/laravel/framework/src/Illuminate/Pipeline/Pipeline.php(144): Illuminate\\Foundation\\Http\\Kernel->Illuminate\\Foundation\\Http\\{closure}()
#35 /var/www/html/school.fsv.io/vendor/laravel/framework/src/Illuminate/Foundation/Http/Middleware/TransformsRequest.php(21): Illuminate\\Pipeline\\Pipeline->Illuminate\\Pipeline\\{closure}()
#36 /var/www/html/school.fsv.io/vendor/laravel/framework/src/Illuminate/Foundation/Http/Middleware/ConvertEmptyStringsToNull.php(31): Illuminate\\Foundation\\Http\\Middleware\\TransformsRequest->handle()
#37 /var/www/html/school.fsv.io/vendor/laravel/framework/src/Illuminate/Pipeline/Pipeline.php(183): Illuminate\\Foundation\\Http\\Middleware\\ConvertEmptyStringsToNull->handle()
#38 /var/www/html/school.fsv.io/vendor/laravel/framework/src/Illuminate/Foundation/Http/Middleware/TransformsRequest.php(21): Illuminate\\Pipeline\\Pipeline->Illuminate\\Pipeline\\{closure}()
#39 /var/www/html/school.fsv.io/vendor/laravel/framework/src/Illuminate/Foundation/Http/Middleware/TrimStrings.php(40): Illuminate\\Foundation\\Http\\Middleware\\TransformsRequest->handle()
#40 /var/www/html/school.fsv.io/vendor/laravel/framework/src/Illuminate/Pipeline/Pipeline.php(183): Illuminate\\Foundation\\Http\\Middleware\\TrimStrings->handle()
#41 /var/www/html/school.fsv.io/vendor/laravel/framework/src/Illuminate/Foundation/Http/Middleware/ValidatePostSize.php(27): Illuminate\\Pipeline\\Pipeline->Illuminate\\Pipeline\\{closure}()
#42 /var/www/html/school.fsv.io/vendor/laravel/framework/src/Illuminate/Pipeline/Pipeline.php(183): Illuminate\\Foundation\\Http\\Middleware\\ValidatePostSize->handle()
#43 /var/www/html/school.fsv.io/vendor/laravel/framework/src/Illuminate/Foundation/Http/Middleware/PreventRequestsDuringMaintenance.php(99): Illuminate\\Pipeline\\Pipeline->Illuminate\\Pipeline\\{closure}()
#44 /var/www/html/school.fsv.io/vendor/laravel/framework/src/Illuminate/Pipeline/Pipeline.php(183): Illuminate\\Foundation\\Http\\Middleware\\PreventRequestsDuringMaintenance->handle()
#45 /var/www/html/school.fsv.io/vendor/laravel/framework/src/Illuminate/Http/Middleware/HandleCors.php(49): Illuminate\\Pipeline\\Pipeline->Illuminate\\Pipeline\\{closure}()
#46 /var/www/html/school.fsv.io/vendor/laravel/framework/src/Illuminate/Pipeline/Pipeline.php(183): Illuminate\\Http\\Middleware\\HandleCors->handle()
#47 /var/www/html/school.fsv.io/vendor/laravel/framework/src/Illuminate/Http/Middleware/TrustProxies.php(39): Illuminate\\Pipeline\\Pipeline->Illuminate\\Pipeline\\{closure}()
#48 /var/www/html/school.fsv.io/vendor/laravel/framework/src/Illuminate/Pipeline/Pipeline.php(183): Illuminate\\Http\\Middleware\\TrustProxies->handle()
#49 /var/www/html/school.fsv.io/vendor/laravel/framework/src/Illuminate/Pipeline/Pipeline.php(119): Illuminate\\Pipeline\\Pipeline->Illuminate\\Pipeline\\{closure}()
#50 /var/www/html/school.fsv.io/vendor/laravel/framework/src/Illuminate/Foundation/Http/Kernel.php(175): Illuminate\\Pipeline\\Pipeline->then()
#51 /var/www/html/school.fsv.io/vendor/laravel/framework/src/Illuminate/Foundation/Http/Kernel.php(144): Illuminate\\Foundation\\Http\\Kernel->sendRequestThroughRouter()
#52 /var/www/html/school.fsv.io/public/index.php(52): Illuminate\\Foundation\\Http\\Kernel->handle()
#53 {main}

[previous exception] [object] (ErrorException(code: 0): Attempt to read property \"name\" on null at /var/www/html/school.fsv.io/storage/framework/views/05643661880ddea8a7cb142e2eb47d77.php:7)
[stacktrace]
#0 /var/www/html/school.fsv.io/vendor/laravel/framework/src/Illuminate/Foundation/Bootstrap/HandleExceptions.php(255): Illuminate\\Foundation\\Bootstrap\\HandleExceptions->handleError()
#1 /var/www/html/school.fsv.io/storage/framework/views/05643661880ddea8a7cb142e2eb47d77.php(7): Illuminate\\Foundation\\Bootstrap\\HandleExceptions->Illuminate\\Foundation\\Bootstrap\\{closure}()
#2 /var/www/html/school.fsv.io/vendor/laravel/framework/src/Illuminate/Filesystem/Filesystem.php(123): require('...')
#3 /var/www/html/school.fsv.io/vendor/laravel/framework/src/Illuminate/Filesystem/Filesystem.php(124): Illuminate\\Filesystem\\Filesystem::Illuminate\\Filesystem\\{closure}()
#4 /var/www/html/school.fsv.io/vendor/laravel/framework/src/Illuminate/View/Engines/PhpEngine.php(58): Illuminate\\Filesystem\\Filesystem->getRequire()
#5 /var/www/html/school.fsv.io/vendor/laravel/framework/src/Illuminate/View/Engines/CompilerEngine.php(72): Illuminate\\View\\Engines\\PhpEngine->evaluatePath()
#6 /var/www/html/school.fsv.io/vendor/laravel/framework/src/Illuminate/View/View.php(207): Illuminate\\View\\Engines\\CompilerEngine->get()
#7 /var/www/html/school.fsv.io/vendor/laravel/framework/src/Illuminate/View/View.php(190): Illuminate\\View\\View->getContents()
#8 /var/www/html/school.fsv.io/vendor/laravel/framework/src/Illuminate/View/View.php(159): Illuminate\\View\\View->renderContents()
#9 /var/www/html/school.fsv.io/vendor/laravel/framework/src/Illuminate/Http/Response.php(69): Illuminate\\View\\View->render()
#10 /var/www/html/school.fsv.io/vendor/laravel/framework/src/Illuminate/Http/Response.php(35): Illuminate\\Http\\Response->setContent()
#11 /var/www/html/school.fsv.io/vendor/laravel/framework/src/Illuminate/Routing/Router.php(918): Illuminate\\Http\\Response->__construct()
#12 /var/www/html/school.fsv.io/vendor/laravel/framework/src/Illuminate/Routing/Router.php(885): Illuminate\\Routing\\Router::toResponse()
#13 /var/www/html/school.fsv.io/vendor/laravel/framework/src/Illuminate/Routing/Router.php(806): Illuminate\\Routing\\Router->prepareResponse()
#14 /var/www/html/school.fsv.io/vendor/laravel/framework/src/Illuminate/Pipeline/Pipeline.php(144): Illuminate\\Routing\\Router->Illuminate\\Routing\\{closure}()
#15 /var/www/html/school.fsv.io/vendor/laravel/framework/src/Illuminate/Routing/Middleware/SubstituteBindings.php(50): Illuminate\\Pipeline\\Pipeline->Illuminate\\Pipeline\\{closure}()
#16 /var/www/html/school.fsv.io/vendor/laravel/framework/src/Illuminate/Pipeline/Pipeline.php(183): Illuminate\\Routing\\Middleware\\SubstituteBindings->handle()
#17 /var/www/html/school.fsv.io/vendor/laravel/framework/src/Illuminate/Auth/Middleware/Authenticate.php(57): Illuminate\\Pipeline\\Pipeline->Illuminate\\Pipeline\\{closure}()
#18 /var/www/html/school.fsv.io/vendor/laravel/framework/src/Illuminate/Pipeline/Pipeline.php(183): Illuminate\\Auth\\Middleware\\Authenticate->handle()
#19 /var/www/html/school.fsv.io/vendor/laravel/framework/src/Illuminate/Foundation/Http/Middleware/VerifyCsrfToken.php(78): Illuminate\\Pipeline\\Pipeline->Illuminate\\Pipeline\\{closure}()
#20 /var/www/html/school.fsv.io/vendor/laravel/framework/src/Illuminate/Pipeline/Pipeline.php(183): Illuminate\\Foundation\\Http\\Middleware\\VerifyCsrfToken->handle()
#21 /var/www/html/school.fsv.io/vendor/laravel/framework/src/Illuminate/View/Middleware/ShareErrorsFromSession.php(49): Illuminate\\Pipeline\\Pipeline->Illuminate\\Pipeline\\{closure}()
#22 /var/www/html/school.fsv.io/vendor/laravel/framework/src/Illuminate/Pipeline/Pipeline.php(183): Illuminate\\View\\Middleware\\ShareErrorsFromSession->handle()
#23 /var/www/html/school.fsv.io/vendor/laravel/framework/src/Illuminate/Session/Middleware/StartSession.php(121): Illuminate\\Pipeline\\Pipeline->Illuminate\\Pipeline\\{closure}()
#24 /var/www/html/school.fsv.io/vendor/laravel/framework/src/Illuminate/Session/Middleware/StartSession.php(64): Illuminate\\Session\\Middleware\\StartSession->handleStatefulRequest()
#25 /var/www/html/school.fsv.io/vendor/laravel/framework/src/Illuminate/Pipeline/Pipeline.php(183): Illuminate\\Session\\Middleware\\StartSession->handle()
#26 /var/www/html/school.fsv.io/vendor/laravel/framework/src/Illuminate/Cookie/Middleware/AddQueuedCookiesToResponse.php(37): Illuminate\\Pipeline\\Pipeline->Illuminate\\Pipeline\\{closure}()
#27 /var/www/html/school.fsv.io/vendor/laravel/framework/src/Illuminate/Pipeline/Pipeline.php(183): Illuminate\\Cookie\\Middleware\\AddQueuedCookiesToResponse->handle()
#28 /var/www/html/school.fsv.io/vendor/laravel/framework/src/Illuminate/Cookie/Middleware/EncryptCookies.php(67): Illuminate\\Pipeline\\Pipeline->Illuminate\\Pipeline\\{closure}()
#29 /var/www/html/school.fsv.io/vendor/laravel/framework/src/Illuminate/Pipeline/Pipeline.php(183): Illuminate\\Cookie\\Middleware\\EncryptCookies->handle()
#30 /var/www/html/school.fsv.io/vendor/laravel/framework/src/Illuminate/Pipeline/Pipeline.php(119): Illuminate\\Pipeline\\Pipeline->Illuminate\\Pipeline\\{closure}()
#31 /var/www/html/school.fsv.io/vendor/laravel/framework/src/Illuminate/Routing/Router.php(807): Illuminate\\Pipeline\\Pipeline->then()
#32 /var/www/html/school.fsv.io/vendor/laravel/framework/src/Illuminate/Routing/Router.php(784): Illuminate\\Routing\\Router->runRouteWithinStack()
#33 /var/www/html/school.fsv.io/vendor/laravel/framework/src/Illuminate/Routing/Router.php(748): Illuminate\\Routing\\Router->runRoute()
#34 /var/www/html/school.fsv.io/vendor/laravel/framework/src/Illuminate/Routing/Router.php(737): Illuminate\\Routing\\Router->dispatchToRoute()
#35 /var/www/html/school.fsv.io/vendor/laravel/framework/src/Illuminate/Foundation/Http/Kernel.php(200): Illuminate\\Routing\\Router->dispatch()
#36 /var/www/html/school.fsv.io/vendor/laravel/framework/src/Illuminate/Pipeline/Pipeline.php(144): Illuminate\\Foundation\\Http\\Kernel->Illuminate\\Foundation\\Http\\{closure}()
#37 /var/www/html/school.fsv.io/vendor/laravel/framework/src/Illuminate/Foundation/Http/Middleware/TransformsRequest.php(21): Illuminate\\Pipeline\\Pipeline->Illuminate\\Pipeline\\{closure}()
#38 /var/www/html/school.fsv.io/vendor/laravel/framework/src/Illuminate/Foundation/Http/Middleware/ConvertEmptyStringsToNull.php(31): Illuminate\\Foundation\\Http\\Middleware\\TransformsRequest->handle()
#39 /var/www/html/school.fsv.io/vendor/laravel/framework/src/Illuminate/Pipeline/Pipeline.php(183): Illuminate\\Foundation\\Http\\Middleware\\ConvertEmptyStringsToNull->handle()
#40 /var/www/html/school.fsv.io/vendor/laravel/framework/src/Illuminate/Foundation/Http/Middleware/TransformsRequest.php(21): Illuminate\\Pipeline\\Pipeline->Illuminate\\Pipeline\\{closure}()
#41 /var/www/html/school.fsv.io/vendor/laravel/framework/src/Illuminate/Foundation/Http/Middleware/TrimStrings.php(40): Illuminate\\Foundation\\Http\\Middleware\\TransformsRequest->handle()
#42 /var/www/html/school.fsv.io/vendor/laravel/framework/src/Illuminate/Pipeline/Pipeline.php(183): Illuminate\\Foundation\\Http\\Middleware\\TrimStrings->handle()
#43 /var/www/html/school.fsv.io/vendor/laravel/framework/src/Illuminate/Foundation/Http/Middleware/ValidatePostSize.php(27): Illuminate\\Pipeline\\Pipeline->Illuminate\\Pipeline\\{closure}()
#44 /var/www/html/school.fsv.io/vendor/laravel/framework/src/Illuminate/Pipeline/Pipeline.php(183): Illuminate\\Foundation\\Http\\Middleware\\ValidatePostSize->handle()
#45 /var/www/html/school.fsv.io/vendor/laravel/framework/src/Illuminate/Foundation/Http/Middleware/PreventRequestsDuringMaintenance.php(99): Illuminate\\Pipeline\\Pipeline->Illuminate\\Pipeline\\{closure}()
#46 /var/www/html/school.fsv.io/vendor/laravel/framework/src/Illuminate/Pipeline/Pipeline.php(183): Illuminate\\Foundation\\Http\\Middleware\\PreventRequestsDuringMaintenance->handle()
#47 /var/www/html/school.fsv.io/vendor/laravel/framework/src/Illuminate/Http/Middleware/HandleCors.php(49): Illuminate\\Pipeline\\Pipeline->Illuminate\\Pipeline\\{closure}()
#48 /var/www/html/school.fsv.io/vendor/laravel/framework/src/Illuminate/Pipeline/Pipeline.php(183): Illuminate\\Http\\Middleware\\HandleCors->handle()
#49 /var/www/html/school.fsv.io/vendor/laravel/framework/src/Illuminate/Http/Middleware/TrustProxies.php(39): Illuminate\\Pipeline\\Pipeline->Illuminate\\Pipeline\\{closure}()
#50 /var/www/html/school.fsv.io/vendor/laravel/framework/src/Illuminate/Pipeline/Pipeline.php(183): Illuminate\\Http\\Middleware\\TrustProxies->handle()
#51 /var/www/html/school.fsv.io/vendor/laravel/framework/src/Illuminate/Pipeline/Pipeline.php(119): Illuminate\\Pipeline\\Pipeline->Illuminate\\Pipeline\\{closure}()
#52 /var/www/html/school.fsv.io/vendor/laravel/framework/src/Illuminate/Foundation/Http/Kernel.php(175): Illuminate\\Pipeline\\Pipeline->then()
#53 /var/www/html/school.fsv.io/vendor/laravel/framework/src/Illuminate/Foundation/Http/Kernel.php(144): Illuminate\\Foundation\\Http\\Kernel->sendRequestThroughRouter()
#54 /var/www/html/school.fsv.io/public/index.php(52): Illuminate\\Foundation\\Http\\Kernel->handle()
#55 {main}
"} 
[2025-02-22 19:18:58] local.INFO: select * from `users` where `id` = ? limit 1 [2] 
[2025-02-22 19:18:58] local.INFO: Emergency Chat: Fetching messages  
[2025-02-22 19:18:58] local.INFO: select * from `chat_messages` order by `created_at` asc  
[2025-02-22 19:18:58] local.INFO: select * from `users` where `users`.`id` in (1, 2)  
[2025-02-22 19:18:59] local.INFO: select * from `users` where `id` = ? limit 1 [2] 
[2025-02-22 19:18:59] local.INFO: select * from `rooms`  
[2025-02-22 19:18:59] local.INFO: select * from `users`  
[2025-02-22 19:19:04] local.INFO: select * from `users` where `id` = ? limit 1 [2] 
[2025-02-22 19:19:04] local.INFO: select * from `rooms` where `rooms`.`id` = ? limit 1 ["1"] 
[2025-02-22 19:19:04] local.INFO: select * from `users` where `home_room` is not null and `home_room` = ? ["101"] 
[2025-02-22 19:19:06] local.INFO: select * from `users` where `id` = ? limit 1 [2] 
[2025-02-22 19:19:06] local.INFO: select * from `rooms` where `rooms`.`id` = ? limit 1 ["1"] 
[2025-02-22 19:19:11] local.INFO: select * from `users` where `id` = ? limit 1 [2] 
[2025-02-22 19:19:11] local.INFO: Update request data:  {"_token":"9hezbdKEBipVmBgtVBwRMcnfzfRscZHSJNBZcfS2","_method":"PUT","status":"sheltered in place","current_occupancy":"5"} 
[2025-02-22 19:19:11] local.INFO: select * from `rooms` where `rooms`.`id` = ? limit 1 ["1"] 
[2025-02-22 19:19:11] local.INFO: Room before update:  {"id":1,"room_full_name":"Classroom_101","room_number":"101","max_capacity":30,"occpd_normal":1,"last_occ_update":null,"evac_zone":"1","room_status":"","room_type":"Classroom","comment":null,"created_at":"2024-10-19T21:08:22.000000Z","updated_at":"2024-10-19T21:08:22.000000Z","current_occupancy":0} 
[2025-02-22 19:19:11] local.ERROR: SQLSTATE[42S22]: Column not found: 1054 Unknown column 'status' in 'field list' (Connection: mysql, SQL: update `rooms` set `current_occupancy` = 5, `status` = sheltered in place, `rooms`.`updated_at` = 2025-02-22 19:19:11 where `id` = 1) {"userId":2,"exception":"[object] (Illuminate\\Database\\QueryException(code: 42S22): SQLSTATE[42S22]: Column not found: 1054 Unknown column 'status' in 'field list' (Connection: mysql, SQL: update `rooms` set `current_occupancy` = 5, `status` = sheltered in place, `rooms`.`updated_at` = 2025-02-22 19:19:11 where `id` = 1) at /var/www/html/school.fsv.io/vendor/laravel/framework/src/Illuminate/Database/Connection.php:829)
[stacktrace]
#0 /var/www/html/school.fsv.io/vendor/laravel/framework/src/Illuminate/Database/Connection.php(783): Illuminate\\Database\\Connection->runQueryCallback()
#1 /var/www/html/school.fsv.io/vendor/laravel/framework/src/Illuminate/Database/Connection.php(619): Illuminate\\Database\\Connection->run()
#2 /var/www/html/school.fsv.io/vendor/laravel/framework/src/Illuminate/Database/Connection.php(552): Illuminate\\Database\\Connection->affectingStatement()
#3 /var/www/html/school.fsv.io/vendor/laravel/framework/src/Illuminate/Database/Query/Builder.php(3603): Illuminate\\Database\\Connection->update()
#4 /var/www/html/school.fsv.io/vendor/laravel/framework/src/Illuminate/Database/Eloquent/Builder.php(1061): Illuminate\\Database\\Query\\Builder->update()
#5 /var/www/html/school.fsv.io/vendor/laravel/framework/src/Illuminate/Database/Eloquent/Model.php(1214): Illuminate\\Database\\Eloquent\\Builder->update()
#6 /var/www/html/school.fsv.io/vendor/laravel/framework/src/Illuminate/Database/Eloquent/Model.php(1131): Illuminate\\Database\\Eloquent\\Model->performUpdate()
#7 /var/www/html/school.fsv.io/app/Http/Controllers/RoomController.php(74): Illuminate\\Database\\Eloquent\\Model->save()
#8 /var/www/html/school.fsv.io/vendor/laravel/framework/src/Illuminate/Routing/Controller.php(54): App\\Http\\Controllers\\RoomController->update()
#9 /var/www/html/school.fsv.io/vendor/laravel/framework/src/Illuminate/Routing/ControllerDispatcher.php(43): Illuminate\\Routing\\Controller->callAction()
#10 /var/www/html/school.fsv.io/vendor/laravel/framework/src/Illuminate/Routing/Route.php(260): Illuminate\\Routing\\ControllerDispatcher->dispatch()
#11 /var/www/html/school.fsv.io/vendor/laravel/framework/src/Illuminate/Routing/Route.php(205): Illuminate\\Routing\\Route->runController()
#12 /var/www/html/school.fsv.io/vendor/laravel/framework/src/Illuminate/Routing/Router.php(806): Illuminate\\Routing\\Route->run()
#13 /var/www/html/school.fsv.io/vendor/laravel/framework/src/Illuminate/Pipeline/Pipeline.php(144): Illuminate\\Routing\\Router->Illuminate\\Routing\\{closure}()
#14 /var/www/html/school.fsv.io/vendor/laravel/framework/src/Illuminate/Routing/Middleware/SubstituteBindings.php(50): Illuminate\\Pipeline\\Pipeline->Illuminate\\Pipeline\\{closure}()
#15 /var/www/html/school.fsv.io/vendor/laravel/framework/src/Illuminate/Pipeline/Pipeline.php(183): Illuminate\\Routing\\Middleware\\SubstituteBindings->handle()
#16 /var/www/html/school.fsv.io/vendor/laravel/framework/src/Illuminate/Auth/Middleware/Authenticate.php(57): Illuminate\\Pipeline\\Pipeline->Illuminate\\Pipeline\\{closure}()
#17 /var/www/html/school.fsv.io/vendor/laravel/framework/src/Illuminate/Pipeline/Pipeline.php(183): Illuminate\\Auth\\Middleware\\Authenticate->handle()
#18 /var/www/html/school.fsv.io/vendor/laravel/framework/src/Illuminate/Foundation/Http/Middleware/VerifyCsrfToken.php(78): Illuminate\\Pipeline\\Pipeline->Illuminate\\Pipeline\\{closure}()
#19 /var/www/html/school.fsv.io/vendor/laravel/framework/src/Illuminate/Pipeline/Pipeline.php(183): Illuminate\\Foundation\\Http\\Middleware\\VerifyCsrfToken->handle()
#20 /var/www/html/school.fsv.io/vendor/laravel/framework/src/Illuminate/View/Middleware/ShareErrorsFromSession.php(49): Illuminate\\Pipeline\\Pipeline->Illuminate\\Pipeline\\{closure}()
#21 /var/www/html/school.fsv.io/vendor/laravel/framework/src/Illuminate/Pipeline/Pipeline.php(183): Illuminate\\View\\Middleware\\ShareErrorsFromSession->handle()
#22 /var/www/html/school.fsv.io/vendor/laravel/framework/src/Illuminate/Session/Middleware/StartSession.php(121): Illuminate\\Pipeline\\Pipeline->Illuminate\\Pipeline\\{closure}()
#23 /var/www/html/school.fsv.io/vendor/laravel/framework/src/Illuminate/Session/Middleware/StartSession.php(64): Illuminate\\Session\\Middleware\\StartSession->handleStatefulRequest()
#24 /var/www/html/school.fsv.io/vendor/laravel/framework/src/Illuminate/Pipeline/Pipeline.php(183): Illuminate\\Session\\Middleware\\StartSession->handle()
#25 /var/www/html/school.fsv.io/vendor/laravel/framework/src/Illuminate/Cookie/Middleware/AddQueuedCookiesToResponse.php(37): Illuminate\\Pipeline\\Pipeline->Illuminate\\Pipeline\\{closure}()
#26 /var/www/html/school.fsv.io/vendor/laravel/framework/src/Illuminate/Pipeline/Pipeline.php(183): Illuminate\\Cookie\\Middleware\\AddQueuedCookiesToResponse->handle()
#27 /var/www/html/school.fsv.io/vendor/laravel/framework/src/Illuminate/Cookie/Middleware/EncryptCookies.php(67): Illuminate\\Pipeline\\Pipeline->Illuminate\\Pipeline\\{closure}()
#28 /var/www/html/school.fsv.io/vendor/laravel/framework/src/Illuminate/Pipeline/Pipeline.php(183): Illuminate\\Cookie\\Middleware\\EncryptCookies->handle()
#29 /var/www/html/school.fsv.io/vendor/laravel/framework/src/Illuminate/Pipeline/Pipeline.php(119): Illuminate\\Pipeline\\Pipeline->Illuminate\\Pipeline\\{closure}()
#30 /var/www/html/school.fsv.io/vendor/laravel/framework/src/Illuminate/Routing/Router.php(807): Illuminate\\Pipeline\\Pipeline->then()
#31 /var/www/html/school.fsv.io/vendor/laravel/framework/src/Illuminate/Routing/Router.php(784): Illuminate\\Routing\\Router->runRouteWithinStack()
#32 /var/www/html/school.fsv.io/vendor/laravel/framework/src/Illuminate/Routing/Router.php(748): Illuminate\\Routing\\Router->runRoute()
#33 /var/www/html/school.fsv.io/vendor/laravel/framework/src/Illuminate/Routing/Router.php(737): Illuminate\\Routing\\Router->dispatchToRoute()
#34 /var/www/html/school.fsv.io/vendor/laravel/framework/src/Illuminate/Foundation/Http/Kernel.php(200): Illuminate\\Routing\\Router->dispatch()
#35 /var/www/html/school.fsv.io/vendor/laravel/framework/src/Illuminate/Pipeline/Pipeline.php(144): Illuminate\\Foundation\\Http\\Kernel->Illuminate\\Foundation\\Http\\{closure}()
#36 /var/www/html/school.fsv.io/vendor/laravel/framework/src/Illuminate/Foundation/Http/Middleware/TransformsRequest.php(21): Illuminate\\Pipeline\\Pipeline->Illuminate\\Pipeline\\{closure}()
#37 /var/www/html/school.fsv.io/vendor/laravel/framework/src/Illuminate/Foundation/Http/Middleware/ConvertEmptyStringsToNull.php(31): Illuminate\\Foundation\\Http\\Middleware\\TransformsRequest->handle()
#38 /var/www/html/school.fsv.io/vendor/laravel/framework/src/Illuminate/Pipeline/Pipeline.php(183): Illuminate\\Foundation\\Http\\Middleware\\ConvertEmptyStringsToNull->handle()
#39 /var/www/html/school.fsv.io/vendor/laravel/framework/src/Illuminate/Foundation/Http/Middleware/TransformsRequest.php(21): Illuminate\\Pipeline\\Pipeline->Illuminate\\Pipeline\\{closure}()
#40 /var/www/html/school.fsv.io/vendor/laravel/framework/src/Illuminate/Foundation/Http/Middleware/TrimStrings.php(40): Illuminate\\Foundation\\Http\\Middleware\\TransformsRequest->handle()
#41 /var/www/html/school.fsv.io/vendor/laravel/framework/src/Illuminate/Pipeline/Pipeline.php(183): Illuminate\\Foundation\\Http\\Middleware\\TrimStrings->handle()
#42 /var/www/html/school.fsv.io/vendor/laravel/framework/src/Illuminate/Foundation/Http/Middleware/ValidatePostSize.php(27): Illuminate\\Pipeline\\Pipeline->Illuminate\\Pipeline\\{closure}()
#43 /var/www/html/school.fsv.io/vendor/laravel/framework/src/Illuminate/Pipeline/Pipeline.php(183): Illuminate\\Foundation\\Http\\Middleware\\ValidatePostSize->handle()
#44 /var/www/html/school.fsv.io/vendor/laravel/framework/src/Illuminate/Foundation/Http/Middleware/PreventRequestsDuringMaintenance.php(99): Illuminate\\Pipeline\\Pipeline->Illuminate\\Pipeline\\{closure}()
#45 /var/www/html/school.fsv.io/vendor/laravel/framework/src/Illuminate/Pipeline/Pipeline.php(183): Illuminate\\Foundation\\Http\\Middleware\\PreventRequestsDuringMaintenance->handle()
#46 /var/www/html/school.fsv.io/vendor/laravel/framework/src/Illuminate/Http/Middleware/HandleCors.php(49): Illuminate\\Pipeline\\Pipeline->Illuminate\\Pipeline\\{closure}()
#47 /var/www/html/school.fsv.io/vendor/laravel/framework/src/Illuminate/Pipeline/Pipeline.php(183): Illuminate\\Http\\Middleware\\HandleCors->handle()
#48 /var/www/html/school.fsv.io/vendor/laravel/framework/src/Illuminate/Http/Middleware/TrustProxies.php(39): Illuminate\\Pipeline\\Pipeline->Illuminate\\Pipeline\\{closure}()
#49 /var/www/html/school.fsv.io/vendor/laravel/framework/src/Illuminate/Pipeline/Pipeline.php(183): Illuminate\\Http\\Middleware\\TrustProxies->handle()
#50 /var/www/html/school.fsv.io/vendor/laravel/framework/src/Illuminate/Pipeline/Pipeline.php(119): Illuminate\\Pipeline\\Pipeline->Illuminate\\Pipeline\\{closure}()
#51 /var/www/html/school.fsv.io/vendor/laravel/framework/src/Illuminate/Foundation/Http/Kernel.php(175): Illuminate\\Pipeline\\Pipeline->then()
#52 /var/www/html/school.fsv.io/vendor/laravel/framework/src/Illuminate/Foundation/Http/Kernel.php(144): Illuminate\\Foundation\\Http\\Kernel->sendRequestThroughRouter()
#53 /var/www/html/school.fsv.io/public/index.php(52): Illuminate\\Foundation\\Http\\Kernel->handle()
#54 {main}

[previous exception] [object] (PDOException(code: 42S22): SQLSTATE[42S22]: Column not found: 1054 Unknown column 'status' in 'field list' at /var/www/html/school.fsv.io/vendor/laravel/framework/src/Illuminate/Database/Connection.php:608)
[stacktrace]
#0 /var/www/html/school.fsv.io/vendor/laravel/framework/src/Illuminate/Database/Connection.php(608): PDO->prepare()
#1 /var/www/html/school.fsv.io/vendor/laravel/framework/src/Illuminate/Database/Connection.php(816): Illuminate\\Database\\Connection->Illuminate\\Database\\{closure}()
#2 /var/www/html/school.fsv.io/vendor/laravel/framework/src/Illuminate/Database/Connection.php(783): Illuminate\\Database\\Connection->runQueryCallback()
#3 /var/www/html/school.fsv.io/vendor/laravel/framework/src/Illuminate/Database/Connection.php(619): Illuminate\\Database\\Connection->run()
#4 /var/www/html/school.fsv.io/vendor/laravel/framework/src/Illuminate/Database/Connection.php(552): Illuminate\\Database\\Connection->affectingStatement()
#5 /var/www/html/school.fsv.io/vendor/laravel/framework/src/Illuminate/Database/Query/Builder.php(3603): Illuminate\\Database\\Connection->update()
#6 /var/www/html/school.fsv.io/vendor/laravel/framework/src/Illuminate/Database/Eloquent/Builder.php(1061): Illuminate\\Database\\Query\\Builder->update()
#7 /var/www/html/school.fsv.io/vendor/laravel/framework/src/Illuminate/Database/Eloquent/Model.php(1214): Illuminate\\Database\\Eloquent\\Builder->update()
#8 /var/www/html/school.fsv.io/vendor/laravel/framework/src/Illuminate/Database/Eloquent/Model.php(1131): Illuminate\\Database\\Eloquent\\Model->performUpdate()
#9 /var/www/html/school.fsv.io/app/Http/Controllers/RoomController.php(74): Illuminate\\Database\\Eloquent\\Model->save()
#10 /var/www/html/school.fsv.io/vendor/laravel/framework/src/Illuminate/Routing/Controller.php(54): App\\Http\\Controllers\\RoomController->update()
#11 /var/www/html/school.fsv.io/vendor/laravel/framework/src/Illuminate/Routing/ControllerDispatcher.php(43): Illuminate\\Routing\\Controller->callAction()
#12 /var/www/html/school.fsv.io/vendor/laravel/framework/src/Illuminate/Routing/Route.php(260): Illuminate\\Routing\\ControllerDispatcher->dispatch()
#13 /var/www/html/school.fsv.io/vendor/laravel/framework/src/Illuminate/Routing/Route.php(205): Illuminate\\Routing\\Route->runController()
#14 /var/www/html/school.fsv.io/vendor/laravel/framework/src/Illuminate/Routing/Router.php(806): Illuminate\\Routing\\Route->run()
#15 /var/www/html/school.fsv.io/vendor/laravel/framework/src/Illuminate/Pipeline/Pipeline.php(144): Illuminate\\Routing\\Router->Illuminate\\Routing\\{closure}()
#16 /var/www/html/school.fsv.io/vendor/laravel/framework/src/Illuminate/Routing/Middleware/SubstituteBindings.php(50): Illuminate\\Pipeline\\Pipeline->Illuminate\\Pipeline\\{closure}()
#17 /var/www/html/school.fsv.io/vendor/laravel/framework/src/Illuminate/Pipeline/Pipeline.php(183): Illuminate\\Routing\\Middleware\\SubstituteBindings->handle()
#18 /var/www/html/school.fsv.io/vendor/laravel/framework/src/Illuminate/Auth/Middleware/Authenticate.php(57): Illuminate\\Pipeline\\Pipeline->Illuminate\\Pipeline\\{closure}()
#19 /var/www/html/school.fsv.io/vendor/laravel/framework/src/Illuminate/Pipeline/Pipeline.php(183): Illuminate\\Auth\\Middleware\\Authenticate->handle()
#20 /var/www/html/school.fsv.io/vendor/laravel/framework/src/Illuminate/Foundation/Http/Middleware/VerifyCsrfToken.php(78): Illuminate\\Pipeline\\Pipeline->Illuminate\\Pipeline\\{closure}()
#21 /var/www/html/school.fsv.io/vendor/laravel/framework/src/Illuminate/Pipeline/Pipeline.php(183): Illuminate\\Foundation\\Http\\Middleware\\VerifyCsrfToken->handle()
#22 /var/www/html/school.fsv.io/vendor/laravel/framework/src/Illuminate/View/Middleware/ShareErrorsFromSession.php(49): Illuminate\\Pipeline\\Pipeline->Illuminate\\Pipeline\\{closure}()
#23 /var/www/html/school.fsv.io/vendor/laravel/framework/src/Illuminate/Pipeline/Pipeline.php(183): Illuminate\\View\\Middleware\\ShareErrorsFromSession->handle()
#24 /var/www/html/school.fsv.io/vendor/laravel/framework/src/Illuminate/Session/Middleware/StartSession.php(121): Illuminate\\Pipeline\\Pipeline->Illuminate\\Pipeline\\{closure}()
#25 /var/www/html/school.fsv.io/vendor/laravel/framework/src/Illuminate/Session/Middleware/StartSession.php(64): Illuminate\\Session\\Middleware\\StartSession->handleStatefulRequest()
#26 /var/www/html/school.fsv.io/vendor/laravel/framework/src/Illuminate/Pipeline/Pipeline.php(183): Illuminate\\Session\\Middleware\\StartSession->handle()
#27 /var/www/html/school.fsv.io/vendor/laravel/framework/src/Illuminate/Cookie/Middleware/AddQueuedCookiesToResponse.php(37): Illuminate\\Pipeline\\Pipeline->Illuminate\\Pipeline\\{closure}()
#28 /var/www/html/school.fsv.io/vendor/laravel/framework/src/Illuminate/Pipeline/Pipeline.php(183): Illuminate\\Cookie\\Middleware\\AddQueuedCookiesToResponse->handle()
#29 /var/www/html/school.fsv.io/vendor/laravel/framework/src/Illuminate/Cookie/Middleware/EncryptCookies.php(67): Illuminate\\Pipeline\\Pipeline->Illuminate\\Pipeline\\{closure}()
#30 /var/www/html/school.fsv.io/vendor/laravel/framework/src/Illuminate/Pipeline/Pipeline.php(183): Illuminate\\Cookie\\Middleware\\EncryptCookies->handle()
#31 /var/www/html/school.fsv.io/vendor/laravel/framework/src/Illuminate/Pipeline/Pipeline.php(119): Illuminate\\Pipeline\\Pipeline->Illuminate\\Pipeline\\{closure}()
#32 /var/www/html/school.fsv.io/vendor/laravel/framework/src/Illuminate/Routing/Router.php(807): Illuminate\\Pipeline\\Pipeline->then()
#33 /var/www/html/school.fsv.io/vendor/laravel/framework/src/Illuminate/Routing/Router.php(784): Illuminate\\Routing\\Router->runRouteWithinStack()
#34 /var/www/html/school.fsv.io/vendor/laravel/framework/src/Illuminate/Routing/Router.php(748): Illuminate\\Routing\\Router->runRoute()
#35 /var/www/html/school.fsv.io/vendor/laravel/framework/src/Illuminate/Routing/Router.php(737): Illuminate\\Routing\\Router->dispatchToRoute()
#36 /var/www/html/school.fsv.io/vendor/laravel/framework/src/Illuminate/Foundation/Http/Kernel.php(200): Illuminate\\Routing\\Router->dispatch()
#37 /var/www/html/school.fsv.io/vendor/laravel/framework/src/Illuminate/Pipeline/Pipeline.php(144): Illuminate\\Foundation\\Http\\Kernel->Illuminate\\Foundation\\Http\\{closure}()
#38 /var/www/html/school.fsv.io/vendor/laravel/framework/src/Illuminate/Foundation/Http/Middleware/TransformsRequest.php(21): Illuminate\\Pipeline\\Pipeline->Illuminate\\Pipeline\\{closure}()
#39 /var/www/html/school.fsv.io/vendor/laravel/framework/src/Illuminate/Foundation/Http/Middleware/ConvertEmptyStringsToNull.php(31): Illuminate\\Foundation\\Http\\Middleware\\TransformsRequest->handle()
#40 /var/www/html/school.fsv.io/vendor/laravel/framework/src/Illuminate/Pipeline/Pipeline.php(183): Illuminate\\Foundation\\Http\\Middleware\\ConvertEmptyStringsToNull->handle()
#41 /var/www/html/school.fsv.io/vendor/laravel/framework/src/Illuminate/Foundation/Http/Middleware/TransformsRequest.php(21): Illuminate\\Pipeline\\Pipeline->Illuminate\\Pipeline\\{closure}()
#42 /var/www/html/school.fsv.io/vendor/laravel/framework/src/Illuminate/Foundation/Http/Middleware/TrimStrings.php(40): Illuminate\\Foundation\\Http\\Middleware\\TransformsRequest->handle()
#43 /var/www/html/school.fsv.io/vendor/laravel/framework/src/Illuminate/Pipeline/Pipeline.php(183): Illuminate\\Foundation\\Http\\Middleware\\TrimStrings->handle()
#44 /var/www/html/school.fsv.io/vendor/laravel/framework/src/Illuminate/Foundation/Http/Middleware/ValidatePostSize.php(27): Illuminate\\Pipeline\\Pipeline->Illuminate\\Pipeline\\{closure}()
#45 /var/www/html/school.fsv.io/vendor/laravel/framework/src/Illuminate/Pipeline/Pipeline.php(183): Illuminate\\Foundation\\Http\\Middleware\\ValidatePostSize->handle()
#46 /var/www/html/school.fsv.io/vendor/laravel/framework/src/Illuminate/Foundation/Http/Middleware/PreventRequestsDuringMaintenance.php(99): Illuminate\\Pipeline\\Pipeline->Illuminate\\Pipeline\\{closure}()
#47 /var/www/html/school.fsv.io/vendor/laravel/framework/src/Illuminate/Pipeline/Pipeline.php(183): Illuminate\\Foundation\\Http\\Middleware\\PreventRequestsDuringMaintenance->handle()
#48 /var/www/html/school.fsv.io/vendor/laravel/framework/src/Illuminate/Http/Middleware/HandleCors.php(49): Illuminate\\Pipeline\\Pipeline->Illuminate\\Pipeline\\{closure}()
#49 /var/www/html/school.fsv.io/vendor/laravel/framework/src/Illuminate/Pipeline/Pipeline.php(183): Illuminate\\Http\\Middleware\\HandleCors->handle()
#50 /var/www/html/school.fsv.io/vendor/laravel/framework/src/Illuminate/Http/Middleware/TrustProxies.php(39): Illuminate\\Pipeline\\Pipeline->Illuminate\\Pipeline\\{closure}()
#51 /var/www/html/school.fsv.io/vendor/laravel/framework/src/Illuminate/Pipeline/Pipeline.php(183): Illuminate\\Http\\Middleware\\TrustProxies->handle()
#52 /var/www/html/school.fsv.io/vendor/laravel/framework/src/Illuminate/Pipeline/Pipeline.php(119): Illuminate\\Pipeline\\Pipeline->Illuminate\\Pipeline\\{closure}()
#53 /var/www/html/school.fsv.io/vendor/laravel/framework/src/Illuminate/Foundation/Http/Kernel.php(175): Illuminate\\Pipeline\\Pipeline->then()
#54 /var/www/html/school.fsv.io/vendor/laravel/framework/src/Illuminate/Foundation/Http/Kernel.php(144): Illuminate\\Foundation\\Http\\Kernel->sendRequestThroughRouter()
#55 /var/www/html/school.fsv.io/public/index.php(52): Illuminate\\Foundation\\Http\\Kernel->handle()
#56 {main}
"} 
[2025-02-22 19:19:25] local.INFO: select * from `users` where `id` = ? limit 1 [2] 
[2025-02-22 19:19:25] local.INFO: select * from `rooms`  
[2025-02-22 19:19:25] local.INFO: select * from `users`  
[2025-02-22 19:19:34] local.INFO: select * from `users` where `id` = ? limit 1 [2] 
[2025-02-22 19:19:34] local.INFO: select * from `rooms` where `rooms`.`id` = ? limit 1 ["1"] 
[2025-02-22 19:19:34] local.INFO: select * from `users` where `home_room` is not null and `home_room` = ? ["101"] 
[2025-02-22 19:19:37] local.INFO: select * from `users` where `id` = ? limit 1 [2] 
[2025-02-22 19:19:37] local.INFO: select * from `rooms` where `rooms`.`id` = ? limit 1 ["1"] 
[2025-02-22 19:19:45] local.INFO: select * from `users` where `id` = ? limit 1 [2] 
[2025-02-22 19:19:45] local.INFO: Update request data:  {"_token":"9hezbdKEBipVmBgtVBwRMcnfzfRscZHSJNBZcfS2","_method":"PUT","status":"sheltered in place","current_occupancy":"7"} 
[2025-02-22 19:19:45] local.INFO: select * from `rooms` where `rooms`.`id` = ? limit 1 ["1"] 
[2025-02-22 19:19:45] local.INFO: Room before update:  {"id":1,"room_full_name":"Classroom_101","room_number":"101","max_capacity":30,"occpd_normal":1,"last_occ_update":null,"evac_zone":"1","room_status":"","room_type":"Classroom","comment":null,"created_at":"2024-10-19T21:08:22.000000Z","updated_at":"2024-10-19T21:08:22.000000Z","current_occupancy":0} 
[2025-02-22 19:19:45] local.ERROR: SQLSTATE[42S22]: Column not found: 1054 Unknown column 'status' in 'field list' (Connection: mysql, SQL: update `rooms` set `current_occupancy` = 7, `status` = sheltered in place, `rooms`.`updated_at` = 2025-02-22 19:19:45 where `id` = 1) {"userId":2,"exception":"[object] (Illuminate\\Database\\QueryException(code: 42S22): SQLSTATE[42S22]: Column not found: 1054 Unknown column 'status' in 'field list' (Connection: mysql, SQL: update `rooms` set `current_occupancy` = 7, `status` = sheltered in place, `rooms`.`updated_at` = 2025-02-22 19:19:45 where `id` = 1) at /var/www/html/school.fsv.io/vendor/laravel/framework/src/Illuminate/Database/Connection.php:829)
[stacktrace]
#0 /var/www/html/school.fsv.io/vendor/laravel/framework/src/Illuminate/Database/Connection.php(783): Illuminate\\Database\\Connection->runQueryCallback()
#1 /var/www/html/school.fsv.io/vendor/laravel/framework/src/Illuminate/Database/Connection.php(619): Illuminate\\Database\\Connection->run()
#2 /var/www/html/school.fsv.io/vendor/laravel/framework/src/Illuminate/Database/Connection.php(552): Illuminate\\Database\\Connection->affectingStatement()
#3 /var/www/html/school.fsv.io/vendor/laravel/framework/src/Illuminate/Database/Query/Builder.php(3603): Illuminate\\Database\\Connection->update()
#4 /var/www/html/school.fsv.io/vendor/laravel/framework/src/Illuminate/Database/Eloquent/Builder.php(1061): Illuminate\\Database\\Query\\Builder->update()
#5 /var/www/html/school.fsv.io/vendor/laravel/framework/src/Illuminate/Database/Eloquent/Model.php(1214): Illuminate\\Database\\Eloquent\\Builder->update()
#6 /var/www/html/school.fsv.io/vendor/laravel/framework/src/Illuminate/Database/Eloquent/Model.php(1131): Illuminate\\Database\\Eloquent\\Model->performUpdate()
#7 /var/www/html/school.fsv.io/app/Http/Controllers/RoomController.php(74): Illuminate\\Database\\Eloquent\\Model->save()
#8 /var/www/html/school.fsv.io/vendor/laravel/framework/src/Illuminate/Routing/Controller.php(54): App\\Http\\Controllers\\RoomController->update()
#9 /var/www/html/school.fsv.io/vendor/laravel/framework/src/Illuminate/Routing/ControllerDispatcher.php(43): Illuminate\\Routing\\Controller->callAction()
#10 /var/www/html/school.fsv.io/vendor/laravel/framework/src/Illuminate/Routing/Route.php(260): Illuminate\\Routing\\ControllerDispatcher->dispatch()
#11 /var/www/html/school.fsv.io/vendor/laravel/framework/src/Illuminate/Routing/Route.php(205): Illuminate\\Routing\\Route->runController()
#12 /var/www/html/school.fsv.io/vendor/laravel/framework/src/Illuminate/Routing/Router.php(806): Illuminate\\Routing\\Route->run()
#13 /var/www/html/school.fsv.io/vendor/laravel/framework/src/Illuminate/Pipeline/Pipeline.php(144): Illuminate\\Routing\\Router->Illuminate\\Routing\\{closure}()
#14 /var/www/html/school.fsv.io/vendor/laravel/framework/src/Illuminate/Routing/Middleware/SubstituteBindings.php(50): Illuminate\\Pipeline\\Pipeline->Illuminate\\Pipeline\\{closure}()
#15 /var/www/html/school.fsv.io/vendor/laravel/framework/src/Illuminate/Pipeline/Pipeline.php(183): Illuminate\\Routing\\Middleware\\SubstituteBindings->handle()
#16 /var/www/html/school.fsv.io/vendor/laravel/framework/src/Illuminate/Auth/Middleware/Authenticate.php(57): Illuminate\\Pipeline\\Pipeline->Illuminate\\Pipeline\\{closure}()
#17 /var/www/html/school.fsv.io/vendor/laravel/framework/src/Illuminate/Pipeline/Pipeline.php(183): Illuminate\\Auth\\Middleware\\Authenticate->handle()
#18 /var/www/html/school.fsv.io/vendor/laravel/framework/src/Illuminate/Foundation/Http/Middleware/VerifyCsrfToken.php(78): Illuminate\\Pipeline\\Pipeline->Illuminate\\Pipeline\\{closure}()
#19 /var/www/html/school.fsv.io/vendor/laravel/framework/src/Illuminate/Pipeline/Pipeline.php(183): Illuminate\\Foundation\\Http\\Middleware\\VerifyCsrfToken->handle()
#20 /var/www/html/school.fsv.io/vendor/laravel/framework/src/Illuminate/View/Middleware/ShareErrorsFromSession.php(49): Illuminate\\Pipeline\\Pipeline->Illuminate\\Pipeline\\{closure}()
#21 /var/www/html/school.fsv.io/vendor/laravel/framework/src/Illuminate/Pipeline/Pipeline.php(183): Illuminate\\View\\Middleware\\ShareErrorsFromSession->handle()
#22 /var/www/html/school.fsv.io/vendor/laravel/framework/src/Illuminate/Session/Middleware/StartSession.php(121): Illuminate\\Pipeline\\Pipeline->Illuminate\\Pipeline\\{closure}()
#23 /var/www/html/school.fsv.io/vendor/laravel/framework/src/Illuminate/Session/Middleware/StartSession.php(64): Illuminate\\Session\\Middleware\\StartSession->handleStatefulRequest()
#24 /var/www/html/school.fsv.io/vendor/laravel/framework/src/Illuminate/Pipeline/Pipeline.php(183): Illuminate\\Session\\Middleware\\StartSession->handle()
#25 /var/www/html/school.fsv.io/vendor/laravel/framework/src/Illuminate/Cookie/Middleware/AddQueuedCookiesToResponse.php(37): Illuminate\\Pipeline\\Pipeline->Illuminate\\Pipeline\\{closure}()
#26 /var/www/html/school.fsv.io/vendor/laravel/framework/src/Illuminate/Pipeline/Pipeline.php(183): Illuminate\\Cookie\\Middleware\\AddQueuedCookiesToResponse->handle()
#27 /var/www/html/school.fsv.io/vendor/laravel/framework/src/Illuminate/Cookie/Middleware/EncryptCookies.php(67): Illuminate\\Pipeline\\Pipeline->Illuminate\\Pipeline\\{closure}()
#28 /var/www/html/school.fsv.io/vendor/laravel/framework/src/Illuminate/Pipeline/Pipeline.php(183): Illuminate\\Cookie\\Middleware\\EncryptCookies->handle()
#29 /var/www/html/school.fsv.io/vendor/laravel/framework/src/Illuminate/Pipeline/Pipeline.php(119): Illuminate\\Pipeline\\Pipeline->Illuminate\\Pipeline\\{closure}()
#30 /var/www/html/school.fsv.io/vendor/laravel/framework/src/Illuminate/Routing/Router.php(807): Illuminate\\Pipeline\\Pipeline->then()
#31 /var/www/html/school.fsv.io/vendor/laravel/framework/src/Illuminate/Routing/Router.php(784): Illuminate\\Routing\\Router->runRouteWithinStack()
#32 /var/www/html/school.fsv.io/vendor/laravel/framework/src/Illuminate/Routing/Router.php(748): Illuminate\\Routing\\Router->runRoute()
#33 /var/www/html/school.fsv.io/vendor/laravel/framework/src/Illuminate/Routing/Router.php(737): Illuminate\\Routing\\Router->dispatchToRoute()
#34 /var/www/html/school.fsv.io/vendor/laravel/framework/src/Illuminate/Foundation/Http/Kernel.php(200): Illuminate\\Routing\\Router->dispatch()
#35 /var/www/html/school.fsv.io/vendor/laravel/framework/src/Illuminate/Pipeline/Pipeline.php(144): Illuminate\\Foundation\\Http\\Kernel->Illuminate\\Foundation\\Http\\{closure}()
#36 /var/www/html/school.fsv.io/vendor/laravel/framework/src/Illuminate/Foundation/Http/Middleware/TransformsRequest.php(21): Illuminate\\Pipeline\\Pipeline->Illuminate\\Pipeline\\{closure}()
#37 /var/www/html/school.fsv.io/vendor/laravel/framework/src/Illuminate/Foundation/Http/Middleware/ConvertEmptyStringsToNull.php(31): Illuminate\\Foundation\\Http\\Middleware\\TransformsRequest->handle()
#38 /var/www/html/school.fsv.io/vendor/laravel/framework/src/Illuminate/Pipeline/Pipeline.php(183): Illuminate\\Foundation\\Http\\Middleware\\ConvertEmptyStringsToNull->handle()
#39 /var/www/html/school.fsv.io/vendor/laravel/framework/src/Illuminate/Foundation/Http/Middleware/TransformsRequest.php(21): Illuminate\\Pipeline\\Pipeline->Illuminate\\Pipeline\\{closure}()
#40 /var/www/html/school.fsv.io/vendor/laravel/framework/src/Illuminate/Foundation/Http/Middleware/TrimStrings.php(40): Illuminate\\Foundation\\Http\\Middleware\\TransformsRequest->handle()
#41 /var/www/html/school.fsv.io/vendor/laravel/framework/src/Illuminate/Pipeline/Pipeline.php(183): Illuminate\\Foundation\\Http\\Middleware\\TrimStrings->handle()
#42 /var/www/html/school.fsv.io/vendor/laravel/framework/src/Illuminate/Foundation/Http/Middleware/ValidatePostSize.php(27): Illuminate\\Pipeline\\Pipeline->Illuminate\\Pipeline\\{closure}()
#43 /var/www/html/school.fsv.io/vendor/laravel/framework/src/Illuminate/Pipeline/Pipeline.php(183): Illuminate\\Foundation\\Http\\Middleware\\ValidatePostSize->handle()
#44 /var/www/html/school.fsv.io/vendor/laravel/framework/src/Illuminate/Foundation/Http/Middleware/PreventRequestsDuringMaintenance.php(99): Illuminate\\Pipeline\\Pipeline->Illuminate\\Pipeline\\{closure}()
#45 /var/www/html/school.fsv.io/vendor/laravel/framework/src/Illuminate/Pipeline/Pipeline.php(183): Illuminate\\Foundation\\Http\\Middleware\\PreventRequestsDuringMaintenance->handle()
#46 /var/www/html/school.fsv.io/vendor/laravel/framework/src/Illuminate/Http/Middleware/HandleCors.php(49): Illuminate\\Pipeline\\Pipeline->Illuminate\\Pipeline\\{closure}()
#47 /var/www/html/school.fsv.io/vendor/laravel/framework/src/Illuminate/Pipeline/Pipeline.php(183): Illuminate\\Http\\Middleware\\HandleCors->handle()
#48 /var/www/html/school.fsv.io/vendor/laravel/framework/src/Illuminate/Http/Middleware/TrustProxies.php(39): Illuminate\\Pipeline\\Pipeline->Illuminate\\Pipeline\\{closure}()
#49 /var/www/html/school.fsv.io/vendor/laravel/framework/src/Illuminate/Pipeline/Pipeline.php(183): Illuminate\\Http\\Middleware\\TrustProxies->handle()
#50 /var/www/html/school.fsv.io/vendor/laravel/framework/src/Illuminate/Pipeline/Pipeline.php(119): Illuminate\\Pipeline\\Pipeline->Illuminate\\Pipeline\\{closure}()
#51 /var/www/html/school.fsv.io/vendor/laravel/framework/src/Illuminate/Foundation/Http/Kernel.php(175): Illuminate\\Pipeline\\Pipeline->then()
#52 /var/www/html/school.fsv.io/vendor/laravel/framework/src/Illuminate/Foundation/Http/Kernel.php(144): Illuminate\\Foundation\\Http\\Kernel->sendRequestThroughRouter()
#53 /var/www/html/school.fsv.io/public/index.php(52): Illuminate\\Foundation\\Http\\Kernel->handle()
#54 {main}

[previous exception] [object] (PDOException(code: 42S22): SQLSTATE[42S22]: Column not found: 1054 Unknown column 'status' in 'field list' at /var/www/html/school.fsv.io/vendor/laravel/framework/src/Illuminate/Database/Connection.php:608)
[stacktrace]
#0 /var/www/html/school.fsv.io/vendor/laravel/framework/src/Illuminate/Database/Connection.php(608): PDO->prepare()
#1 /var/www/html/school.fsv.io/vendor/laravel/framework/src/Illuminate/Database/Connection.php(816): Illuminate\\Database\\Connection->Illuminate\\Database\\{closure}()
#2 /var/www/html/school.fsv.io/vendor/laravel/framework/src/Illuminate/Database/Connection.php(783): Illuminate\\Database\\Connection->runQueryCallback()
#3 /var/www/html/school.fsv.io/vendor/laravel/framework/src/Illuminate/Database/Connection.php(619): Illuminate\\Database\\Connection->run()
#4 /var/www/html/school.fsv.io/vendor/laravel/framework/src/Illuminate/Database/Connection.php(552): Illuminate\\Database\\Connection->affectingStatement()
#5 /var/www/html/school.fsv.io/vendor/laravel/framework/src/Illuminate/Database/Query/Builder.php(3603): Illuminate\\Database\\Connection->update()
#6 /var/www/html/school.fsv.io/vendor/laravel/framework/src/Illuminate/Database/Eloquent/Builder.php(1061): Illuminate\\Database\\Query\\Builder->update()
#7 /var/www/html/school.fsv.io/vendor/laravel/framework/src/Illuminate/Database/Eloquent/Model.php(1214): Illuminate\\Database\\Eloquent\\Builder->update()
#8 /var/www/html/school.fsv.io/vendor/laravel/framework/src/Illuminate/Database/Eloquent/Model.php(1131): Illuminate\\Database\\Eloquent\\Model->performUpdate()
#9 /var/www/html/school.fsv.io/app/Http/Controllers/RoomController.php(74): Illuminate\\Database\\Eloquent\\Model->save()
#10 /var/www/html/school.fsv.io/vendor/laravel/framework/src/Illuminate/Routing/Controller.php(54): App\\Http\\Controllers\\RoomController->update()
#11 /var/www/html/school.fsv.io/vendor/laravel/framework/src/Illuminate/Routing/ControllerDispatcher.php(43): Illuminate\\Routing\\Controller->callAction()
#12 /var/www/html/school.fsv.io/vendor/laravel/framework/src/Illuminate/Routing/Route.php(260): Illuminate\\Routing\\ControllerDispatcher->dispatch()
#13 /var/www/html/school.fsv.io/vendor/laravel/framework/src/Illuminate/Routing/Route.php(205): Illuminate\\Routing\\Route->runController()
#14 /var/www/html/school.fsv.io/vendor/laravel/framework/src/Illuminate/Routing/Router.php(806): Illuminate\\Routing\\Route->run()
#15 /var/www/html/school.fsv.io/vendor/laravel/framework/src/Illuminate/Pipeline/Pipeline.php(144): Illuminate\\Routing\\Router->Illuminate\\Routing\\{closure}()
#16 /var/www/html/school.fsv.io/vendor/laravel/framework/src/Illuminate/Routing/Middleware/SubstituteBindings.php(50): Illuminate\\Pipeline\\Pipeline->Illuminate\\Pipeline\\{closure}()
#17 /var/www/html/school.fsv.io/vendor/laravel/framework/src/Illuminate/Pipeline/Pipeline.php(183): Illuminate\\Routing\\Middleware\\SubstituteBindings->handle()
#18 /var/www/html/school.fsv.io/vendor/laravel/framework/src/Illuminate/Auth/Middleware/Authenticate.php(57): Illuminate\\Pipeline\\Pipeline->Illuminate\\Pipeline\\{closure}()
#19 /var/www/html/school.fsv.io/vendor/laravel/framework/src/Illuminate/Pipeline/Pipeline.php(183): Illuminate\\Auth\\Middleware\\Authenticate->handle()
#20 /var/www/html/school.fsv.io/vendor/laravel/framework/src/Illuminate/Foundation/Http/Middleware/VerifyCsrfToken.php(78): Illuminate\\Pipeline\\Pipeline->Illuminate\\Pipeline\\{closure}()
#21 /var/www/html/school.fsv.io/vendor/laravel/framework/src/Illuminate/Pipeline/Pipeline.php(183): Illuminate\\Foundation\\Http\\Middleware\\VerifyCsrfToken->handle()
#22 /var/www/html/school.fsv.io/vendor/laravel/framework/src/Illuminate/View/Middleware/ShareErrorsFromSession.php(49): Illuminate\\Pipeline\\Pipeline->Illuminate\\Pipeline\\{closure}()
#23 /var/www/html/school.fsv.io/vendor/laravel/framework/src/Illuminate/Pipeline/Pipeline.php(183): Illuminate\\View\\Middleware\\ShareErrorsFromSession->handle()
#24 /var/www/html/school.fsv.io/vendor/laravel/framework/src/Illuminate/Session/Middleware/StartSession.php(121): Illuminate\\Pipeline\\Pipeline->Illuminate\\Pipeline\\{closure}()
#25 /var/www/html/school.fsv.io/vendor/laravel/framework/src/Illuminate/Session/Middleware/StartSession.php(64): Illuminate\\Session\\Middleware\\StartSession->handleStatefulRequest()
#26 /var/www/html/school.fsv.io/vendor/laravel/framework/src/Illuminate/Pipeline/Pipeline.php(183): Illuminate\\Session\\Middleware\\StartSession->handle()
#27 /var/www/html/school.fsv.io/vendor/laravel/framework/src/Illuminate/Cookie/Middleware/AddQueuedCookiesToResponse.php(37): Illuminate\\Pipeline\\Pipeline->Illuminate\\Pipeline\\{closure}()
#28 /var/www/html/school.fsv.io/vendor/laravel/framework/src/Illuminate/Pipeline/Pipeline.php(183): Illuminate\\Cookie\\Middleware\\AddQueuedCookiesToResponse->handle()
#29 /var/www/html/school.fsv.io/vendor/laravel/framework/src/Illuminate/Cookie/Middleware/EncryptCookies.php(67): Illuminate\\Pipeline\\Pipeline->Illuminate\\Pipeline\\{closure}()
#30 /var/www/html/school.fsv.io/vendor/laravel/framework/src/Illuminate/Pipeline/Pipeline.php(183): Illuminate\\Cookie\\Middleware\\EncryptCookies->handle()
#31 /var/www/html/school.fsv.io/vendor/laravel/framework/src/Illuminate/Pipeline/Pipeline.php(119): Illuminate\\Pipeline\\Pipeline->Illuminate\\Pipeline\\{closure}()
#32 /var/www/html/school.fsv.io/vendor/laravel/framework/src/Illuminate/Routing/Router.php(807): Illuminate\\Pipeline\\Pipeline->then()
#33 /var/www/html/school.fsv.io/vendor/laravel/framework/src/Illuminate/Routing/Router.php(784): Illuminate\\Routing\\Router->runRouteWithinStack()
#34 /var/www/html/school.fsv.io/vendor/laravel/framework/src/Illuminate/Routing/Router.php(748): Illuminate\\Routing\\Router->runRoute()
#35 /var/www/html/school.fsv.io/vendor/laravel/framework/src/Illuminate/Routing/Router.php(737): Illuminate\\Routing\\Router->dispatchToRoute()
#36 /var/www/html/school.fsv.io/vendor/laravel/framework/src/Illuminate/Foundation/Http/Kernel.php(200): Illuminate\\Routing\\Router->dispatch()
#37 /var/www/html/school.fsv.io/vendor/laravel/framework/src/Illuminate/Pipeline/Pipeline.php(144): Illuminate\\Foundation\\Http\\Kernel->Illuminate\\Foundation\\Http\\{closure}()
#38 /var/www/html/school.fsv.io/vendor/laravel/framework/src/Illuminate/Foundation/Http/Middleware/TransformsRequest.php(21): Illuminate\\Pipeline\\Pipeline->Illuminate\\Pipeline\\{closure}()
#39 /var/www/html/school.fsv.io/vendor/laravel/framework/src/Illuminate/Foundation/Http/Middleware/ConvertEmptyStringsToNull.php(31): Illuminate\\Foundation\\Http\\Middleware\\TransformsRequest->handle()
#40 /var/www/html/school.fsv.io/vendor/laravel/framework/src/Illuminate/Pipeline/Pipeline.php(183): Illuminate\\Foundation\\Http\\Middleware\\ConvertEmptyStringsToNull->handle()
#41 /var/www/html/school.fsv.io/vendor/laravel/framework/src/Illuminate/Foundation/Http/Middleware/TransformsRequest.php(21): Illuminate\\Pipeline\\Pipeline->Illuminate\\Pipeline\\{closure}()
#42 /var/www/html/school.fsv.io/vendor/laravel/framework/src/Illuminate/Foundation/Http/Middleware/TrimStrings.php(40): Illuminate\\Foundation\\Http\\Middleware\\TransformsRequest->handle()
#43 /var/www/html/school.fsv.io/vendor/laravel/framework/src/Illuminate/Pipeline/Pipeline.php(183): Illuminate\\Foundation\\Http\\Middleware\\TrimStrings->handle()
#44 /var/www/html/school.fsv.io/vendor/laravel/framework/src/Illuminate/Foundation/Http/Middleware/ValidatePostSize.php(27): Illuminate\\Pipeline\\Pipeline->Illuminate\\Pipeline\\{closure}()
#45 /var/www/html/school.fsv.io/vendor/laravel/framework/src/Illuminate/Pipeline/Pipeline.php(183): Illuminate\\Foundation\\Http\\Middleware\\ValidatePostSize->handle()
#46 /var/www/html/school.fsv.io/vendor/laravel/framework/src/Illuminate/Foundation/Http/Middleware/PreventRequestsDuringMaintenance.php(99): Illuminate\\Pipeline\\Pipeline->Illuminate\\Pipeline\\{closure}()
#47 /var/www/html/school.fsv.io/vendor/laravel/framework/src/Illuminate/Pipeline/Pipeline.php(183): Illuminate\\Foundation\\Http\\Middleware\\PreventRequestsDuringMaintenance->handle()
#48 /var/www/html/school.fsv.io/vendor/laravel/framework/src/Illuminate/Http/Middleware/HandleCors.php(49): Illuminate\\Pipeline\\Pipeline->Illuminate\\Pipeline\\{closure}()
#49 /var/www/html/school.fsv.io/vendor/laravel/framework/src/Illuminate/Pipeline/Pipeline.php(183): Illuminate\\Http\\Middleware\\HandleCors->handle()
#50 /var/www/html/school.fsv.io/vendor/laravel/framework/src/Illuminate/Http/Middleware/TrustProxies.php(39): Illuminate\\Pipeline\\Pipeline->Illuminate\\Pipeline\\{closure}()
#51 /var/www/html/school.fsv.io/vendor/laravel/framework/src/Illuminate/Pipeline/Pipeline.php(183): Illuminate\\Http\\Middleware\\TrustProxies->handle()
#52 /var/www/html/school.fsv.io/vendor/laravel/framework/src/Illuminate/Pipeline/Pipeline.php(119): Illuminate\\Pipeline\\Pipeline->Illuminate\\Pipeline\\{closure}()
#53 /var/www/html/school.fsv.io/vendor/laravel/framework/src/Illuminate/Foundation/Http/Kernel.php(175): Illuminate\\Pipeline\\Pipeline->then()
#54 /var/www/html/school.fsv.io/vendor/laravel/framework/src/Illuminate/Foundation/Http/Kernel.php(144): Illuminate\\Foundation\\Http\\Kernel->sendRequestThroughRouter()
#55 /var/www/html/school.fsv.io/public/index.php(52): Illuminate\\Foundation\\Http\\Kernel->handle()
#56 {main}
"} 
[2025-02-22 19:20:20] local.INFO: select * from `users` where `id` = ? limit 1 [2] 
[2025-02-22 19:20:20] local.INFO: select * from `school_infos` limit 1  
[2025-02-22 19:20:20] local.INFO: select * from `rooms`  
[2025-02-22 19:20:20] local.INFO: select * from `users` where `home_room` is not null  
[2025-02-22 19:20:20] local.INFO: select sum(`current_occupancy`) as aggregate from `rooms`  
[2025-02-22 19:20:20] local.INFO: select * from `rooms` where `room_number` is null limit 1  
[2025-02-22 19:20:20] local.INFO: select count(*) as aggregate from `rooms` where `current_occupancy` > ? [0] 
[2025-02-22 19:20:20] local.ERROR: Attempt to read property "name" on null {"view":{"view":"/var/www/html/school.fsv.io/resources/views/emergency/report.blade.php","data":[]},"userId":2,"exception":"[object] (Spatie\\LaravelIgnition\\Exceptions\\ViewException(code: 0): Attempt to read property \"name\" on null at /var/www/html/school.fsv.io/resources/views/emergency/report.blade.php:9)
[stacktrace]
#0 /var/www/html/school.fsv.io/vendor/laravel/framework/src/Illuminate/Filesystem/Filesystem.php(123): require('...')
#1 /var/www/html/school.fsv.io/vendor/laravel/framework/src/Illuminate/Filesystem/Filesystem.php(124): Illuminate\\Filesystem\\Filesystem::Illuminate\\Filesystem\\{closure}()
#2 /var/www/html/school.fsv.io/vendor/laravel/framework/src/Illuminate/View/Engines/PhpEngine.php(58): Illuminate\\Filesystem\\Filesystem->getRequire()
#3 /var/www/html/school.fsv.io/vendor/laravel/framework/src/Illuminate/View/Engines/CompilerEngine.php(72): Illuminate\\View\\Engines\\PhpEngine->evaluatePath()
#4 /var/www/html/school.fsv.io/vendor/laravel/framework/src/Illuminate/View/View.php(207): Illuminate\\View\\Engines\\CompilerEngine->get()
#5 /var/www/html/school.fsv.io/vendor/laravel/framework/src/Illuminate/View/View.php(190): Illuminate\\View\\View->getContents()
#6 /var/www/html/school.fsv.io/vendor/laravel/framework/src/Illuminate/View/View.php(159): Illuminate\\View\\View->renderContents()
#7 /var/www/html/school.fsv.io/vendor/laravel/framework/src/Illuminate/Http/Response.php(69): Illuminate\\View\\View->render()
#8 /var/www/html/school.fsv.io/vendor/laravel/framework/src/Illuminate/Http/Response.php(35): Illuminate\\Http\\Response->setContent()
#9 /var/www/html/school.fsv.io/vendor/laravel/framework/src/Illuminate/Routing/Router.php(918): Illuminate\\Http\\Response->__construct()
#10 /var/www/html/school.fsv.io/vendor/laravel/framework/src/Illuminate/Routing/Router.php(885): Illuminate\\Routing\\Router::toResponse()
#11 /var/www/html/school.fsv.io/vendor/laravel/framework/src/Illuminate/Routing/Router.php(806): Illuminate\\Routing\\Router->prepareResponse()
#12 /var/www/html/school.fsv.io/vendor/laravel/framework/src/Illuminate/Pipeline/Pipeline.php(144): Illuminate\\Routing\\Router->Illuminate\\Routing\\{closure}()
#13 /var/www/html/school.fsv.io/vendor/laravel/framework/src/Illuminate/Routing/Middleware/SubstituteBindings.php(50): Illuminate\\Pipeline\\Pipeline->Illuminate\\Pipeline\\{closure}()
#14 /var/www/html/school.fsv.io/vendor/laravel/framework/src/Illuminate/Pipeline/Pipeline.php(183): Illuminate\\Routing\\Middleware\\SubstituteBindings->handle()
#15 /var/www/html/school.fsv.io/vendor/laravel/framework/src/Illuminate/Auth/Middleware/Authenticate.php(57): Illuminate\\Pipeline\\Pipeline->Illuminate\\Pipeline\\{closure}()
#16 /var/www/html/school.fsv.io/vendor/laravel/framework/src/Illuminate/Pipeline/Pipeline.php(183): Illuminate\\Auth\\Middleware\\Authenticate->handle()
#17 /var/www/html/school.fsv.io/vendor/laravel/framework/src/Illuminate/Foundation/Http/Middleware/VerifyCsrfToken.php(78): Illuminate\\Pipeline\\Pipeline->Illuminate\\Pipeline\\{closure}()
#18 /var/www/html/school.fsv.io/vendor/laravel/framework/src/Illuminate/Pipeline/Pipeline.php(183): Illuminate\\Foundation\\Http\\Middleware\\VerifyCsrfToken->handle()
#19 /var/www/html/school.fsv.io/vendor/laravel/framework/src/Illuminate/View/Middleware/ShareErrorsFromSession.php(49): Illuminate\\Pipeline\\Pipeline->Illuminate\\Pipeline\\{closure}()
#20 /var/www/html/school.fsv.io/vendor/laravel/framework/src/Illuminate/Pipeline/Pipeline.php(183): Illuminate\\View\\Middleware\\ShareErrorsFromSession->handle()
#21 /var/www/html/school.fsv.io/vendor/laravel/framework/src/Illuminate/Session/Middleware/StartSession.php(121): Illuminate\\Pipeline\\Pipeline->Illuminate\\Pipeline\\{closure}()
#22 /var/www/html/school.fsv.io/vendor/laravel/framework/src/Illuminate/Session/Middleware/StartSession.php(64): Illuminate\\Session\\Middleware\\StartSession->handleStatefulRequest()
#23 /var/www/html/school.fsv.io/vendor/laravel/framework/src/Illuminate/Pipeline/Pipeline.php(183): Illuminate\\Session\\Middleware\\StartSession->handle()
#24 /var/www/html/school.fsv.io/vendor/laravel/framework/src/Illuminate/Cookie/Middleware/AddQueuedCookiesToResponse.php(37): Illuminate\\Pipeline\\Pipeline->Illuminate\\Pipeline\\{closure}()
#25 /var/www/html/school.fsv.io/vendor/laravel/framework/src/Illuminate/Pipeline/Pipeline.php(183): Illuminate\\Cookie\\Middleware\\AddQueuedCookiesToResponse->handle()
#26 /var/www/html/school.fsv.io/vendor/laravel/framework/src/Illuminate/Cookie/Middleware/EncryptCookies.php(67): Illuminate\\Pipeline\\Pipeline->Illuminate\\Pipeline\\{closure}()
#27 /var/www/html/school.fsv.io/vendor/laravel/framework/src/Illuminate/Pipeline/Pipeline.php(183): Illuminate\\Cookie\\Middleware\\EncryptCookies->handle()
#28 /var/www/html/school.fsv.io/vendor/laravel/framework/src/Illuminate/Pipeline/Pipeline.php(119): Illuminate\\Pipeline\\Pipeline->Illuminate\\Pipeline\\{closure}()
#29 /var/www/html/school.fsv.io/vendor/laravel/framework/src/Illuminate/Routing/Router.php(807): Illuminate\\Pipeline\\Pipeline->then()
#30 /var/www/html/school.fsv.io/vendor/laravel/framework/src/Illuminate/Routing/Router.php(784): Illuminate\\Routing\\Router->runRouteWithinStack()
#31 /var/www/html/school.fsv.io/vendor/laravel/framework/src/Illuminate/Routing/Router.php(748): Illuminate\\Routing\\Router->runRoute()
#32 /var/www/html/school.fsv.io/vendor/laravel/framework/src/Illuminate/Routing/Router.php(737): Illuminate\\Routing\\Router->dispatchToRoute()
#33 /var/www/html/school.fsv.io/vendor/laravel/framework/src/Illuminate/Foundation/Http/Kernel.php(200): Illuminate\\Routing\\Router->dispatch()
#34 /var/www/html/school.fsv.io/vendor/laravel/framework/src/Illuminate/Pipeline/Pipeline.php(144): Illuminate\\Foundation\\Http\\Kernel->Illuminate\\Foundation\\Http\\{closure}()
#35 /var/www/html/school.fsv.io/vendor/laravel/framework/src/Illuminate/Foundation/Http/Middleware/TransformsRequest.php(21): Illuminate\\Pipeline\\Pipeline->Illuminate\\Pipeline\\{closure}()
#36 /var/www/html/school.fsv.io/vendor/laravel/framework/src/Illuminate/Foundation/Http/Middleware/ConvertEmptyStringsToNull.php(31): Illuminate\\Foundation\\Http\\Middleware\\TransformsRequest->handle()
#37 /var/www/html/school.fsv.io/vendor/laravel/framework/src/Illuminate/Pipeline/Pipeline.php(183): Illuminate\\Foundation\\Http\\Middleware\\ConvertEmptyStringsToNull->handle()
#38 /var/www/html/school.fsv.io/vendor/laravel/framework/src/Illuminate/Foundation/Http/Middleware/TransformsRequest.php(21): Illuminate\\Pipeline\\Pipeline->Illuminate\\Pipeline\\{closure}()
#39 /var/www/html/school.fsv.io/vendor/laravel/framework/src/Illuminate/Foundation/Http/Middleware/TrimStrings.php(40): Illuminate\\Foundation\\Http\\Middleware\\TransformsRequest->handle()
#40 /var/www/html/school.fsv.io/vendor/laravel/framework/src/Illuminate/Pipeline/Pipeline.php(183): Illuminate\\Foundation\\Http\\Middleware\\TrimStrings->handle()
#41 /var/www/html/school.fsv.io/vendor/laravel/framework/src/Illuminate/Foundation/Http/Middleware/ValidatePostSize.php(27): Illuminate\\Pipeline\\Pipeline->Illuminate\\Pipeline\\{closure}()
#42 /var/www/html/school.fsv.io/vendor/laravel/framework/src/Illuminate/Pipeline/Pipeline.php(183): Illuminate\\Foundation\\Http\\Middleware\\ValidatePostSize->handle()
#43 /var/www/html/school.fsv.io/vendor/laravel/framework/src/Illuminate/Foundation/Http/Middleware/PreventRequestsDuringMaintenance.php(99): Illuminate\\Pipeline\\Pipeline->Illuminate\\Pipeline\\{closure}()
#44 /var/www/html/school.fsv.io/vendor/laravel/framework/src/Illuminate/Pipeline/Pipeline.php(183): Illuminate\\Foundation\\Http\\Middleware\\PreventRequestsDuringMaintenance->handle()
#45 /var/www/html/school.fsv.io/vendor/laravel/framework/src/Illuminate/Http/Middleware/HandleCors.php(49): Illuminate\\Pipeline\\Pipeline->Illuminate\\Pipeline\\{closure}()
#46 /var/www/html/school.fsv.io/vendor/laravel/framework/src/Illuminate/Pipeline/Pipeline.php(183): Illuminate\\Http\\Middleware\\HandleCors->handle()
#47 /var/www/html/school.fsv.io/vendor/laravel/framework/src/Illuminate/Http/Middleware/TrustProxies.php(39): Illuminate\\Pipeline\\Pipeline->Illuminate\\Pipeline\\{closure}()
#48 /var/www/html/school.fsv.io/vendor/laravel/framework/src/Illuminate/Pipeline/Pipeline.php(183): Illuminate\\Http\\Middleware\\TrustProxies->handle()
#49 /var/www/html/school.fsv.io/vendor/laravel/framework/src/Illuminate/Pipeline/Pipeline.php(119): Illuminate\\Pipeline\\Pipeline->Illuminate\\Pipeline\\{closure}()
#50 /var/www/html/school.fsv.io/vendor/laravel/framework/src/Illuminate/Foundation/Http/Kernel.php(175): Illuminate\\Pipeline\\Pipeline->then()
#51 /var/www/html/school.fsv.io/vendor/laravel/framework/src/Illuminate/Foundation/Http/Kernel.php(144): Illuminate\\Foundation\\Http\\Kernel->sendRequestThroughRouter()
#52 /var/www/html/school.fsv.io/public/index.php(52): Illuminate\\Foundation\\Http\\Kernel->handle()
#53 {main}

[previous exception] [object] (ErrorException(code: 0): Attempt to read property \"name\" on null at /var/www/html/school.fsv.io/storage/framework/views/05643661880ddea8a7cb142e2eb47d77.php:7)
[stacktrace]
#0 /var/www/html/school.fsv.io/vendor/laravel/framework/src/Illuminate/Foundation/Bootstrap/HandleExceptions.php(255): Illuminate\\Foundation\\Bootstrap\\HandleExceptions->handleError()
#1 /var/www/html/school.fsv.io/storage/framework/views/05643661880ddea8a7cb142e2eb47d77.php(7): Illuminate\\Foundation\\Bootstrap\\HandleExceptions->Illuminate\\Foundation\\Bootstrap\\{closure}()
#2 /var/www/html/school.fsv.io/vendor/laravel/framework/src/Illuminate/Filesystem/Filesystem.php(123): require('...')
#3 /var/www/html/school.fsv.io/vendor/laravel/framework/src/Illuminate/Filesystem/Filesystem.php(124): Illuminate\\Filesystem\\Filesystem::Illuminate\\Filesystem\\{closure}()
#4 /var/www/html/school.fsv.io/vendor/laravel/framework/src/Illuminate/View/Engines/PhpEngine.php(58): Illuminate\\Filesystem\\Filesystem->getRequire()
#5 /var/www/html/school.fsv.io/vendor/laravel/framework/src/Illuminate/View/Engines/CompilerEngine.php(72): Illuminate\\View\\Engines\\PhpEngine->evaluatePath()
#6 /var/www/html/school.fsv.io/vendor/laravel/framework/src/Illuminate/View/View.php(207): Illuminate\\View\\Engines\\CompilerEngine->get()
#7 /var/www/html/school.fsv.io/vendor/laravel/framework/src/Illuminate/View/View.php(190): Illuminate\\View\\View->getContents()
#8 /var/www/html/school.fsv.io/vendor/laravel/framework/src/Illuminate/View/View.php(159): Illuminate\\View\\View->renderContents()
#9 /var/www/html/school.fsv.io/vendor/laravel/framework/src/Illuminate/Http/Response.php(69): Illuminate\\View\\View->render()
#10 /var/www/html/school.fsv.io/vendor/laravel/framework/src/Illuminate/Http/Response.php(35): Illuminate\\Http\\Response->setContent()
#11 /var/www/html/school.fsv.io/vendor/laravel/framework/src/Illuminate/Routing/Router.php(918): Illuminate\\Http\\Response->__construct()
#12 /var/www/html/school.fsv.io/vendor/laravel/framework/src/Illuminate/Routing/Router.php(885): Illuminate\\Routing\\Router::toResponse()
#13 /var/www/html/school.fsv.io/vendor/laravel/framework/src/Illuminate/Routing/Router.php(806): Illuminate\\Routing\\Router->prepareResponse()
#14 /var/www/html/school.fsv.io/vendor/laravel/framework/src/Illuminate/Pipeline/Pipeline.php(144): Illuminate\\Routing\\Router->Illuminate\\Routing\\{closure}()
#15 /var/www/html/school.fsv.io/vendor/laravel/framework/src/Illuminate/Routing/Middleware/SubstituteBindings.php(50): Illuminate\\Pipeline\\Pipeline->Illuminate\\Pipeline\\{closure}()
#16 /var/www/html/school.fsv.io/vendor/laravel/framework/src/Illuminate/Pipeline/Pipeline.php(183): Illuminate\\Routing\\Middleware\\SubstituteBindings->handle()
#17 /var/www/html/school.fsv.io/vendor/laravel/framework/src/Illuminate/Auth/Middleware/Authenticate.php(57): Illuminate\\Pipeline\\Pipeline->Illuminate\\Pipeline\\{closure}()
#18 /var/www/html/school.fsv.io/vendor/laravel/framework/src/Illuminate/Pipeline/Pipeline.php(183): Illuminate\\Auth\\Middleware\\Authenticate->handle()
#19 /var/www/html/school.fsv.io/vendor/laravel/framework/src/Illuminate/Foundation/Http/Middleware/VerifyCsrfToken.php(78): Illuminate\\Pipeline\\Pipeline->Illuminate\\Pipeline\\{closure}()
#20 /var/www/html/school.fsv.io/vendor/laravel/framework/src/Illuminate/Pipeline/Pipeline.php(183): Illuminate\\Foundation\\Http\\Middleware\\VerifyCsrfToken->handle()
#21 /var/www/html/school.fsv.io/vendor/laravel/framework/src/Illuminate/View/Middleware/ShareErrorsFromSession.php(49): Illuminate\\Pipeline\\Pipeline->Illuminate\\Pipeline\\{closure}()
#22 /var/www/html/school.fsv.io/vendor/laravel/framework/src/Illuminate/Pipeline/Pipeline.php(183): Illuminate\\View\\Middleware\\ShareErrorsFromSession->handle()
#23 /var/www/html/school.fsv.io/vendor/laravel/framework/src/Illuminate/Session/Middleware/StartSession.php(121): Illuminate\\Pipeline\\Pipeline->Illuminate\\Pipeline\\{closure}()
#24 /var/www/html/school.fsv.io/vendor/laravel/framework/src/Illuminate/Session/Middleware/StartSession.php(64): Illuminate\\Session\\Middleware\\StartSession->handleStatefulRequest()
#25 /var/www/html/school.fsv.io/vendor/laravel/framework/src/Illuminate/Pipeline/Pipeline.php(183): Illuminate\\Session\\Middleware\\StartSession->handle()
#26 /var/www/html/school.fsv.io/vendor/laravel/framework/src/Illuminate/Cookie/Middleware/AddQueuedCookiesToResponse.php(37): Illuminate\\Pipeline\\Pipeline->Illuminate\\Pipeline\\{closure}()
#27 /var/www/html/school.fsv.io/vendor/laravel/framework/src/Illuminate/Pipeline/Pipeline.php(183): Illuminate\\Cookie\\Middleware\\AddQueuedCookiesToResponse->handle()
#28 /var/www/html/school.fsv.io/vendor/laravel/framework/src/Illuminate/Cookie/Middleware/EncryptCookies.php(67): Illuminate\\Pipeline\\Pipeline->Illuminate\\Pipeline\\{closure}()
#29 /var/www/html/school.fsv.io/vendor/laravel/framework/src/Illuminate/Pipeline/Pipeline.php(183): Illuminate\\Cookie\\Middleware\\EncryptCookies->handle()
#30 /var/www/html/school.fsv.io/vendor/laravel/framework/src/Illuminate/Pipeline/Pipeline.php(119): Illuminate\\Pipeline\\Pipeline->Illuminate\\Pipeline\\{closure}()
#31 /var/www/html/school.fsv.io/vendor/laravel/framework/src/Illuminate/Routing/Router.php(807): Illuminate\\Pipeline\\Pipeline->then()
#32 /var/www/html/school.fsv.io/vendor/laravel/framework/src/Illuminate/Routing/Router.php(784): Illuminate\\Routing\\Router->runRouteWithinStack()
#33 /var/www/html/school.fsv.io/vendor/laravel/framework/src/Illuminate/Routing/Router.php(748): Illuminate\\Routing\\Router->runRoute()
#34 /var/www/html/school.fsv.io/vendor/laravel/framework/src/Illuminate/Routing/Router.php(737): Illuminate\\Routing\\Router->dispatchToRoute()
#35 /var/www/html/school.fsv.io/vendor/laravel/framework/src/Illuminate/Foundation/Http/Kernel.php(200): Illuminate\\Routing\\Router->dispatch()
#36 /var/www/html/school.fsv.io/vendor/laravel/framework/src/Illuminate/Pipeline/Pipeline.php(144): Illuminate\\Foundation\\Http\\Kernel->Illuminate\\Foundation\\Http\\{closure}()
#37 /var/www/html/school.fsv.io/vendor/laravel/framework/src/Illuminate/Foundation/Http/Middleware/TransformsRequest.php(21): Illuminate\\Pipeline\\Pipeline->Illuminate\\Pipeline\\{closure}()
#38 /var/www/html/school.fsv.io/vendor/laravel/framework/src/Illuminate/Foundation/Http/Middleware/ConvertEmptyStringsToNull.php(31): Illuminate\\Foundation\\Http\\Middleware\\TransformsRequest->handle()
#39 /var/www/html/school.fsv.io/vendor/laravel/framework/src/Illuminate/Pipeline/Pipeline.php(183): Illuminate\\Foundation\\Http\\Middleware\\ConvertEmptyStringsToNull->handle()
#40 /var/www/html/school.fsv.io/vendor/laravel/framework/src/Illuminate/Foundation/Http/Middleware/TransformsRequest.php(21): Illuminate\\Pipeline\\Pipeline->Illuminate\\Pipeline\\{closure}()
#41 /var/www/html/school.fsv.io/vendor/laravel/framework/src/Illuminate/Foundation/Http/Middleware/TrimStrings.php(40): Illuminate\\Foundation\\Http\\Middleware\\TransformsRequest->handle()
#42 /var/www/html/school.fsv.io/vendor/laravel/framework/src/Illuminate/Pipeline/Pipeline.php(183): Illuminate\\Foundation\\Http\\Middleware\\TrimStrings->handle()
#43 /var/www/html/school.fsv.io/vendor/laravel/framework/src/Illuminate/Foundation/Http/Middleware/ValidatePostSize.php(27): Illuminate\\Pipeline\\Pipeline->Illuminate\\Pipeline\\{closure}()
#44 /var/www/html/school.fsv.io/vendor/laravel/framework/src/Illuminate/Pipeline/Pipeline.php(183): Illuminate\\Foundation\\Http\\Middleware\\ValidatePostSize->handle()
#45 /var/www/html/school.fsv.io/vendor/laravel/framework/src/Illuminate/Foundation/Http/Middleware/PreventRequestsDuringMaintenance.php(99): Illuminate\\Pipeline\\Pipeline->Illuminate\\Pipeline\\{closure}()
#46 /var/www/html/school.fsv.io/vendor/laravel/framework/src/Illuminate/Pipeline/Pipeline.php(183): Illuminate\\Foundation\\Http\\Middleware\\PreventRequestsDuringMaintenance->handle()
#47 /var/www/html/school.fsv.io/vendor/laravel/framework/src/Illuminate/Http/Middleware/HandleCors.php(49): Illuminate\\Pipeline\\Pipeline->Illuminate\\Pipeline\\{closure}()
#48 /var/www/html/school.fsv.io/vendor/laravel/framework/src/Illuminate/Pipeline/Pipeline.php(183): Illuminate\\Http\\Middleware\\HandleCors->handle()
#49 /var/www/html/school.fsv.io/vendor/laravel/framework/src/Illuminate/Http/Middleware/TrustProxies.php(39): Illuminate\\Pipeline\\Pipeline->Illuminate\\Pipeline\\{closure}()
#50 /var/www/html/school.fsv.io/vendor/laravel/framework/src/Illuminate/Pipeline/Pipeline.php(183): Illuminate\\Http\\Middleware\\TrustProxies->handle()
#51 /var/www/html/school.fsv.io/vendor/laravel/framework/src/Illuminate/Pipeline/Pipeline.php(119): Illuminate\\Pipeline\\Pipeline->Illuminate\\Pipeline\\{closure}()
#52 /var/www/html/school.fsv.io/vendor/laravel/framework/src/Illuminate/Foundation/Http/Kernel.php(175): Illuminate\\Pipeline\\Pipeline->then()
#53 /var/www/html/school.fsv.io/vendor/laravel/framework/src/Illuminate/Foundation/Http/Kernel.php(144): Illuminate\\Foundation\\Http\\Kernel->sendRequestThroughRouter()
#54 /var/www/html/school.fsv.io/public/index.php(52): Illuminate\\Foundation\\Http\\Kernel->handle()
#55 {main}
"} 
[2025-02-22 19:21:09] local.INFO: select * from `users` where `id` = ? limit 1 [2] 
[2025-02-22 19:21:09] local.INFO: select * from `school_infos` limit 1  
[2025-02-22 19:21:09] local.INFO: select * from `rooms`  
[2025-02-22 19:21:09] local.INFO: select * from `users` where `home_room` is not null  
[2025-02-22 19:21:09] local.INFO: select sum(`current_occupancy`) as aggregate from `rooms`  
[2025-02-22 19:21:09] local.INFO: select * from `rooms` where `room_number` is null limit 1  
[2025-02-22 19:21:09] local.INFO: select count(*) as aggregate from `rooms` where `current_occupancy` > ? [0] 
[2025-02-22 19:21:09] local.ERROR: Attempt to read property "name" on null {"view":{"view":"/var/www/html/school.fsv.io/resources/views/emergency/report.blade.php","data":[]},"userId":2,"exception":"[object] (Spatie\\LaravelIgnition\\Exceptions\\ViewException(code: 0): Attempt to read property \"name\" on null at /var/www/html/school.fsv.io/resources/views/emergency/report.blade.php:9)
[stacktrace]
#0 /var/www/html/school.fsv.io/vendor/laravel/framework/src/Illuminate/Filesystem/Filesystem.php(123): require('...')
#1 /var/www/html/school.fsv.io/vendor/laravel/framework/src/Illuminate/Filesystem/Filesystem.php(124): Illuminate\\Filesystem\\Filesystem::Illuminate\\Filesystem\\{closure}()
#2 /var/www/html/school.fsv.io/vendor/laravel/framework/src/Illuminate/View/Engines/PhpEngine.php(58): Illuminate\\Filesystem\\Filesystem->getRequire()
#3 /var/www/html/school.fsv.io/vendor/laravel/framework/src/Illuminate/View/Engines/CompilerEngine.php(72): Illuminate\\View\\Engines\\PhpEngine->evaluatePath()
#4 /var/www/html/school.fsv.io/vendor/laravel/framework/src/Illuminate/View/View.php(207): Illuminate\\View\\Engines\\CompilerEngine->get()
#5 /var/www/html/school.fsv.io/vendor/laravel/framework/src/Illuminate/View/View.php(190): Illuminate\\View\\View->getContents()
#6 /var/www/html/school.fsv.io/vendor/laravel/framework/src/Illuminate/View/View.php(159): Illuminate\\View\\View->renderContents()
#7 /var/www/html/school.fsv.io/vendor/laravel/framework/src/Illuminate/Http/Response.php(69): Illuminate\\View\\View->render()
#8 /var/www/html/school.fsv.io/vendor/laravel/framework/src/Illuminate/Http/Response.php(35): Illuminate\\Http\\Response->setContent()
#9 /var/www/html/school.fsv.io/vendor/laravel/framework/src/Illuminate/Routing/Router.php(918): Illuminate\\Http\\Response->__construct()
#10 /var/www/html/school.fsv.io/vendor/laravel/framework/src/Illuminate/Routing/Router.php(885): Illuminate\\Routing\\Router::toResponse()
#11 /var/www/html/school.fsv.io/vendor/laravel/framework/src/Illuminate/Routing/Router.php(806): Illuminate\\Routing\\Router->prepareResponse()
#12 /var/www/html/school.fsv.io/vendor/laravel/framework/src/Illuminate/Pipeline/Pipeline.php(144): Illuminate\\Routing\\Router->Illuminate\\Routing\\{closure}()
#13 /var/www/html/school.fsv.io/vendor/laravel/framework/src/Illuminate/Routing/Middleware/SubstituteBindings.php(50): Illuminate\\Pipeline\\Pipeline->Illuminate\\Pipeline\\{closure}()
#14 /var/www/html/school.fsv.io/vendor/laravel/framework/src/Illuminate/Pipeline/Pipeline.php(183): Illuminate\\Routing\\Middleware\\SubstituteBindings->handle()
#15 /var/www/html/school.fsv.io/vendor/laravel/framework/src/Illuminate/Auth/Middleware/Authenticate.php(57): Illuminate\\Pipeline\\Pipeline->Illuminate\\Pipeline\\{closure}()
#16 /var/www/html/school.fsv.io/vendor/laravel/framework/src/Illuminate/Pipeline/Pipeline.php(183): Illuminate\\Auth\\Middleware\\Authenticate->handle()
#17 /var/www/html/school.fsv.io/vendor/laravel/framework/src/Illuminate/Foundation/Http/Middleware/VerifyCsrfToken.php(78): Illuminate\\Pipeline\\Pipeline->Illuminate\\Pipeline\\{closure}()
#18 /var/www/html/school.fsv.io/vendor/laravel/framework/src/Illuminate/Pipeline/Pipeline.php(183): Illuminate\\Foundation\\Http\\Middleware\\VerifyCsrfToken->handle()
#19 /var/www/html/school.fsv.io/vendor/laravel/framework/src/Illuminate/View/Middleware/ShareErrorsFromSession.php(49): Illuminate\\Pipeline\\Pipeline->Illuminate\\Pipeline\\{closure}()
#20 /var/www/html/school.fsv.io/vendor/laravel/framework/src/Illuminate/Pipeline/Pipeline.php(183): Illuminate\\View\\Middleware\\ShareErrorsFromSession->handle()
#21 /var/www/html/school.fsv.io/vendor/laravel/framework/src/Illuminate/Session/Middleware/StartSession.php(121): Illuminate\\Pipeline\\Pipeline->Illuminate\\Pipeline\\{closure}()
#22 /var/www/html/school.fsv.io/vendor/laravel/framework/src/Illuminate/Session/Middleware/StartSession.php(64): Illuminate\\Session\\Middleware\\StartSession->handleStatefulRequest()
#23 /var/www/html/school.fsv.io/vendor/laravel/framework/src/Illuminate/Pipeline/Pipeline.php(183): Illuminate\\Session\\Middleware\\StartSession->handle()
#24 /var/www/html/school.fsv.io/vendor/laravel/framework/src/Illuminate/Cookie/Middleware/AddQueuedCookiesToResponse.php(37): Illuminate\\Pipeline\\Pipeline->Illuminate\\Pipeline\\{closure}()
#25 /var/www/html/school.fsv.io/vendor/laravel/framework/src/Illuminate/Pipeline/Pipeline.php(183): Illuminate\\Cookie\\Middleware\\AddQueuedCookiesToResponse->handle()
#26 /var/www/html/school.fsv.io/vendor/laravel/framework/src/Illuminate/Cookie/Middleware/EncryptCookies.php(67): Illuminate\\Pipeline\\Pipeline->Illuminate\\Pipeline\\{closure}()
#27 /var/www/html/school.fsv.io/vendor/laravel/framework/src/Illuminate/Pipeline/Pipeline.php(183): Illuminate\\Cookie\\Middleware\\EncryptCookies->handle()
#28 /var/www/html/school.fsv.io/vendor/laravel/framework/src/Illuminate/Pipeline/Pipeline.php(119): Illuminate\\Pipeline\\Pipeline->Illuminate\\Pipeline\\{closure}()
#29 /var/www/html/school.fsv.io/vendor/laravel/framework/src/Illuminate/Routing/Router.php(807): Illuminate\\Pipeline\\Pipeline->then()
#30 /var/www/html/school.fsv.io/vendor/laravel/framework/src/Illuminate/Routing/Router.php(784): Illuminate\\Routing\\Router->runRouteWithinStack()
#31 /var/www/html/school.fsv.io/vendor/laravel/framework/src/Illuminate/Routing/Router.php(748): Illuminate\\Routing\\Router->runRoute()
#32 /var/www/html/school.fsv.io/vendor/laravel/framework/src/Illuminate/Routing/Router.php(737): Illuminate\\Routing\\Router->dispatchToRoute()
#33 /var/www/html/school.fsv.io/vendor/laravel/framework/src/Illuminate/Foundation/Http/Kernel.php(200): Illuminate\\Routing\\Router->dispatch()
#34 /var/www/html/school.fsv.io/vendor/laravel/framework/src/Illuminate/Pipeline/Pipeline.php(144): Illuminate\\Foundation\\Http\\Kernel->Illuminate\\Foundation\\Http\\{closure}()
#35 /var/www/html/school.fsv.io/vendor/laravel/framework/src/Illuminate/Foundation/Http/Middleware/TransformsRequest.php(21): Illuminate\\Pipeline\\Pipeline->Illuminate\\Pipeline\\{closure}()
#36 /var/www/html/school.fsv.io/vendor/laravel/framework/src/Illuminate/Foundation/Http/Middleware/ConvertEmptyStringsToNull.php(31): Illuminate\\Foundation\\Http\\Middleware\\TransformsRequest->handle()
#37 /var/www/html/school.fsv.io/vendor/laravel/framework/src/Illuminate/Pipeline/Pipeline.php(183): Illuminate\\Foundation\\Http\\Middleware\\ConvertEmptyStringsToNull->handle()
#38 /var/www/html/school.fsv.io/vendor/laravel/framework/src/Illuminate/Foundation/Http/Middleware/TransformsRequest.php(21): Illuminate\\Pipeline\\Pipeline->Illuminate\\Pipeline\\{closure}()
#39 /var/www/html/school.fsv.io/vendor/laravel/framework/src/Illuminate/Foundation/Http/Middleware/TrimStrings.php(40): Illuminate\\Foundation\\Http\\Middleware\\TransformsRequest->handle()
#40 /var/www/html/school.fsv.io/vendor/laravel/framework/src/Illuminate/Pipeline/Pipeline.php(183): Illuminate\\Foundation\\Http\\Middleware\\TrimStrings->handle()
#41 /var/www/html/school.fsv.io/vendor/laravel/framework/src/Illuminate/Foundation/Http/Middleware/ValidatePostSize.php(27): Illuminate\\Pipeline\\Pipeline->Illuminate\\Pipeline\\{closure}()
#42 /var/www/html/school.fsv.io/vendor/laravel/framework/src/Illuminate/Pipeline/Pipeline.php(183): Illuminate\\Foundation\\Http\\Middleware\\ValidatePostSize->handle()
#43 /var/www/html/school.fsv.io/vendor/laravel/framework/src/Illuminate/Foundation/Http/Middleware/PreventRequestsDuringMaintenance.php(99): Illuminate\\Pipeline\\Pipeline->Illuminate\\Pipeline\\{closure}()
#44 /var/www/html/school.fsv.io/vendor/laravel/framework/src/Illuminate/Pipeline/Pipeline.php(183): Illuminate\\Foundation\\Http\\Middleware\\PreventRequestsDuringMaintenance->handle()
#45 /var/www/html/school.fsv.io/vendor/laravel/framework/src/Illuminate/Http/Middleware/HandleCors.php(49): Illuminate\\Pipeline\\Pipeline->Illuminate\\Pipeline\\{closure}()
#46 /var/www/html/school.fsv.io/vendor/laravel/framework/src/Illuminate/Pipeline/Pipeline.php(183): Illuminate\\Http\\Middleware\\HandleCors->handle()
#47 /var/www/html/school.fsv.io/vendor/laravel/framework/src/Illuminate/Http/Middleware/TrustProxies.php(39): Illuminate\\Pipeline\\Pipeline->Illuminate\\Pipeline\\{closure}()
#48 /var/www/html/school.fsv.io/vendor/laravel/framework/src/Illuminate/Pipeline/Pipeline.php(183): Illuminate\\Http\\Middleware\\TrustProxies->handle()
#49 /var/www/html/school.fsv.io/vendor/laravel/framework/src/Illuminate/Pipeline/Pipeline.php(119): Illuminate\\Pipeline\\Pipeline->Illuminate\\Pipeline\\{closure}()
#50 /var/www/html/school.fsv.io/vendor/laravel/framework/src/Illuminate/Foundation/Http/Kernel.php(175): Illuminate\\Pipeline\\Pipeline->then()
#51 /var/www/html/school.fsv.io/vendor/laravel/framework/src/Illuminate/Foundation/Http/Kernel.php(144): Illuminate\\Foundation\\Http\\Kernel->sendRequestThroughRouter()
#52 /var/www/html/school.fsv.io/public/index.php(52): Illuminate\\Foundation\\Http\\Kernel->handle()
#53 {main}

[previous exception] [object] (ErrorException(code: 0): Attempt to read property \"name\" on null at /var/www/html/school.fsv.io/storage/framework/views/05643661880ddea8a7cb142e2eb47d77.php:7)
[stacktrace]
#0 /var/www/html/school.fsv.io/vendor/laravel/framework/src/Illuminate/Foundation/Bootstrap/HandleExceptions.php(255): Illuminate\\Foundation\\Bootstrap\\HandleExceptions->handleError()
#1 /var/www/html/school.fsv.io/storage/framework/views/05643661880ddea8a7cb142e2eb47d77.php(7): Illuminate\\Foundation\\Bootstrap\\HandleExceptions->Illuminate\\Foundation\\Bootstrap\\{closure}()
#2 /var/www/html/school.fsv.io/vendor/laravel/framework/src/Illuminate/Filesystem/Filesystem.php(123): require('...')
#3 /var/www/html/school.fsv.io/vendor/laravel/framework/src/Illuminate/Filesystem/Filesystem.php(124): Illuminate\\Filesystem\\Filesystem::Illuminate\\Filesystem\\{closure}()
#4 /var/www/html/school.fsv.io/vendor/laravel/framework/src/Illuminate/View/Engines/PhpEngine.php(58): Illuminate\\Filesystem\\Filesystem->getRequire()
#5 /var/www/html/school.fsv.io/vendor/laravel/framework/src/Illuminate/View/Engines/CompilerEngine.php(72): Illuminate\\View\\Engines\\PhpEngine->evaluatePath()
#6 /var/www/html/school.fsv.io/vendor/laravel/framework/src/Illuminate/View/View.php(207): Illuminate\\View\\Engines\\CompilerEngine->get()
#7 /var/www/html/school.fsv.io/vendor/laravel/framework/src/Illuminate/View/View.php(190): Illuminate\\View\\View->getContents()
#8 /var/www/html/school.fsv.io/vendor/laravel/framework/src/Illuminate/View/View.php(159): Illuminate\\View\\View->renderContents()
#9 /var/www/html/school.fsv.io/vendor/laravel/framework/src/Illuminate/Http/Response.php(69): Illuminate\\View\\View->render()
#10 /var/www/html/school.fsv.io/vendor/laravel/framework/src/Illuminate/Http/Response.php(35): Illuminate\\Http\\Response->setContent()
#11 /var/www/html/school.fsv.io/vendor/laravel/framework/src/Illuminate/Routing/Router.php(918): Illuminate\\Http\\Response->__construct()
#12 /var/www/html/school.fsv.io/vendor/laravel/framework/src/Illuminate/Routing/Router.php(885): Illuminate\\Routing\\Router::toResponse()
#13 /var/www/html/school.fsv.io/vendor/laravel/framework/src/Illuminate/Routing/Router.php(806): Illuminate\\Routing\\Router->prepareResponse()
#14 /var/www/html/school.fsv.io/vendor/laravel/framework/src/Illuminate/Pipeline/Pipeline.php(144): Illuminate\\Routing\\Router->Illuminate\\Routing\\{closure}()
#15 /var/www/html/school.fsv.io/vendor/laravel/framework/src/Illuminate/Routing/Middleware/SubstituteBindings.php(50): Illuminate\\Pipeline\\Pipeline->Illuminate\\Pipeline\\{closure}()
#16 /var/www/html/school.fsv.io/vendor/laravel/framework/src/Illuminate/Pipeline/Pipeline.php(183): Illuminate\\Routing\\Middleware\\SubstituteBindings->handle()
#17 /var/www/html/school.fsv.io/vendor/laravel/framework/src/Illuminate/Auth/Middleware/Authenticate.php(57): Illuminate\\Pipeline\\Pipeline->Illuminate\\Pipeline\\{closure}()
#18 /var/www/html/school.fsv.io/vendor/laravel/framework/src/Illuminate/Pipeline/Pipeline.php(183): Illuminate\\Auth\\Middleware\\Authenticate->handle()
#19 /var/www/html/school.fsv.io/vendor/laravel/framework/src/Illuminate/Foundation/Http/Middleware/VerifyCsrfToken.php(78): Illuminate\\Pipeline\\Pipeline->Illuminate\\Pipeline\\{closure}()
#20 /var/www/html/school.fsv.io/vendor/laravel/framework/src/Illuminate/Pipeline/Pipeline.php(183): Illuminate\\Foundation\\Http\\Middleware\\VerifyCsrfToken->handle()
#21 /var/www/html/school.fsv.io/vendor/laravel/framework/src/Illuminate/View/Middleware/ShareErrorsFromSession.php(49): Illuminate\\Pipeline\\Pipeline->Illuminate\\Pipeline\\{closure}()
#22 /var/www/html/school.fsv.io/vendor/laravel/framework/src/Illuminate/Pipeline/Pipeline.php(183): Illuminate\\View\\Middleware\\ShareErrorsFromSession->handle()
#23 /var/www/html/school.fsv.io/vendor/laravel/framework/src/Illuminate/Session/Middleware/StartSession.php(121): Illuminate\\Pipeline\\Pipeline->Illuminate\\Pipeline\\{closure}()
#24 /var/www/html/school.fsv.io/vendor/laravel/framework/src/Illuminate/Session/Middleware/StartSession.php(64): Illuminate\\Session\\Middleware\\StartSession->handleStatefulRequest()
#25 /var/www/html/school.fsv.io/vendor/laravel/framework/src/Illuminate/Pipeline/Pipeline.php(183): Illuminate\\Session\\Middleware\\StartSession->handle()
#26 /var/www/html/school.fsv.io/vendor/laravel/framework/src/Illuminate/Cookie/Middleware/AddQueuedCookiesToResponse.php(37): Illuminate\\Pipeline\\Pipeline->Illuminate\\Pipeline\\{closure}()
#27 /var/www/html/school.fsv.io/vendor/laravel/framework/src/Illuminate/Pipeline/Pipeline.php(183): Illuminate\\Cookie\\Middleware\\AddQueuedCookiesToResponse->handle()
#28 /var/www/html/school.fsv.io/vendor/laravel/framework/src/Illuminate/Cookie/Middleware/EncryptCookies.php(67): Illuminate\\Pipeline\\Pipeline->Illuminate\\Pipeline\\{closure}()
#29 /var/www/html/school.fsv.io/vendor/laravel/framework/src/Illuminate/Pipeline/Pipeline.php(183): Illuminate\\Cookie\\Middleware\\EncryptCookies->handle()
#30 /var/www/html/school.fsv.io/vendor/laravel/framework/src/Illuminate/Pipeline/Pipeline.php(119): Illuminate\\Pipeline\\Pipeline->Illuminate\\Pipeline\\{closure}()
#31 /var/www/html/school.fsv.io/vendor/laravel/framework/src/Illuminate/Routing/Router.php(807): Illuminate\\Pipeline\\Pipeline->then()
#32 /var/www/html/school.fsv.io/vendor/laravel/framework/src/Illuminate/Routing/Router.php(784): Illuminate\\Routing\\Router->runRouteWithinStack()
#33 /var/www/html/school.fsv.io/vendor/laravel/framework/src/Illuminate/Routing/Router.php(748): Illuminate\\Routing\\Router->runRoute()
#34 /var/www/html/school.fsv.io/vendor/laravel/framework/src/Illuminate/Routing/Router.php(737): Illuminate\\Routing\\Router->dispatchToRoute()
#35 /var/www/html/school.fsv.io/vendor/laravel/framework/src/Illuminate/Foundation/Http/Kernel.php(200): Illuminate\\Routing\\Router->dispatch()
#36 /var/www/html/school.fsv.io/vendor/laravel/framework/src/Illuminate/Pipeline/Pipeline.php(144): Illuminate\\Foundation\\Http\\Kernel->Illuminate\\Foundation\\Http\\{closure}()
#37 /var/www/html/school.fsv.io/vendor/laravel/framework/src/Illuminate/Foundation/Http/Middleware/TransformsRequest.php(21): Illuminate\\Pipeline\\Pipeline->Illuminate\\Pipeline\\{closure}()
#38 /var/www/html/school.fsv.io/vendor/laravel/framework/src/Illuminate/Foundation/Http/Middleware/ConvertEmptyStringsToNull.php(31): Illuminate\\Foundation\\Http\\Middleware\\TransformsRequest->handle()
#39 /var/www/html/school.fsv.io/vendor/laravel/framework/src/Illuminate/Pipeline/Pipeline.php(183): Illuminate\\Foundation\\Http\\Middleware\\ConvertEmptyStringsToNull->handle()
#40 /var/www/html/school.fsv.io/vendor/laravel/framework/src/Illuminate/Foundation/Http/Middleware/TransformsRequest.php(21): Illuminate\\Pipeline\\Pipeline->Illuminate\\Pipeline\\{closure}()
#41 /var/www/html/school.fsv.io/vendor/laravel/framework/src/Illuminate/Foundation/Http/Middleware/TrimStrings.php(40): Illuminate\\Foundation\\Http\\Middleware\\TransformsRequest->handle()
#42 /var/www/html/school.fsv.io/vendor/laravel/framework/src/Illuminate/Pipeline/Pipeline.php(183): Illuminate\\Foundation\\Http\\Middleware\\TrimStrings->handle()
#43 /var/www/html/school.fsv.io/vendor/laravel/framework/src/Illuminate/Foundation/Http/Middleware/ValidatePostSize.php(27): Illuminate\\Pipeline\\Pipeline->Illuminate\\Pipeline\\{closure}()
#44 /var/www/html/school.fsv.io/vendor/laravel/framework/src/Illuminate/Pipeline/Pipeline.php(183): Illuminate\\Foundation\\Http\\Middleware\\ValidatePostSize->handle()
#45 /var/www/html/school.fsv.io/vendor/laravel/framework/src/Illuminate/Foundation/Http/Middleware/PreventRequestsDuringMaintenance.php(99): Illuminate\\Pipeline\\Pipeline->Illuminate\\Pipeline\\{closure}()
#46 /var/www/html/school.fsv.io/vendor/laravel/framework/src/Illuminate/Pipeline/Pipeline.php(183): Illuminate\\Foundation\\Http\\Middleware\\PreventRequestsDuringMaintenance->handle()
#47 /var/www/html/school.fsv.io/vendor/laravel/framework/src/Illuminate/Http/Middleware/HandleCors.php(49): Illuminate\\Pipeline\\Pipeline->Illuminate\\Pipeline\\{closure}()
#48 /var/www/html/school.fsv.io/vendor/laravel/framework/src/Illuminate/Pipeline/Pipeline.php(183): Illuminate\\Http\\Middleware\\HandleCors->handle()
#49 /var/www/html/school.fsv.io/vendor/laravel/framework/src/Illuminate/Http/Middleware/TrustProxies.php(39): Illuminate\\Pipeline\\Pipeline->Illuminate\\Pipeline\\{closure}()
#50 /var/www/html/school.fsv.io/vendor/laravel/framework/src/Illuminate/Pipeline/Pipeline.php(183): Illuminate\\Http\\Middleware\\TrustProxies->handle()
#51 /var/www/html/school.fsv.io/vendor/laravel/framework/src/Illuminate/Pipeline/Pipeline.php(119): Illuminate\\Pipeline\\Pipeline->Illuminate\\Pipeline\\{closure}()
#52 /var/www/html/school.fsv.io/vendor/laravel/framework/src/Illuminate/Foundation/Http/Kernel.php(175): Illuminate\\Pipeline\\Pipeline->then()
#53 /var/www/html/school.fsv.io/vendor/laravel/framework/src/Illuminate/Foundation/Http/Kernel.php(144): Illuminate\\Foundation\\Http\\Kernel->sendRequestThroughRouter()
#54 /var/www/html/school.fsv.io/public/index.php(52): Illuminate\\Foundation\\Http\\Kernel->handle()
#55 {main}
"} 
[2025-02-22 19:23:35] local.INFO: select * from `users` where `id` = ? limit 1 [1] 
[2025-02-22 19:23:35] local.INFO: Emergency Chat: Fetching messages  
[2025-02-22 19:23:35] local.INFO: select * from `chat_messages` order by `created_at` asc  
[2025-02-22 19:23:35] local.INFO: select * from `users` where `users`.`id` in (1, 2)  
[2025-02-22 19:23:35] local.INFO: select * from `users` where `id` = ? limit 1 [1] 
[2025-02-22 19:23:35] local.INFO: select * from `rooms`  
[2025-02-22 19:23:35] local.INFO: select * from `users`  
[2025-02-22 19:23:38] local.INFO: select * from `users` where `id` = ? limit 1 [1] 
[2025-02-22 19:23:38] local.INFO: select * from `rooms` where `rooms`.`id` = ? limit 1 ["1"] 
[2025-02-22 19:23:38] local.INFO: select * from `users` where `home_room` is not null and `home_room` = ? ["101"] 
[2025-02-22 19:23:40] local.INFO: select * from `users` where `id` = ? limit 1 [1] 
[2025-02-22 19:23:40] local.INFO: select * from `rooms` where `rooms`.`id` = ? limit 1 ["1"] 
[2025-02-22 19:23:46] local.INFO: select * from `users` where `id` = ? limit 1 [1] 
[2025-02-22 19:23:46] local.INFO: Update request data:  {"_token":"oRjlVxavhFg5HoLNscLSa7zVoHA2tGLzaScSkNoZ","_method":"PUT","status":"sheltered in place","current_occupancy":"4"} 
[2025-02-22 19:23:46] local.INFO: select * from `rooms` where `rooms`.`id` = ? limit 1 ["1"] 
[2025-02-22 19:23:46] local.INFO: Room before update:  {"id":1,"room_full_name":"Classroom_101","room_number":"101","max_capacity":30,"occpd_normal":1,"last_occ_update":null,"evac_zone":"1","room_status":"","room_type":"Classroom","comment":null,"created_at":"2024-10-19T21:08:22.000000Z","updated_at":"2024-10-19T21:08:22.000000Z","current_occupancy":0} 
[2025-02-22 19:23:46] local.ERROR: SQLSTATE[42S22]: Column not found: 1054 Unknown column 'status' in 'field list' (Connection: mysql, SQL: update `rooms` set `current_occupancy` = 4, `status` = sheltered in place, `rooms`.`updated_at` = 2025-02-22 19:23:46 where `id` = 1) {"userId":1,"exception":"[object] (Illuminate\\Database\\QueryException(code: 42S22): SQLSTATE[42S22]: Column not found: 1054 Unknown column 'status' in 'field list' (Connection: mysql, SQL: update `rooms` set `current_occupancy` = 4, `status` = sheltered in place, `rooms`.`updated_at` = 2025-02-22 19:23:46 where `id` = 1) at /var/www/html/school.fsv.io/vendor/laravel/framework/src/Illuminate/Database/Connection.php:829)
[stacktrace]
#0 /var/www/html/school.fsv.io/vendor/laravel/framework/src/Illuminate/Database/Connection.php(783): Illuminate\\Database\\Connection->runQueryCallback()
#1 /var/www/html/school.fsv.io/vendor/laravel/framework/src/Illuminate/Database/Connection.php(619): Illuminate\\Database\\Connection->run()
#2 /var/www/html/school.fsv.io/vendor/laravel/framework/src/Illuminate/Database/Connection.php(552): Illuminate\\Database\\Connection->affectingStatement()
#3 /var/www/html/school.fsv.io/vendor/laravel/framework/src/Illuminate/Database/Query/Builder.php(3603): Illuminate\\Database\\Connection->update()
#4 /var/www/html/school.fsv.io/vendor/laravel/framework/src/Illuminate/Database/Eloquent/Builder.php(1061): Illuminate\\Database\\Query\\Builder->update()
#5 /var/www/html/school.fsv.io/vendor/laravel/framework/src/Illuminate/Database/Eloquent/Model.php(1214): Illuminate\\Database\\Eloquent\\Builder->update()
#6 /var/www/html/school.fsv.io/vendor/laravel/framework/src/Illuminate/Database/Eloquent/Model.php(1131): Illuminate\\Database\\Eloquent\\Model->performUpdate()
#7 /var/www/html/school.fsv.io/app/Http/Controllers/RoomController.php(74): Illuminate\\Database\\Eloquent\\Model->save()
#8 /var/www/html/school.fsv.io/vendor/laravel/framework/src/Illuminate/Routing/Controller.php(54): App\\Http\\Controllers\\RoomController->update()
#9 /var/www/html/school.fsv.io/vendor/laravel/framework/src/Illuminate/Routing/ControllerDispatcher.php(43): Illuminate\\Routing\\Controller->callAction()
#10 /var/www/html/school.fsv.io/vendor/laravel/framework/src/Illuminate/Routing/Route.php(260): Illuminate\\Routing\\ControllerDispatcher->dispatch()
#11 /var/www/html/school.fsv.io/vendor/laravel/framework/src/Illuminate/Routing/Route.php(205): Illuminate\\Routing\\Route->runController()
#12 /var/www/html/school.fsv.io/vendor/laravel/framework/src/Illuminate/Routing/Router.php(806): Illuminate\\Routing\\Route->run()
#13 /var/www/html/school.fsv.io/vendor/laravel/framework/src/Illuminate/Pipeline/Pipeline.php(144): Illuminate\\Routing\\Router->Illuminate\\Routing\\{closure}()
#14 /var/www/html/school.fsv.io/vendor/laravel/framework/src/Illuminate/Routing/Middleware/SubstituteBindings.php(50): Illuminate\\Pipeline\\Pipeline->Illuminate\\Pipeline\\{closure}()
#15 /var/www/html/school.fsv.io/vendor/laravel/framework/src/Illuminate/Pipeline/Pipeline.php(183): Illuminate\\Routing\\Middleware\\SubstituteBindings->handle()
#16 /var/www/html/school.fsv.io/vendor/laravel/framework/src/Illuminate/Auth/Middleware/Authenticate.php(57): Illuminate\\Pipeline\\Pipeline->Illuminate\\Pipeline\\{closure}()
#17 /var/www/html/school.fsv.io/vendor/laravel/framework/src/Illuminate/Pipeline/Pipeline.php(183): Illuminate\\Auth\\Middleware\\Authenticate->handle()
#18 /var/www/html/school.fsv.io/vendor/laravel/framework/src/Illuminate/Foundation/Http/Middleware/VerifyCsrfToken.php(78): Illuminate\\Pipeline\\Pipeline->Illuminate\\Pipeline\\{closure}()
#19 /var/www/html/school.fsv.io/vendor/laravel/framework/src/Illuminate/Pipeline/Pipeline.php(183): Illuminate\\Foundation\\Http\\Middleware\\VerifyCsrfToken->handle()
#20 /var/www/html/school.fsv.io/vendor/laravel/framework/src/Illuminate/View/Middleware/ShareErrorsFromSession.php(49): Illuminate\\Pipeline\\Pipeline->Illuminate\\Pipeline\\{closure}()
#21 /var/www/html/school.fsv.io/vendor/laravel/framework/src/Illuminate/Pipeline/Pipeline.php(183): Illuminate\\View\\Middleware\\ShareErrorsFromSession->handle()
#22 /var/www/html/school.fsv.io/vendor/laravel/framework/src/Illuminate/Session/Middleware/StartSession.php(121): Illuminate\\Pipeline\\Pipeline->Illuminate\\Pipeline\\{closure}()
#23 /var/www/html/school.fsv.io/vendor/laravel/framework/src/Illuminate/Session/Middleware/StartSession.php(64): Illuminate\\Session\\Middleware\\StartSession->handleStatefulRequest()
#24 /var/www/html/school.fsv.io/vendor/laravel/framework/src/Illuminate/Pipeline/Pipeline.php(183): Illuminate\\Session\\Middleware\\StartSession->handle()
#25 /var/www/html/school.fsv.io/vendor/laravel/framework/src/Illuminate/Cookie/Middleware/AddQueuedCookiesToResponse.php(37): Illuminate\\Pipeline\\Pipeline->Illuminate\\Pipeline\\{closure}()
#26 /var/www/html/school.fsv.io/vendor/laravel/framework/src/Illuminate/Pipeline/Pipeline.php(183): Illuminate\\Cookie\\Middleware\\AddQueuedCookiesToResponse->handle()
#27 /var/www/html/school.fsv.io/vendor/laravel/framework/src/Illuminate/Cookie/Middleware/EncryptCookies.php(67): Illuminate\\Pipeline\\Pipeline->Illuminate\\Pipeline\\{closure}()
#28 /var/www/html/school.fsv.io/vendor/laravel/framework/src/Illuminate/Pipeline/Pipeline.php(183): Illuminate\\Cookie\\Middleware\\EncryptCookies->handle()
#29 /var/www/html/school.fsv.io/vendor/laravel/framework/src/Illuminate/Pipeline/Pipeline.php(119): Illuminate\\Pipeline\\Pipeline->Illuminate\\Pipeline\\{closure}()
#30 /var/www/html/school.fsv.io/vendor/laravel/framework/src/Illuminate/Routing/Router.php(807): Illuminate\\Pipeline\\Pipeline->then()
#31 /var/www/html/school.fsv.io/vendor/laravel/framework/src/Illuminate/Routing/Router.php(784): Illuminate\\Routing\\Router->runRouteWithinStack()
#32 /var/www/html/school.fsv.io/vendor/laravel/framework/src/Illuminate/Routing/Router.php(748): Illuminate\\Routing\\Router->runRoute()
#33 /var/www/html/school.fsv.io/vendor/laravel/framework/src/Illuminate/Routing/Router.php(737): Illuminate\\Routing\\Router->dispatchToRoute()
#34 /var/www/html/school.fsv.io/vendor/laravel/framework/src/Illuminate/Foundation/Http/Kernel.php(200): Illuminate\\Routing\\Router->dispatch()
#35 /var/www/html/school.fsv.io/vendor/laravel/framework/src/Illuminate/Pipeline/Pipeline.php(144): Illuminate\\Foundation\\Http\\Kernel->Illuminate\\Foundation\\Http\\{closure}()
#36 /var/www/html/school.fsv.io/vendor/laravel/framework/src/Illuminate/Foundation/Http/Middleware/TransformsRequest.php(21): Illuminate\\Pipeline\\Pipeline->Illuminate\\Pipeline\\{closure}()
#37 /var/www/html/school.fsv.io/vendor/laravel/framework/src/Illuminate/Foundation/Http/Middleware/ConvertEmptyStringsToNull.php(31): Illuminate\\Foundation\\Http\\Middleware\\TransformsRequest->handle()
#38 /var/www/html/school.fsv.io/vendor/laravel/framework/src/Illuminate/Pipeline/Pipeline.php(183): Illuminate\\Foundation\\Http\\Middleware\\ConvertEmptyStringsToNull->handle()
#39 /var/www/html/school.fsv.io/vendor/laravel/framework/src/Illuminate/Foundation/Http/Middleware/TransformsRequest.php(21): Illuminate\\Pipeline\\Pipeline->Illuminate\\Pipeline\\{closure}()
#40 /var/www/html/school.fsv.io/vendor/laravel/framework/src/Illuminate/Foundation/Http/Middleware/TrimStrings.php(40): Illuminate\\Foundation\\Http\\Middleware\\TransformsRequest->handle()
#41 /var/www/html/school.fsv.io/vendor/laravel/framework/src/Illuminate/Pipeline/Pipeline.php(183): Illuminate\\Foundation\\Http\\Middleware\\TrimStrings->handle()
#42 /var/www/html/school.fsv.io/vendor/laravel/framework/src/Illuminate/Foundation/Http/Middleware/ValidatePostSize.php(27): Illuminate\\Pipeline\\Pipeline->Illuminate\\Pipeline\\{closure}()
#43 /var/www/html/school.fsv.io/vendor/laravel/framework/src/Illuminate/Pipeline/Pipeline.php(183): Illuminate\\Foundation\\Http\\Middleware\\ValidatePostSize->handle()
#44 /var/www/html/school.fsv.io/vendor/laravel/framework/src/Illuminate/Foundation/Http/Middleware/PreventRequestsDuringMaintenance.php(99): Illuminate\\Pipeline\\Pipeline->Illuminate\\Pipeline\\{closure}()
#45 /var/www/html/school.fsv.io/vendor/laravel/framework/src/Illuminate/Pipeline/Pipeline.php(183): Illuminate\\Foundation\\Http\\Middleware\\PreventRequestsDuringMaintenance->handle()
#46 /var/www/html/school.fsv.io/vendor/laravel/framework/src/Illuminate/Http/Middleware/HandleCors.php(49): Illuminate\\Pipeline\\Pipeline->Illuminate\\Pipeline\\{closure}()
#47 /var/www/html/school.fsv.io/vendor/laravel/framework/src/Illuminate/Pipeline/Pipeline.php(183): Illuminate\\Http\\Middleware\\HandleCors->handle()
#48 /var/www/html/school.fsv.io/vendor/laravel/framework/src/Illuminate/Http/Middleware/TrustProxies.php(39): Illuminate\\Pipeline\\Pipeline->Illuminate\\Pipeline\\{closure}()
#49 /var/www/html/school.fsv.io/vendor/laravel/framework/src/Illuminate/Pipeline/Pipeline.php(183): Illuminate\\Http\\Middleware\\TrustProxies->handle()
#50 /var/www/html/school.fsv.io/vendor/laravel/framework/src/Illuminate/Pipeline/Pipeline.php(119): Illuminate\\Pipeline\\Pipeline->Illuminate\\Pipeline\\{closure}()
#51 /var/www/html/school.fsv.io/vendor/laravel/framework/src/Illuminate/Foundation/Http/Kernel.php(175): Illuminate\\Pipeline\\Pipeline->then()
#52 /var/www/html/school.fsv.io/vendor/laravel/framework/src/Illuminate/Foundation/Http/Kernel.php(144): Illuminate\\Foundation\\Http\\Kernel->sendRequestThroughRouter()
#53 /var/www/html/school.fsv.io/public/index.php(52): Illuminate\\Foundation\\Http\\Kernel->handle()
#54 {main}

[previous exception] [object] (PDOException(code: 42S22): SQLSTATE[42S22]: Column not found: 1054 Unknown column 'status' in 'field list' at /var/www/html/school.fsv.io/vendor/laravel/framework/src/Illuminate/Database/Connection.php:608)
[stacktrace]
#0 /var/www/html/school.fsv.io/vendor/laravel/framework/src/Illuminate/Database/Connection.php(608): PDO->prepare()
#1 /var/www/html/school.fsv.io/vendor/laravel/framework/src/Illuminate/Database/Connection.php(816): Illuminate\\Database\\Connection->Illuminate\\Database\\{closure}()
#2 /var/www/html/school.fsv.io/vendor/laravel/framework/src/Illuminate/Database/Connection.php(783): Illuminate\\Database\\Connection->runQueryCallback()
#3 /var/www/html/school.fsv.io/vendor/laravel/framework/src/Illuminate/Database/Connection.php(619): Illuminate\\Database\\Connection->run()
#4 /var/www/html/school.fsv.io/vendor/laravel/framework/src/Illuminate/Database/Connection.php(552): Illuminate\\Database\\Connection->affectingStatement()
#5 /var/www/html/school.fsv.io/vendor/laravel/framework/src/Illuminate/Database/Query/Builder.php(3603): Illuminate\\Database\\Connection->update()
#6 /var/www/html/school.fsv.io/vendor/laravel/framework/src/Illuminate/Database/Eloquent/Builder.php(1061): Illuminate\\Database\\Query\\Builder->update()
#7 /var/www/html/school.fsv.io/vendor/laravel/framework/src/Illuminate/Database/Eloquent/Model.php(1214): Illuminate\\Database\\Eloquent\\Builder->update()
#8 /var/www/html/school.fsv.io/vendor/laravel/framework/src/Illuminate/Database/Eloquent/Model.php(1131): Illuminate\\Database\\Eloquent\\Model->performUpdate()
#9 /var/www/html/school.fsv.io/app/Http/Controllers/RoomController.php(74): Illuminate\\Database\\Eloquent\\Model->save()
#10 /var/www/html/school.fsv.io/vendor/laravel/framework/src/Illuminate/Routing/Controller.php(54): App\\Http\\Controllers\\RoomController->update()
#11 /var/www/html/school.fsv.io/vendor/laravel/framework/src/Illuminate/Routing/ControllerDispatcher.php(43): Illuminate\\Routing\\Controller->callAction()
#12 /var/www/html/school.fsv.io/vendor/laravel/framework/src/Illuminate/Routing/Route.php(260): Illuminate\\Routing\\ControllerDispatcher->dispatch()
#13 /var/www/html/school.fsv.io/vendor/laravel/framework/src/Illuminate/Routing/Route.php(205): Illuminate\\Routing\\Route->runController()
#14 /var/www/html/school.fsv.io/vendor/laravel/framework/src/Illuminate/Routing/Router.php(806): Illuminate\\Routing\\Route->run()
#15 /var/www/html/school.fsv.io/vendor/laravel/framework/src/Illuminate/Pipeline/Pipeline.php(144): Illuminate\\Routing\\Router->Illuminate\\Routing\\{closure}()
#16 /var/www/html/school.fsv.io/vendor/laravel/framework/src/Illuminate/Routing/Middleware/SubstituteBindings.php(50): Illuminate\\Pipeline\\Pipeline->Illuminate\\Pipeline\\{closure}()
#17 /var/www/html/school.fsv.io/vendor/laravel/framework/src/Illuminate/Pipeline/Pipeline.php(183): Illuminate\\Routing\\Middleware\\SubstituteBindings->handle()
#18 /var/www/html/school.fsv.io/vendor/laravel/framework/src/Illuminate/Auth/Middleware/Authenticate.php(57): Illuminate\\Pipeline\\Pipeline->Illuminate\\Pipeline\\{closure}()
#19 /var/www/html/school.fsv.io/vendor/laravel/framework/src/Illuminate/Pipeline/Pipeline.php(183): Illuminate\\Auth\\Middleware\\Authenticate->handle()
#20 /var/www/html/school.fsv.io/vendor/laravel/framework/src/Illuminate/Foundation/Http/Middleware/VerifyCsrfToken.php(78): Illuminate\\Pipeline\\Pipeline->Illuminate\\Pipeline\\{closure}()
#21 /var/www/html/school.fsv.io/vendor/laravel/framework/src/Illuminate/Pipeline/Pipeline.php(183): Illuminate\\Foundation\\Http\\Middleware\\VerifyCsrfToken->handle()
#22 /var/www/html/school.fsv.io/vendor/laravel/framework/src/Illuminate/View/Middleware/ShareErrorsFromSession.php(49): Illuminate\\Pipeline\\Pipeline->Illuminate\\Pipeline\\{closure}()
#23 /var/www/html/school.fsv.io/vendor/laravel/framework/src/Illuminate/Pipeline/Pipeline.php(183): Illuminate\\View\\Middleware\\ShareErrorsFromSession->handle()
#24 /var/www/html/school.fsv.io/vendor/laravel/framework/src/Illuminate/Session/Middleware/StartSession.php(121): Illuminate\\Pipeline\\Pipeline->Illuminate\\Pipeline\\{closure}()
#25 /var/www/html/school.fsv.io/vendor/laravel/framework/src/Illuminate/Session/Middleware/StartSession.php(64): Illuminate\\Session\\Middleware\\StartSession->handleStatefulRequest()
#26 /var/www/html/school.fsv.io/vendor/laravel/framework/src/Illuminate/Pipeline/Pipeline.php(183): Illuminate\\Session\\Middleware\\StartSession->handle()
#27 /var/www/html/school.fsv.io/vendor/laravel/framework/src/Illuminate/Cookie/Middleware/AddQueuedCookiesToResponse.php(37): Illuminate\\Pipeline\\Pipeline->Illuminate\\Pipeline\\{closure}()
#28 /var/www/html/school.fsv.io/vendor/laravel/framework/src/Illuminate/Pipeline/Pipeline.php(183): Illuminate\\Cookie\\Middleware\\AddQueuedCookiesToResponse->handle()
#29 /var/www/html/school.fsv.io/vendor/laravel/framework/src/Illuminate/Cookie/Middleware/EncryptCookies.php(67): Illuminate\\Pipeline\\Pipeline->Illuminate\\Pipeline\\{closure}()
#30 /var/www/html/school.fsv.io/vendor/laravel/framework/src/Illuminate/Pipeline/Pipeline.php(183): Illuminate\\Cookie\\Middleware\\EncryptCookies->handle()
#31 /var/www/html/school.fsv.io/vendor/laravel/framework/src/Illuminate/Pipeline/Pipeline.php(119): Illuminate\\Pipeline\\Pipeline->Illuminate\\Pipeline\\{closure}()
#32 /var/www/html/school.fsv.io/vendor/laravel/framework/src/Illuminate/Routing/Router.php(807): Illuminate\\Pipeline\\Pipeline->then()
#33 /var/www/html/school.fsv.io/vendor/laravel/framework/src/Illuminate/Routing/Router.php(784): Illuminate\\Routing\\Router->runRouteWithinStack()
#34 /var/www/html/school.fsv.io/vendor/laravel/framework/src/Illuminate/Routing/Router.php(748): Illuminate\\Routing\\Router->runRoute()
#35 /var/www/html/school.fsv.io/vendor/laravel/framework/src/Illuminate/Routing/Router.php(737): Illuminate\\Routing\\Router->dispatchToRoute()
#36 /var/www/html/school.fsv.io/vendor/laravel/framework/src/Illuminate/Foundation/Http/Kernel.php(200): Illuminate\\Routing\\Router->dispatch()
#37 /var/www/html/school.fsv.io/vendor/laravel/framework/src/Illuminate/Pipeline/Pipeline.php(144): Illuminate\\Foundation\\Http\\Kernel->Illuminate\\Foundation\\Http\\{closure}()
#38 /var/www/html/school.fsv.io/vendor/laravel/framework/src/Illuminate/Foundation/Http/Middleware/TransformsRequest.php(21): Illuminate\\Pipeline\\Pipeline->Illuminate\\Pipeline\\{closure}()
#39 /var/www/html/school.fsv.io/vendor/laravel/framework/src/Illuminate/Foundation/Http/Middleware/ConvertEmptyStringsToNull.php(31): Illuminate\\Foundation\\Http\\Middleware\\TransformsRequest->handle()
#40 /var/www/html/school.fsv.io/vendor/laravel/framework/src/Illuminate/Pipeline/Pipeline.php(183): Illuminate\\Foundation\\Http\\Middleware\\ConvertEmptyStringsToNull->handle()
#41 /var/www/html/school.fsv.io/vendor/laravel/framework/src/Illuminate/Foundation/Http/Middleware/TransformsRequest.php(21): Illuminate\\Pipeline\\Pipeline->Illuminate\\Pipeline\\{closure}()
#42 /var/www/html/school.fsv.io/vendor/laravel/framework/src/Illuminate/Foundation/Http/Middleware/TrimStrings.php(40): Illuminate\\Foundation\\Http\\Middleware\\TransformsRequest->handle()
#43 /var/www/html/school.fsv.io/vendor/laravel/framework/src/Illuminate/Pipeline/Pipeline.php(183): Illuminate\\Foundation\\Http\\Middleware\\TrimStrings->handle()
#44 /var/www/html/school.fsv.io/vendor/laravel/framework/src/Illuminate/Foundation/Http/Middleware/ValidatePostSize.php(27): Illuminate\\Pipeline\\Pipeline->Illuminate\\Pipeline\\{closure}()
#45 /var/www/html/school.fsv.io/vendor/laravel/framework/src/Illuminate/Pipeline/Pipeline.php(183): Illuminate\\Foundation\\Http\\Middleware\\ValidatePostSize->handle()
#46 /var/www/html/school.fsv.io/vendor/laravel/framework/src/Illuminate/Foundation/Http/Middleware/PreventRequestsDuringMaintenance.php(99): Illuminate\\Pipeline\\Pipeline->Illuminate\\Pipeline\\{closure}()
#47 /var/www/html/school.fsv.io/vendor/laravel/framework/src/Illuminate/Pipeline/Pipeline.php(183): Illuminate\\Foundation\\Http\\Middleware\\PreventRequestsDuringMaintenance->handle()
#48 /var/www/html/school.fsv.io/vendor/laravel/framework/src/Illuminate/Http/Middleware/HandleCors.php(49): Illuminate\\Pipeline\\Pipeline->Illuminate\\Pipeline\\{closure}()
#49 /var/www/html/school.fsv.io/vendor/laravel/framework/src/Illuminate/Pipeline/Pipeline.php(183): Illuminate\\Http\\Middleware\\HandleCors->handle()
#50 /var/www/html/school.fsv.io/vendor/laravel/framework/src/Illuminate/Http/Middleware/TrustProxies.php(39): Illuminate\\Pipeline\\Pipeline->Illuminate\\Pipeline\\{closure}()
#51 /var/www/html/school.fsv.io/vendor/laravel/framework/src/Illuminate/Pipeline/Pipeline.php(183): Illuminate\\Http\\Middleware\\TrustProxies->handle()
#52 /var/www/html/school.fsv.io/vendor/laravel/framework/src/Illuminate/Pipeline/Pipeline.php(119): Illuminate\\Pipeline\\Pipeline->Illuminate\\Pipeline\\{closure}()
#53 /var/www/html/school.fsv.io/vendor/laravel/framework/src/Illuminate/Foundation/Http/Kernel.php(175): Illuminate\\Pipeline\\Pipeline->then()
#54 /var/www/html/school.fsv.io/vendor/laravel/framework/src/Illuminate/Foundation/Http/Kernel.php(144): Illuminate\\Foundation\\Http\\Kernel->sendRequestThroughRouter()
#55 /var/www/html/school.fsv.io/public/index.php(52): Illuminate\\Foundation\\Http\\Kernel->handle()
#56 {main}
"} 
